CPU Reset (CPU 0)
EAX=00000000 EBX=00000000 ECX=00000000 EDX=00000000
ESI=00000000 EDI=00000000 EBP=00000000 ESP=00000000
EIP=00000000 EFL=00000000 [-------] CPL=0 II=0 A20=0 SMM=0 HLT=0
ES =0000 00000000 00000000 00000000
CS =0000 00000000 00000000 00000000
SS =0000 00000000 00000000 00000000
DS =0000 00000000 00000000 00000000
FS =0000 00000000 00000000 00000000
GS =0000 00000000 00000000 00000000
LDT=0000 00000000 00000000 00000000
TR =0000 00000000 00000000 00000000
GDT=     00000000 00000000
IDT=     00000000 00000000
CR0=00000000 CR2=00000000 CR3=00000000 CR4=00000000
DR0=0000000000000000 DR1=0000000000000000 DR2=0000000000000000 DR3=0000000000000000 
DR6=0000000000000000 DR7=0000000000000000
CCS=00000000 CCD=00000000 CCO=DYNAMIC
EFER=0000000000000000
FCW=0000 FSW=0000 [ST=0] FTW=ff MXCSR=00000000
FPR0=0000000000000000 0000 FPR1=0000000000000000 0000
FPR2=0000000000000000 0000 FPR3=0000000000000000 0000
FPR4=0000000000000000 0000 FPR5=0000000000000000 0000
FPR6=0000000000000000 0000 FPR7=0000000000000000 0000
XMM00=0000000000000000 0000000000000000 XMM01=0000000000000000 0000000000000000
XMM02=0000000000000000 0000000000000000 XMM03=0000000000000000 0000000000000000
XMM04=0000000000000000 0000000000000000 XMM05=0000000000000000 0000000000000000
XMM06=0000000000000000 0000000000000000 XMM07=0000000000000000 0000000000000000
CPU Reset (CPU 0)
EAX=00000000 EBX=00000000 ECX=00000000 EDX=00060fb1
ESI=00000000 EDI=00000000 EBP=00000000 ESP=00000000
EIP=0000fff0 EFL=00000002 [-------] CPL=0 II=0 A20=1 SMM=0 HLT=0
ES =0000 00000000 0000ffff 00009300
CS =f000 ffff0000 0000ffff 00009b00
SS =0000 00000000 0000ffff 00009300
DS =0000 00000000 0000ffff 00009300
FS =0000 00000000 0000ffff 00009300
GS =0000 00000000 0000ffff 00009300
LDT=0000 00000000 0000ffff 00008200
TR =0000 00000000 0000ffff 00008b00
GDT=     00000000 0000ffff
IDT=     00000000 0000ffff
CR0=60000010 CR2=00000000 CR3=00000000 CR4=00000000
DR0=0000000000000000 DR1=0000000000000000 DR2=0000000000000000 DR3=0000000000000000 
DR6=00000000ffff0ff0 DR7=0000000000000400
CCS=00000000 CCD=00000000 CCO=DYNAMIC
EFER=0000000000000000
FCW=037f FSW=0000 [ST=0] FTW=00 MXCSR=00001f80
FPR0=0000000000000000 0000 FPR1=0000000000000000 0000
FPR2=0000000000000000 0000 FPR3=0000000000000000 0000
FPR4=0000000000000000 0000 FPR5=0000000000000000 0000
FPR6=0000000000000000 0000 FPR7=0000000000000000 0000
XMM00=0000000000000000 0000000000000000 XMM01=0000000000000000 0000000000000000
XMM02=0000000000000000 0000000000000000 XMM03=0000000000000000 0000000000000000
XMM04=0000000000000000 0000000000000000 XMM05=0000000000000000 0000000000000000
XMM06=0000000000000000 0000000000000000 XMM07=0000000000000000 0000000000000000
SMM: enter
EAX=00000001 EBX=00000000 ECX=02000000 EDX=02000628
ESI=0000000b EDI=02000000 EBP=00014c40 ESP=00006c5c
EIP=000eaced EFL=00000002 [-------] CPL=0 II=0 A20=1 SMM=0 HLT=0
ES =0010 00000000 ffffffff 00cf9300 DPL=0 DS   [-WA]
CS =0008 00000000 ffffffff 00cf9b00 DPL=0 CS32 [-RA]
SS =0010 00000000 ffffffff 00cf9300 DPL=0 DS   [-WA]
DS =0010 00000000 ffffffff 00cf9300 DPL=0 DS   [-WA]
FS =0010 00000000 ffffffff 00cf9300 DPL=0 DS   [-WA]
GS =0010 00000000 ffffffff 00cf9300 DPL=0 DS   [-WA]
LDT=0000 00000000 0000ffff 00008200 DPL=0 LDT
TR =0000 00000000 0000ffff 00008b00 DPL=0 TSS32-busy
GDT=     000f6180 00000037
IDT=     000f61be 00000000
CR0=00000011 CR2=00000000 CR3=00000000 CR4=00000000
DR0=0000000000000000 DR1=0000000000000000 DR2=0000000000000000 DR3=0000000000000000 
DR6=00000000ffff0ff0 DR7=0000000000000400
CCS=00000080 CCD=00000001 CCO=LOGICB
EFER=0000000000000000
SMM: after RSM
EAX=00000001 EBX=00000000 ECX=02000000 EDX=02000628
ESI=0000000b EDI=02000000 EBP=00014c40 ESP=00006c5c
EIP=000eaced EFL=00000002 [-------] CPL=0 II=0 A20=1 SMM=0 HLT=0
ES =0010 00000000 ffffffff 00c09300 DPL=0 DS   [-WA]
CS =0008 00000000 ffffffff 00c09b00 DPL=0 CS32 [-RA]
SS =0010 00000000 ffffffff 00c09300 DPL=0 DS   [-WA]
DS =0010 00000000 ffffffff 00c09300 DPL=0 DS   [-WA]
FS =0010 00000000 ffffffff 00c09300 DPL=0 DS   [-WA]
GS =0010 00000000 ffffffff 00c09300 DPL=0 DS   [-WA]
LDT=0000 00000000 0000ffff 00008200 DPL=0 LDT
TR =0000 00000000 0000ffff 00008b00 DPL=0 TSS32-busy
GDT=     000f6180 00000037
IDT=     000f61be 00000000
CR0=00000011 CR2=00000000 CR3=00000000 CR4=00000000
DR0=0000000000000000 DR1=0000000000000000 DR2=0000000000000000 DR3=0000000000000000 
DR6=00000000ffff0ff0 DR7=0000000000000400
CCS=00000000 CCD=00000000 CCO=EFLAGS
EFER=0000000000000000
SMM: enter
EAX=000000b5 EBX=000f7b5f ECX=00001234 EDX=00006cff
ESI=00006cb8 EDI=7effec94 EBP=00006c78 ESP=00006c78
EIP=00007b5e EFL=00000006 [-----P-] CPL=0 II=0 A20=1 SMM=0 HLT=0
ES =d980 000d9800 ffffffff 008f9300
CS =f000 000f0000 ffffffff 008f9b00
SS =0000 00000000 ffffffff 008f9300
DS =0000 00000000 ffffffff 008f9300
FS =0000 00000000 ffffffff 008f9300
GS =0000 00000000 ffffffff 008f9300
LDT=0000 00000000 0000ffff 00008200
TR =0000 00000000 0000ffff 00008b00
GDT=     00000000 00000000
IDT=     00000000 000003ff
CR0=00000010 CR2=00000000 CR3=00000000 CR4=00000000
DR0=0000000000000000 DR1=0000000000000000 DR2=0000000000000000 DR3=0000000000000000 
DR6=00000000ffff0ff0 DR7=0000000000000400
CCS=00000004 CCD=00006c78 CCO=EFLAGS
EFER=0000000000000000
SMM: after RSM
EAX=000000b5 EBX=000f7b5f ECX=00001234 EDX=00006cff
ESI=00006cb8 EDI=7effec94 EBP=00006c78 ESP=00006c78
EIP=000f7b5f EFL=00000002 [-------] CPL=0 II=0 A20=1 SMM=0 HLT=0
ES =0010 00000000 ffffffff 00c09300 DPL=0 DS   [-WA]
CS =0008 00000000 ffffffff 00c09b00 DPL=0 CS32 [-RA]
SS =0010 00000000 ffffffff 00c09300 DPL=0 DS   [-WA]
DS =0010 00000000 ffffffff 00c09300 DPL=0 DS   [-WA]
FS =0010 00000000 ffffffff 00c09300 DPL=0 DS   [-WA]
GS =0010 00000000 ffffffff 00c09300 DPL=0 DS   [-WA]
LDT=0000 00000000 0000ffff 00008200 DPL=0 LDT
TR =0000 00000000 0000ffff 00008b00 DPL=0 TSS32-busy
GDT=     000f6180 00000037
IDT=     000f61be 00000000
CR0=00000011 CR2=00000000 CR3=00000000 CR4=00000000
DR0=0000000000000000 DR1=0000000000000000 DR2=0000000000000000 DR3=0000000000000000 
DR6=00000000ffff0ff0 DR7=0000000000000400
CCS=00000000 CCD=00000000 CCO=EFLAGS
EFER=0000000000000000
SMM: enter
EAX=000000b5 EBX=00007b79 ECX=00005678 EDX=7efe8e80
ESI=000e8a40 EDI=7effec94 EBP=00006c78 ESP=00006c78
EIP=000f7b78 EFL=00000012 [----A--] CPL=0 II=0 A20=1 SMM=0 HLT=0
ES =0010 00000000 ffffffff 00c09300 DPL=0 DS   [-WA]
CS =0008 00000000 ffffffff 00c09b00 DPL=0 CS32 [-RA]
SS =0010 00000000 ffffffff 00c09300 DPL=0 DS   [-WA]
DS =0010 00000000 ffffffff 00c09300 DPL=0 DS   [-WA]
FS =0010 00000000 ffffffff 00c09300 DPL=0 DS   [-WA]
GS =0010 00000000 ffffffff 00c09300 DPL=0 DS   [-WA]
LDT=0000 00000000 0000ffff 00008200 DPL=0 LDT
TR =0000 00000000 0000ffff 00008b00 DPL=0 TSS32-busy
GDT=     000f6180 00000037
IDT=     000f61be 00000000
CR0=00000011 CR2=00000000 CR3=00000000 CR4=00000000
DR0=0000000000000000 DR1=0000000000000000 DR2=0000000000000000 DR3=0000000000000000 
DR6=00000000ffff0ff0 DR7=0000000000000400
CCS=00000010 CCD=00006c64 CCO=EFLAGS
EFER=0000000000000000
SMM: after RSM
EAX=000000b5 EBX=00007b79 ECX=00005678 EDX=7efe8e80
ESI=000e8a40 EDI=7effec94 EBP=00006c78 ESP=00006c78
EIP=00007b79 EFL=00000006 [-----P-] CPL=0 II=0 A20=1 SMM=0 HLT=0
ES =d980 000d9800 ffffffff 00809300
CS =f000 000f0000 ffffffff 00809b00
SS =0000 00000000 ffffffff 00809300
DS =0000 00000000 ffffffff 00809300
FS =0000 00000000 ffffffff 00809300
GS =0000 00000000 ffffffff 00809300
LDT=0000 00000000 0000ffff 00008200
TR =0000 00000000 0000ffff 00008b00
GDT=     00000000 00000000
IDT=     00000000 000003ff
CR0=00000010 CR2=00000000 CR3=00000000 CR4=00000000
DR0=0000000000000000 DR1=0000000000000000 DR2=0000000000000000 DR3=0000000000000000 
DR6=00000000ffff0ff0 DR7=0000000000000400
CCS=00000004 CCD=00000001 CCO=EFLAGS
EFER=0000000000000000
SMM: enter
EAX=000000b5 EBX=000f7b5f ECX=00001234 EDX=000069ff
ESI=0000699a EDI=7effec94 EBP=0000695a ESP=0000695a
EIP=00007b5e EFL=00000006 [-----P-] CPL=0 II=0 A20=1 SMM=0 HLT=0
ES =d980 000d9800 ffffffff 008f9300
CS =f000 000f0000 ffffffff 008f9b00
SS =0000 00000000 ffffffff 008f9300
DS =0000 00000000 ffffffff 008f9300
FS =0000 00000000 ffffffff 008f9300
GS =ca00 000ca000 ffffffff 008f9300
LDT=0000 00000000 0000ffff 00008200
TR =0000 00000000 0000ffff 00008b00
GDT=     00000000 00000000
IDT=     00000000 000003ff
CR0=00000010 CR2=00000000 CR3=00000000 CR4=00000000
DR0=0000000000000000 DR1=0000000000000000 DR2=0000000000000000 DR3=0000000000000000 
DR6=00000000ffff0ff0 DR7=0000000000000400
CCS=00000004 CCD=0000695a CCO=EFLAGS
EFER=0000000000000000
SMM: after RSM
EAX=000000b5 EBX=000f7b5f ECX=00001234 EDX=000069ff
ESI=0000699a EDI=7effec94 EBP=0000695a ESP=0000695a
EIP=000f7b5f EFL=00000002 [-------] CPL=0 II=0 A20=1 SMM=0 HLT=0
ES =0010 00000000 ffffffff 00c09300 DPL=0 DS   [-WA]
CS =0008 00000000 ffffffff 00c09b00 DPL=0 CS32 [-RA]
SS =0010 00000000 ffffffff 00c09300 DPL=0 DS   [-WA]
DS =0010 00000000 ffffffff 00c09300 DPL=0 DS   [-WA]
FS =0010 00000000 ffffffff 00c09300 DPL=0 DS   [-WA]
GS =0010 00000000 ffffffff 00c09300 DPL=0 DS   [-WA]
LDT=0000 00000000 0000ffff 00008200 DPL=0 LDT
TR =0000 00000000 0000ffff 00008b00 DPL=0 TSS32-busy
GDT=     000f6180 00000037
IDT=     000f61be 00000000
CR0=00000011 CR2=00000000 CR3=00000000 CR4=00000000
DR0=0000000000000000 DR1=0000000000000000 DR2=0000000000000000 DR3=0000000000000000 
DR6=00000000ffff0ff0 DR7=0000000000000400
CCS=00000000 CCD=00000000 CCO=EFLAGS
EFER=0000000000000000
SMM: enter
EAX=000000b5 EBX=00007b79 ECX=00005678 EDX=00000005
ESI=00000000 EDI=7effec94 EBP=0000695a ESP=0000695a
EIP=000f7b78 EFL=00000012 [----A--] CPL=0 II=0 A20=1 SMM=0 HLT=0
ES =0010 00000000 ffffffff 00c09300 DPL=0 DS   [-WA]
CS =0008 00000000 ffffffff 00c09b00 DPL=0 CS32 [-RA]
SS =0010 00000000 ffffffff 00c09300 DPL=0 DS   [-WA]
DS =0010 00000000 ffffffff 00c09300 DPL=0 DS   [-WA]
FS =0010 00000000 ffffffff 00c09300 DPL=0 DS   [-WA]
GS =0010 00000000 ffffffff 00c09300 DPL=0 DS   [-WA]
LDT=0000 00000000 0000ffff 00008200 DPL=0 LDT
TR =0000 00000000 0000ffff 00008b00 DPL=0 TSS32-busy
GDT=     000f6180 00000037
IDT=     000f61be 00000000
CR0=00000011 CR2=00000000 CR3=00000000 CR4=00000000
DR0=0000000000000000 DR1=0000000000000000 DR2=0000000000000000 DR3=0000000000000000 
DR6=00000000ffff0ff0 DR7=0000000000000400
CCS=00000010 CCD=00006946 CCO=EFLAGS
EFER=0000000000000000
SMM: after RSM
EAX=000000b5 EBX=00007b79 ECX=00005678 EDX=00000005
ESI=00000000 EDI=7effec94 EBP=0000695a ESP=0000695a
EIP=00007b79 EFL=00000006 [-----P-] CPL=0 II=0 A20=1 SMM=0 HLT=0
ES =d980 000d9800 ffffffff 00809300
CS =f000 000f0000 ffffffff 00809b00
SS =0000 00000000 ffffffff 00809300
DS =0000 00000000 ffffffff 00809300
FS =0000 00000000 ffffffff 00809300
GS =ca00 000ca000 ffffffff 00809300
LDT=0000 00000000 0000ffff 00008200
TR =0000 00000000 0000ffff 00008b00
GDT=     00000000 00000000
IDT=     00000000 000003ff
CR0=00000010 CR2=00000000 CR3=00000000 CR4=00000000
DR0=0000000000000000 DR1=0000000000000000 DR2=0000000000000000 DR3=0000000000000000 
DR6=00000000ffff0ff0 DR7=0000000000000400
CCS=00000004 CCD=00000001 CCO=EFLAGS
EFER=0000000000000000
SMM: enter
EAX=000000b5 EBX=000f7b5f ECX=00001234 EDX=000069ff
ESI=00006994 EDI=7effec94 EBP=00006954 ESP=00006954
EIP=00007b5e EFL=00000002 [-------] CPL=0 II=0 A20=1 SMM=0 HLT=0
ES =d980 000d9800 ffffffff 00809300
CS =f000 000f0000 ffffffff 00809b00
SS =0000 00000000 ffffffff 00809300
DS =0000 00000000 ffffffff 00809300
FS =0000 00000000 ffffffff 00809300
GS =ca00 000ca000 ffffffff 00809300
LDT=0000 00000000 0000ffff 00008200
TR =0000 00000000 0000ffff 00008b00
GDT=     00000000 00000000
IDT=     00000000 000003ff
CR0=00000010 CR2=00000000 CR3=00000000 CR4=00000000
DR0=0000000000000000 DR1=0000000000000000 DR2=0000000000000000 DR3=0000000000000000 
DR6=00000000ffff0ff0 DR7=0000000000000400
CCS=00000000 CCD=00006954 CCO=EFLAGS
EFER=0000000000000000
SMM: after RSM
EAX=000000b5 EBX=000f7b5f ECX=00001234 EDX=000069ff
ESI=00006994 EDI=7effec94 EBP=00006954 ESP=00006954
EIP=000f7b5f EFL=00000002 [-------] CPL=0 II=0 A20=1 SMM=0 HLT=0
ES =0010 00000000 ffffffff 00c09300 DPL=0 DS   [-WA]
CS =0008 00000000 ffffffff 00c09b00 DPL=0 CS32 [-RA]
SS =0010 00000000 ffffffff 00c09300 DPL=0 DS   [-WA]
DS =0010 00000000 ffffffff 00c09300 DPL=0 DS   [-WA]
FS =0010 00000000 ffffffff 00c09300 DPL=0 DS   [-WA]
GS =0010 00000000 ffffffff 00c09300 DPL=0 DS   [-WA]
LDT=0000 00000000 0000ffff 00008200 DPL=0 LDT
TR =0000 00000000 0000ffff 00008b00 DPL=0 TSS32-busy
GDT=     000f6180 00000037
IDT=     000f61be 00000000
CR0=00000011 CR2=00000000 CR3=00000000 CR4=00000000
DR0=0000000000000000 DR1=0000000000000000 DR2=0000000000000000 DR3=0000000000000000 
DR6=00000000ffff0ff0 DR7=0000000000000400
CCS=00000000 CCD=00000000 CCO=EFLAGS
EFER=0000000000000000
SMM: enter
EAX=000000b5 EBX=00007b79 ECX=00005678 EDX=00000003
ESI=7efcf250 EDI=7effec94 EBP=00006954 ESP=00006954
EIP=000f7b78 EFL=00000012 [----A--] CPL=0 II=0 A20=1 SMM=0 HLT=0
ES =0010 00000000 ffffffff 00c09300 DPL=0 DS   [-WA]
CS =0008 00000000 ffffffff 00c09b00 DPL=0 CS32 [-RA]
SS =0010 00000000 ffffffff 00c09300 DPL=0 DS   [-WA]
DS =0010 00000000 ffffffff 00c09300 DPL=0 DS   [-WA]
FS =0010 00000000 ffffffff 00c09300 DPL=0 DS   [-WA]
GS =0010 00000000 ffffffff 00c09300 DPL=0 DS   [-WA]
LDT=0000 00000000 0000ffff 00008200 DPL=0 LDT
TR =0000 00000000 0000ffff 00008b00 DPL=0 TSS32-busy
GDT=     000f6180 00000037
IDT=     000f61be 00000000
CR0=00000011 CR2=00000000 CR3=00000000 CR4=00000000
DR0=0000000000000000 DR1=0000000000000000 DR2=0000000000000000 DR3=0000000000000000 
DR6=00000000ffff0ff0 DR7=0000000000000400
CCS=00000010 CCD=00006940 CCO=EFLAGS
EFER=0000000000000000
SMM: after RSM
EAX=000000b5 EBX=00007b79 ECX=00005678 EDX=00000003
ESI=7efcf250 EDI=7effec94 EBP=00006954 ESP=00006954
EIP=00007b79 EFL=00000002 [-------] CPL=0 II=0 A20=1 SMM=0 HLT=0
ES =d980 000d9800 ffffffff 00809300
CS =f000 000f0000 ffffffff 00809b00
SS =0000 00000000 ffffffff 00809300
DS =0000 00000000 ffffffff 00809300
FS =0000 00000000 ffffffff 00809300
GS =ca00 000ca000 ffffffff 00809300
LDT=0000 00000000 0000ffff 00008200
TR =0000 00000000 0000ffff 00008b00
GDT=     00000000 00000000
IDT=     00000000 000003ff
CR0=00000010 CR2=00000000 CR3=00000000 CR4=00000000
DR0=0000000000000000 DR1=0000000000000000 DR2=0000000000000000 DR3=0000000000000000 
DR6=00000000ffff0ff0 DR7=0000000000000400
CCS=00000000 CCD=00000001 CCO=EFLAGS
EFER=0000000000000000
SMM: enter
EAX=000000b5 EBX=000f7b5f ECX=00001234 EDX=000069ff
ESI=0000699a EDI=7effec94 EBP=0000695a ESP=0000695a
EIP=00007b5e EFL=00000006 [-----P-] CPL=0 II=0 A20=1 SMM=0 HLT=0
ES =d980 000d9800 ffffffff 00809300
CS =f000 000f0000 ffffffff 00809b00
SS =0000 00000000 ffffffff 00809300
DS =0000 00000000 ffffffff 00809300
FS =0000 00000000 ffffffff 00809300
GS =ca00 000ca000 ffffffff 00809300
LDT=0000 00000000 0000ffff 00008200
TR =0000 00000000 0000ffff 00008b00
GDT=     00000000 00000000
IDT=     00000000 000003ff
CR0=00000010 CR2=00000000 CR3=00000000 CR4=00000000
DR0=0000000000000000 DR1=0000000000000000 DR2=0000000000000000 DR3=0000000000000000 
DR6=00000000ffff0ff0 DR7=0000000000000400
CCS=00000004 CCD=0000695a CCO=EFLAGS
EFER=0000000000000000
SMM: after RSM
EAX=000000b5 EBX=000f7b5f ECX=00001234 EDX=000069ff
ESI=0000699a EDI=7effec94 EBP=0000695a ESP=0000695a
EIP=000f7b5f EFL=00000002 [-------] CPL=0 II=0 A20=1 SMM=0 HLT=0
ES =0010 00000000 ffffffff 00c09300 DPL=0 DS   [-WA]
CS =0008 00000000 ffffffff 00c09b00 DPL=0 CS32 [-RA]
SS =0010 00000000 ffffffff 00c09300 DPL=0 DS   [-WA]
DS =0010 00000000 ffffffff 00c09300 DPL=0 DS   [-WA]
FS =0010 00000000 ffffffff 00c09300 DPL=0 DS   [-WA]
GS =0010 00000000 ffffffff 00c09300 DPL=0 DS   [-WA]
LDT=0000 00000000 0000ffff 00008200 DPL=0 LDT
TR =0000 00000000 0000ffff 00008b00 DPL=0 TSS32-busy
GDT=     000f6180 00000037
IDT=     000f61be 00000000
CR0=00000011 CR2=00000000 CR3=00000000 CR4=00000000
DR0=0000000000000000 DR1=0000000000000000 DR2=0000000000000000 DR3=0000000000000000 
DR6=00000000ffff0ff0 DR7=0000000000000400
CCS=00000000 CCD=00000000 CCO=EFLAGS
EFER=0000000000000000
SMM: enter
EAX=000000b5 EBX=00007b79 ECX=00005678 EDX=00000005
ESI=00000000 EDI=7effec94 EBP=0000695a ESP=0000695a
EIP=000f7b78 EFL=00000012 [----A--] CPL=0 II=0 A20=1 SMM=0 HLT=0
ES =0010 00000000 ffffffff 00c09300 DPL=0 DS   [-WA]
CS =0008 00000000 ffffffff 00c09b00 DPL=0 CS32 [-RA]
SS =0010 00000000 ffffffff 00c09300 DPL=0 DS   [-WA]
DS =0010 00000000 ffffffff 00c09300 DPL=0 DS   [-WA]
FS =0010 00000000 ffffffff 00c09300 DPL=0 DS   [-WA]
GS =0010 00000000 ffffffff 00c09300 DPL=0 DS   [-WA]
LDT=0000 00000000 0000ffff 00008200 DPL=0 LDT
TR =0000 00000000 0000ffff 00008b00 DPL=0 TSS32-busy
GDT=     000f6180 00000037
IDT=     000f61be 00000000
CR0=00000011 CR2=00000000 CR3=00000000 CR4=00000000
DR0=0000000000000000 DR1=0000000000000000 DR2=0000000000000000 DR3=0000000000000000 
DR6=00000000ffff0ff0 DR7=0000000000000400
CCS=00000010 CCD=00006946 CCO=EFLAGS
EFER=0000000000000000
SMM: after RSM
EAX=000000b5 EBX=00007b79 ECX=00005678 EDX=00000005
ESI=00000000 EDI=7effec94 EBP=0000695a ESP=0000695a
EIP=00007b79 EFL=00000006 [-----P-] CPL=0 II=0 A20=1 SMM=0 HLT=0
ES =d980 000d9800 ffffffff 00809300
CS =f000 000f0000 ffffffff 00809b00
SS =0000 00000000 ffffffff 00809300
DS =0000 00000000 ffffffff 00809300
FS =0000 00000000 ffffffff 00809300
GS =ca00 000ca000 ffffffff 00809300
LDT=0000 00000000 0000ffff 00008200
TR =0000 00000000 0000ffff 00008b00
GDT=     00000000 00000000
IDT=     00000000 000003ff
CR0=00000010 CR2=00000000 CR3=00000000 CR4=00000000
DR0=0000000000000000 DR1=0000000000000000 DR2=0000000000000000 DR3=0000000000000000 
DR6=00000000ffff0ff0 DR7=0000000000000400
CCS=00000004 CCD=00000001 CCO=EFLAGS
EFER=0000000000000000
SMM: enter
EAX=000000b5 EBX=000f7b5f ECX=00001234 EDX=000069ff
ESI=00006994 EDI=7effec94 EBP=00006954 ESP=00006954
EIP=00007b5e EFL=00000002 [-------] CPL=0 II=0 A20=1 SMM=0 HLT=0
ES =d980 000d9800 ffffffff 00809300
CS =f000 000f0000 ffffffff 00809b00
SS =0000 00000000 ffffffff 00809300
DS =0000 00000000 ffffffff 00809300
FS =0000 00000000 ffffffff 00809300
GS =ca00 000ca000 ffffffff 00809300
LDT=0000 00000000 0000ffff 00008200
TR =0000 00000000 0000ffff 00008b00
GDT=     00000000 00000000
IDT=     00000000 000003ff
CR0=00000010 CR2=00000000 CR3=00000000 CR4=00000000
DR0=0000000000000000 DR1=0000000000000000 DR2=0000000000000000 DR3=0000000000000000 
DR6=00000000ffff0ff0 DR7=0000000000000400
CCS=00000000 CCD=00006954 CCO=EFLAGS
EFER=0000000000000000
SMM: after RSM
EAX=000000b5 EBX=000f7b5f ECX=00001234 EDX=000069ff
ESI=00006994 EDI=7effec94 EBP=00006954 ESP=00006954
EIP=000f7b5f EFL=00000002 [-------] CPL=0 II=0 A20=1 SMM=0 HLT=0
ES =0010 00000000 ffffffff 00c09300 DPL=0 DS   [-WA]
CS =0008 00000000 ffffffff 00c09b00 DPL=0 CS32 [-RA]
SS =0010 00000000 ffffffff 00c09300 DPL=0 DS   [-WA]
DS =0010 00000000 ffffffff 00c09300 DPL=0 DS   [-WA]
FS =0010 00000000 ffffffff 00c09300 DPL=0 DS   [-WA]
GS =0010 00000000 ffffffff 00c09300 DPL=0 DS   [-WA]
LDT=0000 00000000 0000ffff 00008200 DPL=0 LDT
TR =0000 00000000 0000ffff 00008b00 DPL=0 TSS32-busy
GDT=     000f6180 00000037
IDT=     000f61be 00000000
CR0=00000011 CR2=00000000 CR3=00000000 CR4=00000000
DR0=0000000000000000 DR1=0000000000000000 DR2=0000000000000000 DR3=0000000000000000 
DR6=00000000ffff0ff0 DR7=0000000000000400
CCS=00000000 CCD=00000000 CCO=EFLAGS
EFER=0000000000000000
SMM: enter
EAX=000000b5 EBX=00007b79 ECX=00005678 EDX=00000003
ESI=7ef0f250 EDI=7effec94 EBP=00006954 ESP=00006954
EIP=000f7b78 EFL=00000012 [----A--] CPL=0 II=0 A20=1 SMM=0 HLT=0
ES =0010 00000000 ffffffff 00c09300 DPL=0 DS   [-WA]
CS =0008 00000000 ffffffff 00c09b00 DPL=0 CS32 [-RA]
SS =0010 00000000 ffffffff 00c09300 DPL=0 DS   [-WA]
DS =0010 00000000 ffffffff 00c09300 DPL=0 DS   [-WA]
FS =0010 00000000 ffffffff 00c09300 DPL=0 DS   [-WA]
GS =0010 00000000 ffffffff 00c09300 DPL=0 DS   [-WA]
LDT=0000 00000000 0000ffff 00008200 DPL=0 LDT
TR =0000 00000000 0000ffff 00008b00 DPL=0 TSS32-busy
GDT=     000f6180 00000037
IDT=     000f61be 00000000
CR0=00000011 CR2=00000000 CR3=00000000 CR4=00000000
DR0=0000000000000000 DR1=0000000000000000 DR2=0000000000000000 DR3=0000000000000000 
DR6=00000000ffff0ff0 DR7=0000000000000400
CCS=00000010 CCD=00006940 CCO=EFLAGS
EFER=0000000000000000
SMM: after RSM
EAX=000000b5 EBX=00007b79 ECX=00005678 EDX=00000003
ESI=7ef0f250 EDI=7effec94 EBP=00006954 ESP=00006954
EIP=00007b79 EFL=00000002 [-------] CPL=0 II=0 A20=1 SMM=0 HLT=0
ES =d980 000d9800 ffffffff 00809300
CS =f000 000f0000 ffffffff 00809b00
SS =0000 00000000 ffffffff 00809300
DS =0000 00000000 ffffffff 00809300
FS =0000 00000000 ffffffff 00809300
GS =ca00 000ca000 ffffffff 00809300
LDT=0000 00000000 0000ffff 00008200
TR =0000 00000000 0000ffff 00008b00
GDT=     00000000 00000000
IDT=     00000000 000003ff
CR0=00000010 CR2=00000000 CR3=00000000 CR4=00000000
DR0=0000000000000000 DR1=0000000000000000 DR2=0000000000000000 DR3=0000000000000000 
DR6=00000000ffff0ff0 DR7=0000000000000400
CCS=00000000 CCD=00000001 CCO=EFLAGS
EFER=0000000000000000
Servicing hardware INT=0x0e
Servicing hardware INT=0x0e
Servicing hardware INT=0x08
Servicing hardware INT=0x0e
Servicing hardware INT=0x0e
Servicing hardware INT=0x0e
Servicing hardware INT=0x0e
Servicing hardware INT=0x08
Servicing hardware INT=0x08
Servicing hardware INT=0x08
Servicing hardware INT=0x08
Servicing hardware INT=0x08
Servicing hardware INT=0x08
Servicing hardware INT=0x08
Servicing hardware INT=0x20
     0: v=20 e=0000 i=0 cpl=0 IP=0008:0000000000100190 pc=0000000000100190 SP=0010:0000000000107f80 env->regs[R_EAX]=0000000000000000
RAX=0000000000000000 RBX=0000000000000000 RCX=000000000000002f RDX=0000000000000021
RSI=000000000000000a RDI=0000000000000021 RBP=0000000000107ff0 RSP=0000000000107f80
R8 =00000000000000cf R9 =0000000000000000 R10=0000000000000000 R11=0000000000000000
R12=0000000000000000 R13=0000000000000000 R14=0000000000000000 R15=0000000000000000
RIP=0000000000100190 RFL=00000216 [----AP-] CPL=0 II=0 A20=1 SMM=0 HLT=0
ES =0010 0000000000000000 ffffffff 00cf9300 DPL=0 DS   [-WA]
CS =0008 0000000000000000 ffffffff 00af9a00 DPL=0 CS64 [-R-]
SS =0010 0000000000000000 ffffffff 00cf9300 DPL=0 DS   [-WA]
DS =0010 0000000000000000 ffffffff 00cf9300 DPL=0 DS   [-WA]
FS =0010 0000000000000000 ffffffff 00cf9300 DPL=0 DS   [-WA]
GS =0010 0000000000000000 ffffffff 00cf9300 DPL=0 DS   [-WA]
LDT=0000 0000000000000000 0000ffff 00008200 DPL=0 LDT
TR =0000 0000000000000000 0000ffff 00008b00 DPL=0 TSS64-busy
GDT=     00000000001918c0 00000017
IDT=     00000000001900a0 00000fff
CR0=80000011 CR2=0000000000000000 CR3=0000000000104000 CR4=00000020
DR0=0000000000000000 DR1=0000000000000000 DR2=0000000000000000 DR3=0000000000000000 
DR6=00000000ffff0ff0 DR7=0000000000000400
CCS=0000000000000008 CCD=0000000000107f48 CCO=SUBQ
EFER=0000000000000500
Servicing hardware INT=0x20
     1: v=20 e=0000 i=0 cpl=0 IP=0008:00000000001015d5 pc=00000000001015d5 SP=0010:0000000000107f58 env->regs[R_EAX]=0000000000000000
RAX=0000000000000000 RBX=0000000000000000 RCX=000000000000005d RDX=00000000000003d5
RSI=0000000000000050 RDI=0000000000000096 RBP=0000000000107f70 RSP=0000000000107f58
R8 =00000000000000cf R9 =0000000000000000 R10=0000000000000000 R11=0000000000000000
R12=0000000000000000 R13=0000000000000000 R14=0000000000000000 R15=0000000000000000
RIP=00000000001015d5 RFL=00000293 [--S-A-C] CPL=0 II=0 A20=1 SMM=0 HLT=0
ES =0010 0000000000000000 ffffffff 00cf9300 DPL=0 DS   [-WA]
CS =0008 0000000000000000 ffffffff 00af9a00 DPL=0 CS64 [-R-]
SS =0010 0000000000000000 ffffffff 00cf9300 DPL=0 DS   [-WA]
DS =0010 0000000000000000 ffffffff 00cf9300 DPL=0 DS   [-WA]
FS =0010 0000000000000000 ffffffff 00cf9300 DPL=0 DS   [-WA]
GS =0010 0000000000000000 ffffffff 00cf9300 DPL=0 DS   [-WA]
LDT=0000 0000000000000000 0000ffff 00008200 DPL=0 LDT
TR =0000 0000000000000000 0000ffff 00008b00 DPL=0 TSS64-busy
GDT=     00000000001918c0 00000017
IDT=     00000000001900a0 00000fff
CR0=80000011 CR2=0000000000000000 CR3=0000000000104000 CR4=00000020
DR0=0000000000000000 DR1=0000000000000000 DR2=0000000000000000 DR3=0000000000000000 
DR6=00000000ffff0ff0 DR7=0000000000000400
CCS=0000000000000091 CCD=fffffffffffffff1 CCO=EFLAGS
EFER=0000000000000500
Servicing hardware INT=0x20
     2: v=20 e=0000 i=0 cpl=0 IP=0008:00000000001015d5 pc=00000000001015d5 SP=0010:0000000000107f58 env->regs[R_EAX]=0000000000000001
RAX=0000000000000001 RBX=0000000000000000 RCX=000000000000005d RDX=00000000000003d5
RSI=0000000000000050 RDI=0000000000000096 RBP=0000000000107f70 RSP=0000000000107f58
R8 =00000000000000cf R9 =0000000000000000 R10=0000000000000000 R11=0000000000000000
R12=0000000000000000 R13=0000000000000000 R14=0000000000000000 R15=0000000000000000
RIP=00000000001015d5 RFL=00000293 [--S-A-C] CPL=0 II=0 A20=1 SMM=0 HLT=0
ES =0010 0000000000000000 ffffffff 00cf9300 DPL=0 DS   [-WA]
CS =0008 0000000000000000 ffffffff 00af9a00 DPL=0 CS64 [-R-]
SS =0010 0000000000000000 ffffffff 00cf9300 DPL=0 DS   [-WA]
DS =0010 0000000000000000 ffffffff 00cf9300 DPL=0 DS   [-WA]
FS =0010 0000000000000000 ffffffff 00cf9300 DPL=0 DS   [-WA]
GS =0010 0000000000000000 ffffffff 00cf9300 DPL=0 DS   [-WA]
LDT=0000 0000000000000000 0000ffff 00008200 DPL=0 LDT
TR =0000 0000000000000000 0000ffff 00008b00 DPL=0 TSS64-busy
GDT=     00000000001918c0 00000017
IDT=     00000000001900a0 00000fff
CR0=80000011 CR2=0000000000000000 CR3=0000000000104000 CR4=00000020
DR0=0000000000000000 DR1=0000000000000000 DR2=0000000000000000 DR3=0000000000000000 
DR6=00000000ffff0ff0 DR7=0000000000000400
CCS=0000000000000091 CCD=fffffffffffffff2 CCO=EFLAGS
EFER=0000000000000500
Servicing hardware INT=0x20
     3: v=20 e=0000 i=0 cpl=0 IP=0008:00000000001015d5 pc=00000000001015d5 SP=0010:0000000000107f58 env->regs[R_EAX]=0000000000000002
RAX=0000000000000002 RBX=0000000000000000 RCX=000000000000005d RDX=00000000000003d5
RSI=0000000000000050 RDI=0000000000000096 RBP=0000000000107f70 RSP=0000000000107f58
R8 =00000000000000cf R9 =0000000000000000 R10=0000000000000000 R11=0000000000000000
R12=0000000000000000 R13=0000000000000000 R14=0000000000000000 R15=0000000000000000
RIP=00000000001015d5 RFL=00000297 [--S-APC] CPL=0 II=0 A20=1 SMM=0 HLT=0
ES =0010 0000000000000000 ffffffff 00cf9300 DPL=0 DS   [-WA]
CS =0008 0000000000000000 ffffffff 00af9a00 DPL=0 CS64 [-R-]
SS =0010 0000000000000000 ffffffff 00cf9300 DPL=0 DS   [-WA]
DS =0010 0000000000000000 ffffffff 00cf9300 DPL=0 DS   [-WA]
FS =0010 0000000000000000 ffffffff 00cf9300 DPL=0 DS   [-WA]
GS =0010 0000000000000000 ffffffff 00cf9300 DPL=0 DS   [-WA]
LDT=0000 0000000000000000 0000ffff 00008200 DPL=0 LDT
TR =0000 0000000000000000 0000ffff 00008b00 DPL=0 TSS64-busy
GDT=     00000000001918c0 00000017
IDT=     00000000001900a0 00000fff
CR0=80000011 CR2=0000000000000000 CR3=0000000000104000 CR4=00000020
DR0=0000000000000000 DR1=0000000000000000 DR2=0000000000000000 DR3=0000000000000000 
DR6=00000000ffff0ff0 DR7=0000000000000400
CCS=0000000000000095 CCD=fffffffffffffff3 CCO=EFLAGS
EFER=0000000000000500
Servicing hardware INT=0x20
     4: v=20 e=0000 i=0 cpl=0 IP=0008:00000000001015d5 pc=00000000001015d5 SP=0010:0000000000107f58 env->regs[R_EAX]=0000000000000003
RAX=0000000000000003 RBX=0000000000000000 RCX=000000000000005d RDX=00000000000003d5
RSI=0000000000000050 RDI=0000000000000096 RBP=0000000000107f70 RSP=0000000000107f58
R8 =00000000000000cf R9 =0000000000000000 R10=0000000000000000 R11=0000000000000000
R12=0000000000000000 R13=0000000000000000 R14=0000000000000000 R15=0000000000000000
RIP=00000000001015d5 RFL=00000293 [--S-A-C] CPL=0 II=0 A20=1 SMM=0 HLT=0
ES =0010 0000000000000000 ffffffff 00cf9300 DPL=0 DS   [-WA]
CS =0008 0000000000000000 ffffffff 00af9a00 DPL=0 CS64 [-R-]
SS =0010 0000000000000000 ffffffff 00cf9300 DPL=0 DS   [-WA]
DS =0010 0000000000000000 ffffffff 00cf9300 DPL=0 DS   [-WA]
FS =0010 0000000000000000 ffffffff 00cf9300 DPL=0 DS   [-WA]
GS =0010 0000000000000000 ffffffff 00cf9300 DPL=0 DS   [-WA]
LDT=0000 0000000000000000 0000ffff 00008200 DPL=0 LDT
TR =0000 0000000000000000 0000ffff 00008b00 DPL=0 TSS64-busy
GDT=     00000000001918c0 00000017
IDT=     00000000001900a0 00000fff
CR0=80000011 CR2=0000000000000000 CR3=0000000000104000 CR4=00000020
DR0=0000000000000000 DR1=0000000000000000 DR2=0000000000000000 DR3=0000000000000000 
DR6=00000000ffff0ff0 DR7=0000000000000400
CCS=0000000000000091 CCD=fffffffffffffff4 CCO=EFLAGS
EFER=0000000000000500
Servicing hardware INT=0x20
     5: v=20 e=0000 i=0 cpl=0 IP=0008:00000000001015d5 pc=00000000001015d5 SP=0010:0000000000107f58 env->regs[R_EAX]=0000000000000004
RAX=0000000000000004 RBX=0000000000000000 RCX=000000000000005d RDX=00000000000003d5
RSI=0000000000000050 RDI=0000000000000096 RBP=0000000000107f70 RSP=0000000000107f58
R8 =00000000000000cf R9 =0000000000000000 R10=0000000000000000 R11=0000000000000000
R12=0000000000000000 R13=0000000000000000 R14=0000000000000000 R15=0000000000000000
RIP=00000000001015d5 RFL=00000297 [--S-APC] CPL=0 II=0 A20=1 SMM=0 HLT=0
ES =0010 0000000000000000 ffffffff 00cf9300 DPL=0 DS   [-WA]
CS =0008 0000000000000000 ffffffff 00af9a00 DPL=0 CS64 [-R-]
SS =0010 0000000000000000 ffffffff 00cf9300 DPL=0 DS   [-WA]
DS =0010 0000000000000000 ffffffff 00cf9300 DPL=0 DS   [-WA]
FS =0010 0000000000000000 ffffffff 00cf9300 DPL=0 DS   [-WA]
GS =0010 0000000000000000 ffffffff 00cf9300 DPL=0 DS   [-WA]
LDT=0000 0000000000000000 0000ffff 00008200 DPL=0 LDT
TR =0000 0000000000000000 0000ffff 00008b00 DPL=0 TSS64-busy
GDT=     00000000001918c0 00000017
IDT=     00000000001900a0 00000fff
CR0=80000011 CR2=0000000000000000 CR3=0000000000104000 CR4=00000020
DR0=0000000000000000 DR1=0000000000000000 DR2=0000000000000000 DR3=0000000000000000 
DR6=00000000ffff0ff0 DR7=0000000000000400
CCS=0000000000000095 CCD=fffffffffffffff5 CCO=EFLAGS
EFER=0000000000000500
Servicing hardware INT=0x20
     6: v=20 e=0000 i=0 cpl=0 IP=0008:00000000001015d5 pc=00000000001015d5 SP=0010:0000000000107f58 env->regs[R_EAX]=0000000000000005
RAX=0000000000000005 RBX=0000000000000000 RCX=000000000000005d RDX=00000000000003d5
RSI=0000000000000050 RDI=0000000000000096 RBP=0000000000107f70 RSP=0000000000107f58
R8 =00000000000000cf R9 =0000000000000000 R10=0000000000000000 R11=0000000000000000
R12=0000000000000000 R13=0000000000000000 R14=0000000000000000 R15=0000000000000000
RIP=00000000001015d5 RFL=00000297 [--S-APC] CPL=0 II=0 A20=1 SMM=0 HLT=0
ES =0010 0000000000000000 ffffffff 00cf9300 DPL=0 DS   [-WA]
CS =0008 0000000000000000 ffffffff 00af9a00 DPL=0 CS64 [-R-]
SS =0010 0000000000000000 ffffffff 00cf9300 DPL=0 DS   [-WA]
DS =0010 0000000000000000 ffffffff 00cf9300 DPL=0 DS   [-WA]
FS =0010 0000000000000000 ffffffff 00cf9300 DPL=0 DS   [-WA]
GS =0010 0000000000000000 ffffffff 00cf9300 DPL=0 DS   [-WA]
LDT=0000 0000000000000000 0000ffff 00008200 DPL=0 LDT
TR =0000 0000000000000000 0000ffff 00008b00 DPL=0 TSS64-busy
GDT=     00000000001918c0 00000017
IDT=     00000000001900a0 00000fff
CR0=80000011 CR2=0000000000000000 CR3=0000000000104000 CR4=00000020
DR0=0000000000000000 DR1=0000000000000000 DR2=0000000000000000 DR3=0000000000000000 
DR6=00000000ffff0ff0 DR7=0000000000000400
CCS=0000000000000095 CCD=fffffffffffffff6 CCO=EFLAGS
EFER=0000000000000500
Servicing hardware INT=0x20
     7: v=20 e=0000 i=0 cpl=0 IP=0008:00000000001015d5 pc=00000000001015d5 SP=0010:0000000000107f58 env->regs[R_EAX]=0000000000000006
RAX=0000000000000006 RBX=0000000000000000 RCX=000000000000005d RDX=00000000000003d5
RSI=0000000000000050 RDI=0000000000000096 RBP=0000000000107f70 RSP=0000000000107f58
R8 =00000000000000cf R9 =0000000000000000 R10=0000000000000000 R11=0000000000000000
R12=0000000000000000 R13=0000000000000000 R14=0000000000000000 R15=0000000000000000
RIP=00000000001015d5 RFL=00000293 [--S-A-C] CPL=0 II=0 A20=1 SMM=0 HLT=0
ES =0010 0000000000000000 ffffffff 00cf9300 DPL=0 DS   [-WA]
CS =0008 0000000000000000 ffffffff 00af9a00 DPL=0 CS64 [-R-]
SS =0010 0000000000000000 ffffffff 00cf9300 DPL=0 DS   [-WA]
DS =0010 0000000000000000 ffffffff 00cf9300 DPL=0 DS   [-WA]
FS =0010 0000000000000000 ffffffff 00cf9300 DPL=0 DS   [-WA]
GS =0010 0000000000000000 ffffffff 00cf9300 DPL=0 DS   [-WA]
LDT=0000 0000000000000000 0000ffff 00008200 DPL=0 LDT
TR =0000 0000000000000000 0000ffff 00008b00 DPL=0 TSS64-busy
GDT=     00000000001918c0 00000017
IDT=     00000000001900a0 00000fff
CR0=80000011 CR2=0000000000000000 CR3=0000000000104000 CR4=00000020
DR0=0000000000000000 DR1=0000000000000000 DR2=0000000000000000 DR3=0000000000000000 
DR6=00000000ffff0ff0 DR7=0000000000000400
CCS=0000000000000091 CCD=fffffffffffffff7 CCO=EFLAGS
EFER=0000000000000500
Servicing hardware INT=0x20
     8: v=20 e=0000 i=0 cpl=0 IP=0008:00000000001015d5 pc=00000000001015d5 SP=0010:0000000000107f58 env->regs[R_EAX]=0000000000000007
RAX=0000000000000007 RBX=0000000000000000 RCX=000000000000005d RDX=00000000000003d5
RSI=0000000000000050 RDI=0000000000000096 RBP=0000000000107f70 RSP=0000000000107f58
R8 =00000000000000cf R9 =0000000000000000 R10=0000000000000000 R11=0000000000000000
R12=0000000000000000 R13=0000000000000000 R14=0000000000000000 R15=0000000000000000
RIP=00000000001015d5 RFL=00000293 [--S-A-C] CPL=0 II=0 A20=1 SMM=0 HLT=0
ES =0010 0000000000000000 ffffffff 00cf9300 DPL=0 DS   [-WA]
CS =0008 0000000000000000 ffffffff 00af9a00 DPL=0 CS64 [-R-]
SS =0010 0000000000000000 ffffffff 00cf9300 DPL=0 DS   [-WA]
DS =0010 0000000000000000 ffffffff 00cf9300 DPL=0 DS   [-WA]
FS =0010 0000000000000000 ffffffff 00cf9300 DPL=0 DS   [-WA]
GS =0010 0000000000000000 ffffffff 00cf9300 DPL=0 DS   [-WA]
LDT=0000 0000000000000000 0000ffff 00008200 DPL=0 LDT
TR =0000 0000000000000000 0000ffff 00008b00 DPL=0 TSS64-busy
GDT=     00000000001918c0 00000017
IDT=     00000000001900a0 00000fff
CR0=80000011 CR2=0000000000000000 CR3=0000000000104000 CR4=00000020
DR0=0000000000000000 DR1=0000000000000000 DR2=0000000000000000 DR3=0000000000000000 
DR6=00000000ffff0ff0 DR7=0000000000000400
CCS=0000000000000091 CCD=fffffffffffffff8 CCO=EFLAGS
EFER=0000000000000500
Servicing hardware INT=0x20
     9: v=20 e=0000 i=0 cpl=0 IP=0008:00000000001015d5 pc=00000000001015d5 SP=0010:0000000000107f58 env->regs[R_EAX]=0000000000000008
RAX=0000000000000008 RBX=0000000000000000 RCX=000000000000005d RDX=00000000000003d5
RSI=0000000000000050 RDI=0000000000000096 RBP=0000000000107f70 RSP=0000000000107f58
R8 =00000000000000cf R9 =0000000000000000 R10=0000000000000000 R11=0000000000000000
R12=0000000000000000 R13=0000000000000000 R14=0000000000000000 R15=0000000000000000
RIP=00000000001015d5 RFL=00000297 [--S-APC] CPL=0 II=0 A20=1 SMM=0 HLT=0
ES =0010 0000000000000000 ffffffff 00cf9300 DPL=0 DS   [-WA]
CS =0008 0000000000000000 ffffffff 00af9a00 DPL=0 CS64 [-R-]
SS =0010 0000000000000000 ffffffff 00cf9300 DPL=0 DS   [-WA]
DS =0010 0000000000000000 ffffffff 00cf9300 DPL=0 DS   [-WA]
FS =0010 0000000000000000 ffffffff 00cf9300 DPL=0 DS   [-WA]
GS =0010 0000000000000000 ffffffff 00cf9300 DPL=0 DS   [-WA]
LDT=0000 0000000000000000 0000ffff 00008200 DPL=0 LDT
TR =0000 0000000000000000 0000ffff 00008b00 DPL=0 TSS64-busy
GDT=     00000000001918c0 00000017
IDT=     00000000001900a0 00000fff
CR0=80000011 CR2=0000000000000000 CR3=0000000000104000 CR4=00000020
DR0=0000000000000000 DR1=0000000000000000 DR2=0000000000000000 DR3=0000000000000000 
DR6=00000000ffff0ff0 DR7=0000000000000400
CCS=0000000000000095 CCD=fffffffffffffff9 CCO=EFLAGS
EFER=0000000000000500
Servicing hardware INT=0x20
    10: v=20 e=0000 i=0 cpl=0 IP=0008:00000000001015d5 pc=00000000001015d5 SP=0010:0000000000107f58 env->regs[R_EAX]=0000000000000009
RAX=0000000000000009 RBX=0000000000000000 RCX=000000000000005d RDX=00000000000003d5
RSI=0000000000000050 RDI=0000000000000096 RBP=0000000000107f70 RSP=0000000000107f58
R8 =00000000000000cf R9 =0000000000000000 R10=0000000000000000 R11=0000000000000000
R12=0000000000000000 R13=0000000000000000 R14=0000000000000000 R15=0000000000000000
RIP=00000000001015d5 RFL=00000297 [--S-APC] CPL=0 II=0 A20=1 SMM=0 HLT=0
ES =0010 0000000000000000 ffffffff 00cf9300 DPL=0 DS   [-WA]
CS =0008 0000000000000000 ffffffff 00af9a00 DPL=0 CS64 [-R-]
SS =0010 0000000000000000 ffffffff 00cf9300 DPL=0 DS   [-WA]
DS =0010 0000000000000000 ffffffff 00cf9300 DPL=0 DS   [-WA]
FS =0010 0000000000000000 ffffffff 00cf9300 DPL=0 DS   [-WA]
GS =0010 0000000000000000 ffffffff 00cf9300 DPL=0 DS   [-WA]
LDT=0000 0000000000000000 0000ffff 00008200 DPL=0 LDT
TR =0000 0000000000000000 0000ffff 00008b00 DPL=0 TSS64-busy
GDT=     00000000001918c0 00000017
IDT=     00000000001900a0 00000fff
CR0=80000011 CR2=0000000000000000 CR3=0000000000104000 CR4=00000020
DR0=0000000000000000 DR1=0000000000000000 DR2=0000000000000000 DR3=0000000000000000 
DR6=00000000ffff0ff0 DR7=0000000000000400
CCS=0000000000000095 CCD=fffffffffffffffa CCO=EFLAGS
EFER=0000000000000500
Servicing hardware INT=0x20
    11: v=20 e=0000 i=0 cpl=0 IP=0008:00000000001015d5 pc=00000000001015d5 SP=0010:0000000000107f58 env->regs[R_EAX]=000000000000000a
RAX=000000000000000a RBX=0000000000000000 RCX=000000000000005d RDX=00000000000003d5
RSI=0000000000000050 RDI=0000000000000096 RBP=0000000000107f70 RSP=0000000000107f58
R8 =00000000000000cf R9 =0000000000000000 R10=0000000000000000 R11=0000000000000000
R12=0000000000000000 R13=0000000000000000 R14=0000000000000000 R15=0000000000000000
RIP=00000000001015d5 RFL=00000293 [--S-A-C] CPL=0 II=0 A20=1 SMM=0 HLT=0
ES =0010 0000000000000000 ffffffff 00cf9300 DPL=0 DS   [-WA]
CS =0008 0000000000000000 ffffffff 00af9a00 DPL=0 CS64 [-R-]
SS =0010 0000000000000000 ffffffff 00cf9300 DPL=0 DS   [-WA]
DS =0010 0000000000000000 ffffffff 00cf9300 DPL=0 DS   [-WA]
FS =0010 0000000000000000 ffffffff 00cf9300 DPL=0 DS   [-WA]
GS =0010 0000000000000000 ffffffff 00cf9300 DPL=0 DS   [-WA]
LDT=0000 0000000000000000 0000ffff 00008200 DPL=0 LDT
TR =0000 0000000000000000 0000ffff 00008b00 DPL=0 TSS64-busy
GDT=     00000000001918c0 00000017
IDT=     00000000001900a0 00000fff
CR0=80000011 CR2=0000000000000000 CR3=0000000000104000 CR4=00000020
DR0=0000000000000000 DR1=0000000000000000 DR2=0000000000000000 DR3=0000000000000000 
DR6=00000000ffff0ff0 DR7=0000000000000400
CCS=0000000000000091 CCD=fffffffffffffffb CCO=EFLAGS
EFER=0000000000000500
Servicing hardware INT=0x20
    12: v=20 e=0000 i=0 cpl=0 IP=0008:00000000001015d5 pc=00000000001015d5 SP=0010:0000000000107f58 env->regs[R_EAX]=000000000000000b
RAX=000000000000000b RBX=0000000000000000 RCX=000000000000005d RDX=00000000000003d5
RSI=0000000000000050 RDI=0000000000000096 RBP=0000000000107f70 RSP=0000000000107f58
R8 =00000000000000cf R9 =0000000000000000 R10=0000000000000000 R11=0000000000000000
R12=0000000000000000 R13=0000000000000000 R14=0000000000000000 R15=0000000000000000
RIP=00000000001015d5 RFL=00000297 [--S-APC] CPL=0 II=0 A20=1 SMM=0 HLT=0
ES =0010 0000000000000000 ffffffff 00cf9300 DPL=0 DS   [-WA]
CS =0008 0000000000000000 ffffffff 00af9a00 DPL=0 CS64 [-R-]
SS =0010 0000000000000000 ffffffff 00cf9300 DPL=0 DS   [-WA]
DS =0010 0000000000000000 ffffffff 00cf9300 DPL=0 DS   [-WA]
FS =0010 0000000000000000 ffffffff 00cf9300 DPL=0 DS   [-WA]
GS =0010 0000000000000000 ffffffff 00cf9300 DPL=0 DS   [-WA]
LDT=0000 0000000000000000 0000ffff 00008200 DPL=0 LDT
TR =0000 0000000000000000 0000ffff 00008b00 DPL=0 TSS64-busy
GDT=     00000000001918c0 00000017
IDT=     00000000001900a0 00000fff
CR0=80000011 CR2=0000000000000000 CR3=0000000000104000 CR4=00000020
DR0=0000000000000000 DR1=0000000000000000 DR2=0000000000000000 DR3=0000000000000000 
DR6=00000000ffff0ff0 DR7=0000000000000400
CCS=0000000000000095 CCD=fffffffffffffffc CCO=EFLAGS
EFER=0000000000000500
Servicing hardware INT=0x20
    13: v=20 e=0000 i=0 cpl=0 IP=0008:00000000001015d5 pc=00000000001015d5 SP=0010:0000000000107f58 env->regs[R_EAX]=000000000000000c
RAX=000000000000000c RBX=0000000000000000 RCX=000000000000005d RDX=00000000000003d5
RSI=0000000000000050 RDI=0000000000000096 RBP=0000000000107f70 RSP=0000000000107f58
R8 =00000000000000cf R9 =0000000000000000 R10=0000000000000000 R11=0000000000000000
R12=0000000000000000 R13=0000000000000000 R14=0000000000000000 R15=0000000000000000
RIP=00000000001015d5 RFL=00000293 [--S-A-C] CPL=0 II=0 A20=1 SMM=0 HLT=0
ES =0010 0000000000000000 ffffffff 00cf9300 DPL=0 DS   [-WA]
CS =0008 0000000000000000 ffffffff 00af9a00 DPL=0 CS64 [-R-]
SS =0010 0000000000000000 ffffffff 00cf9300 DPL=0 DS   [-WA]
DS =0010 0000000000000000 ffffffff 00cf9300 DPL=0 DS   [-WA]
FS =0010 0000000000000000 ffffffff 00cf9300 DPL=0 DS   [-WA]
GS =0010 0000000000000000 ffffffff 00cf9300 DPL=0 DS   [-WA]
LDT=0000 0000000000000000 0000ffff 00008200 DPL=0 LDT
TR =0000 0000000000000000 0000ffff 00008b00 DPL=0 TSS64-busy
GDT=     00000000001918c0 00000017
IDT=     00000000001900a0 00000fff
CR0=80000011 CR2=0000000000000000 CR3=0000000000104000 CR4=00000020
DR0=0000000000000000 DR1=0000000000000000 DR2=0000000000000000 DR3=0000000000000000 
DR6=00000000ffff0ff0 DR7=0000000000000400
CCS=0000000000000091 CCD=fffffffffffffffd CCO=EFLAGS
EFER=0000000000000500
Servicing hardware INT=0x20
    14: v=20 e=0000 i=0 cpl=0 IP=0008:00000000001015d5 pc=00000000001015d5 SP=0010:0000000000107f58 env->regs[R_EAX]=000000000000000d
RAX=000000000000000d RBX=0000000000000000 RCX=000000000000005d RDX=00000000000003d5
RSI=0000000000000050 RDI=0000000000000096 RBP=0000000000107f70 RSP=0000000000107f58
R8 =00000000000000cf R9 =0000000000000000 R10=0000000000000000 R11=0000000000000000
R12=0000000000000000 R13=0000000000000000 R14=0000000000000000 R15=0000000000000000
RIP=00000000001015d5 RFL=00000293 [--S-A-C] CPL=0 II=0 A20=1 SMM=0 HLT=0
ES =0010 0000000000000000 ffffffff 00cf9300 DPL=0 DS   [-WA]
CS =0008 0000000000000000 ffffffff 00af9a00 DPL=0 CS64 [-R-]
SS =0010 0000000000000000 ffffffff 00cf9300 DPL=0 DS   [-WA]
DS =0010 0000000000000000 ffffffff 00cf9300 DPL=0 DS   [-WA]
FS =0010 0000000000000000 ffffffff 00cf9300 DPL=0 DS   [-WA]
GS =0010 0000000000000000 ffffffff 00cf9300 DPL=0 DS   [-WA]
LDT=0000 0000000000000000 0000ffff 00008200 DPL=0 LDT
TR =0000 0000000000000000 0000ffff 00008b00 DPL=0 TSS64-busy
GDT=     00000000001918c0 00000017
IDT=     00000000001900a0 00000fff
CR0=80000011 CR2=0000000000000000 CR3=0000000000104000 CR4=00000020
DR0=0000000000000000 DR1=0000000000000000 DR2=0000000000000000 DR3=0000000000000000 
DR6=00000000ffff0ff0 DR7=0000000000000400
CCS=0000000000000091 CCD=fffffffffffffffe CCO=EFLAGS
EFER=0000000000000500
Servicing hardware INT=0x20
    15: v=20 e=0000 i=0 cpl=0 IP=0008:00000000001015d5 pc=00000000001015d5 SP=0010:0000000000107f58 env->regs[R_EAX]=000000000000000e
RAX=000000000000000e RBX=0000000000000000 RCX=000000000000005d RDX=00000000000003d5
RSI=0000000000000050 RDI=0000000000000096 RBP=0000000000107f70 RSP=0000000000107f58
R8 =00000000000000cf R9 =0000000000000000 R10=0000000000000000 R11=0000000000000000
R12=0000000000000000 R13=0000000000000000 R14=0000000000000000 R15=0000000000000000
RIP=00000000001015d5 RFL=00000297 [--S-APC] CPL=0 II=0 A20=1 SMM=0 HLT=0
ES =0010 0000000000000000 ffffffff 00cf9300 DPL=0 DS   [-WA]
CS =0008 0000000000000000 ffffffff 00af9a00 DPL=0 CS64 [-R-]
SS =0010 0000000000000000 ffffffff 00cf9300 DPL=0 DS   [-WA]
DS =0010 0000000000000000 ffffffff 00cf9300 DPL=0 DS   [-WA]
FS =0010 0000000000000000 ffffffff 00cf9300 DPL=0 DS   [-WA]
GS =0010 0000000000000000 ffffffff 00cf9300 DPL=0 DS   [-WA]
LDT=0000 0000000000000000 0000ffff 00008200 DPL=0 LDT
TR =0000 0000000000000000 0000ffff 00008b00 DPL=0 TSS64-busy
GDT=     00000000001918c0 00000017
IDT=     00000000001900a0 00000fff
CR0=80000011 CR2=0000000000000000 CR3=0000000000104000 CR4=00000020
DR0=0000000000000000 DR1=0000000000000000 DR2=0000000000000000 DR3=0000000000000000 
DR6=00000000ffff0ff0 DR7=0000000000000400
CCS=0000000000000095 CCD=ffffffffffffffff CCO=EFLAGS
EFER=0000000000000500
Servicing hardware INT=0x20
    16: v=20 e=0000 i=0 cpl=0 IP=0008:00000000001015d5 pc=00000000001015d5 SP=0010:0000000000107f58 env->regs[R_EAX]=0000000000000000
RAX=0000000000000000 RBX=0000000000000000 RCX=000000000000005d RDX=00000000000003d5
RSI=00000000000000a0 RDI=0000000000000096 RBP=0000000000107f70 RSP=0000000000107f58
R8 =00000000000000cf R9 =0000000000000000 R10=0000000000000000 R11=0000000000000000
R12=0000000000000000 R13=0000000000000000 R14=0000000000000000 R15=0000000000000000
RIP=00000000001015d5 RFL=00000293 [--S-A-C] CPL=0 II=0 A20=1 SMM=0 HLT=0
ES =0010 0000000000000000 ffffffff 00cf9300 DPL=0 DS   [-WA]
CS =0008 0000000000000000 ffffffff 00af9a00 DPL=0 CS64 [-R-]
SS =0010 0000000000000000 ffffffff 00cf9300 DPL=0 DS   [-WA]
DS =0010 0000000000000000 ffffffff 00cf9300 DPL=0 DS   [-WA]
FS =0010 0000000000000000 ffffffff 00cf9300 DPL=0 DS   [-WA]
GS =0010 0000000000000000 ffffffff 00cf9300 DPL=0 DS   [-WA]
LDT=0000 0000000000000000 0000ffff 00008200 DPL=0 LDT
TR =0000 0000000000000000 0000ffff 00008b00 DPL=0 TSS64-busy
GDT=     00000000001918c0 00000017
IDT=     00000000001900a0 00000fff
CR0=80000011 CR2=0000000000000000 CR3=0000000000104000 CR4=00000020
DR0=0000000000000000 DR1=0000000000000000 DR2=0000000000000000 DR3=0000000000000000 
DR6=00000000ffff0ff0 DR7=0000000000000400
CCS=0000000000000091 CCD=fffffffffffffff1 CCO=EFLAGS
EFER=0000000000000500
Servicing hardware INT=0x20
    17: v=20 e=0000 i=0 cpl=0 IP=0008:00000000001015d5 pc=00000000001015d5 SP=0010:0000000000107f58 env->regs[R_EAX]=0000000000000001
RAX=0000000000000001 RBX=0000000000000000 RCX=000000000000005d RDX=00000000000003d5
RSI=00000000000000a0 RDI=0000000000000096 RBP=0000000000107f70 RSP=0000000000107f58
R8 =00000000000000cf R9 =0000000000000000 R10=0000000000000000 R11=0000000000000000
R12=0000000000000000 R13=0000000000000000 R14=0000000000000000 R15=0000000000000000
RIP=00000000001015d5 RFL=00000293 [--S-A-C] CPL=0 II=0 A20=1 SMM=0 HLT=0
ES =0010 0000000000000000 ffffffff 00cf9300 DPL=0 DS   [-WA]
CS =0008 0000000000000000 ffffffff 00af9a00 DPL=0 CS64 [-R-]
SS =0010 0000000000000000 ffffffff 00cf9300 DPL=0 DS   [-WA]
DS =0010 0000000000000000 ffffffff 00cf9300 DPL=0 DS   [-WA]
FS =0010 0000000000000000 ffffffff 00cf9300 DPL=0 DS   [-WA]
GS =0010 0000000000000000 ffffffff 00cf9300 DPL=0 DS   [-WA]
LDT=0000 0000000000000000 0000ffff 00008200 DPL=0 LDT
TR =0000 0000000000000000 0000ffff 00008b00 DPL=0 TSS64-busy
GDT=     00000000001918c0 00000017
IDT=     00000000001900a0 00000fff
CR0=80000011 CR2=0000000000000000 CR3=0000000000104000 CR4=00000020
DR0=0000000000000000 DR1=0000000000000000 DR2=0000000000000000 DR3=0000000000000000 
DR6=00000000ffff0ff0 DR7=0000000000000400
CCS=0000000000000091 CCD=fffffffffffffff2 CCO=EFLAGS
EFER=0000000000000500
Servicing hardware INT=0x20
    18: v=20 e=0000 i=0 cpl=0 IP=0008:00000000001015d5 pc=00000000001015d5 SP=0010:0000000000107f58 env->regs[R_EAX]=0000000000000002
RAX=0000000000000002 RBX=0000000000000000 RCX=000000000000005d RDX=00000000000003d5
RSI=00000000000000a0 RDI=0000000000000096 RBP=0000000000107f70 RSP=0000000000107f58
R8 =00000000000000cf R9 =0000000000000000 R10=0000000000000000 R11=0000000000000000
R12=0000000000000000 R13=0000000000000000 R14=0000000000000000 R15=0000000000000000
RIP=00000000001015d5 RFL=00000297 [--S-APC] CPL=0 II=0 A20=1 SMM=0 HLT=0
ES =0010 0000000000000000 ffffffff 00cf9300 DPL=0 DS   [-WA]
CS =0008 0000000000000000 ffffffff 00af9a00 DPL=0 CS64 [-R-]
SS =0010 0000000000000000 ffffffff 00cf9300 DPL=0 DS   [-WA]
DS =0010 0000000000000000 ffffffff 00cf9300 DPL=0 DS   [-WA]
FS =0010 0000000000000000 ffffffff 00cf9300 DPL=0 DS   [-WA]
GS =0010 0000000000000000 ffffffff 00cf9300 DPL=0 DS   [-WA]
LDT=0000 0000000000000000 0000ffff 00008200 DPL=0 LDT
TR =0000 0000000000000000 0000ffff 00008b00 DPL=0 TSS64-busy
GDT=     00000000001918c0 00000017
IDT=     00000000001900a0 00000fff
CR0=80000011 CR2=0000000000000000 CR3=0000000000104000 CR4=00000020
DR0=0000000000000000 DR1=0000000000000000 DR2=0000000000000000 DR3=0000000000000000 
DR6=00000000ffff0ff0 DR7=0000000000000400
CCS=0000000000000095 CCD=fffffffffffffff3 CCO=EFLAGS
EFER=0000000000000500
Servicing hardware INT=0x20
    19: v=20 e=0000 i=0 cpl=0 IP=0008:00000000001015d5 pc=00000000001015d5 SP=0010:0000000000107f58 env->regs[R_EAX]=0000000000000003
RAX=0000000000000003 RBX=0000000000000000 RCX=000000000000005d RDX=00000000000003d5
RSI=00000000000000a0 RDI=0000000000000096 RBP=0000000000107f70 RSP=0000000000107f58
R8 =00000000000000cf R9 =0000000000000000 R10=0000000000000000 R11=0000000000000000
R12=0000000000000000 R13=0000000000000000 R14=0000000000000000 R15=0000000000000000
RIP=00000000001015d5 RFL=00000293 [--S-A-C] CPL=0 II=0 A20=1 SMM=0 HLT=0
ES =0010 0000000000000000 ffffffff 00cf9300 DPL=0 DS   [-WA]
CS =0008 0000000000000000 ffffffff 00af9a00 DPL=0 CS64 [-R-]
SS =0010 0000000000000000 ffffffff 00cf9300 DPL=0 DS   [-WA]
DS =0010 0000000000000000 ffffffff 00cf9300 DPL=0 DS   [-WA]
FS =0010 0000000000000000 ffffffff 00cf9300 DPL=0 DS   [-WA]
GS =0010 0000000000000000 ffffffff 00cf9300 DPL=0 DS   [-WA]
LDT=0000 0000000000000000 0000ffff 00008200 DPL=0 LDT
TR =0000 0000000000000000 0000ffff 00008b00 DPL=0 TSS64-busy
GDT=     00000000001918c0 00000017
IDT=     00000000001900a0 00000fff
CR0=80000011 CR2=0000000000000000 CR3=0000000000104000 CR4=00000020
DR0=0000000000000000 DR1=0000000000000000 DR2=0000000000000000 DR3=0000000000000000 
DR6=00000000ffff0ff0 DR7=0000000000000400
CCS=0000000000000091 CCD=fffffffffffffff4 CCO=EFLAGS
EFER=0000000000000500
Servicing hardware INT=0x20
    20: v=20 e=0000 i=0 cpl=0 IP=0008:00000000001015d5 pc=00000000001015d5 SP=0010:0000000000107f58 env->regs[R_EAX]=0000000000000004
RAX=0000000000000004 RBX=0000000000000000 RCX=000000000000005d RDX=00000000000003d5
RSI=00000000000000a0 RDI=0000000000000096 RBP=0000000000107f70 RSP=0000000000107f58
R8 =00000000000000cf R9 =0000000000000000 R10=0000000000000000 R11=0000000000000000
R12=0000000000000000 R13=0000000000000000 R14=0000000000000000 R15=0000000000000000
RIP=00000000001015d5 RFL=00000297 [--S-APC] CPL=0 II=0 A20=1 SMM=0 HLT=0
ES =0010 0000000000000000 ffffffff 00cf9300 DPL=0 DS   [-WA]
CS =0008 0000000000000000 ffffffff 00af9a00 DPL=0 CS64 [-R-]
SS =0010 0000000000000000 ffffffff 00cf9300 DPL=0 DS   [-WA]
DS =0010 0000000000000000 ffffffff 00cf9300 DPL=0 DS   [-WA]
FS =0010 0000000000000000 ffffffff 00cf9300 DPL=0 DS   [-WA]
GS =0010 0000000000000000 ffffffff 00cf9300 DPL=0 DS   [-WA]
LDT=0000 0000000000000000 0000ffff 00008200 DPL=0 LDT
TR =0000 0000000000000000 0000ffff 00008b00 DPL=0 TSS64-busy
GDT=     00000000001918c0 00000017
IDT=     00000000001900a0 00000fff
CR0=80000011 CR2=0000000000000000 CR3=0000000000104000 CR4=00000020
DR0=0000000000000000 DR1=0000000000000000 DR2=0000000000000000 DR3=0000000000000000 
DR6=00000000ffff0ff0 DR7=0000000000000400
CCS=0000000000000095 CCD=fffffffffffffff5 CCO=EFLAGS
EFER=0000000000000500
Servicing hardware INT=0x20
    21: v=20 e=0000 i=0 cpl=0 IP=0008:00000000001015d5 pc=00000000001015d5 SP=0010:0000000000107f58 env->regs[R_EAX]=0000000000000005
RAX=0000000000000005 RBX=0000000000000000 RCX=000000000000005d RDX=00000000000003d5
RSI=00000000000000a0 RDI=0000000000000096 RBP=0000000000107f70 RSP=0000000000107f58
R8 =00000000000000cf R9 =0000000000000000 R10=0000000000000000 R11=0000000000000000
R12=0000000000000000 R13=0000000000000000 R14=0000000000000000 R15=0000000000000000
RIP=00000000001015d5 RFL=00000297 [--S-APC] CPL=0 II=0 A20=1 SMM=0 HLT=0
ES =0010 0000000000000000 ffffffff 00cf9300 DPL=0 DS   [-WA]
CS =0008 0000000000000000 ffffffff 00af9a00 DPL=0 CS64 [-R-]
SS =0010 0000000000000000 ffffffff 00cf9300 DPL=0 DS   [-WA]
DS =0010 0000000000000000 ffffffff 00cf9300 DPL=0 DS   [-WA]
FS =0010 0000000000000000 ffffffff 00cf9300 DPL=0 DS   [-WA]
GS =0010 0000000000000000 ffffffff 00cf9300 DPL=0 DS   [-WA]
LDT=0000 0000000000000000 0000ffff 00008200 DPL=0 LDT
TR =0000 0000000000000000 0000ffff 00008b00 DPL=0 TSS64-busy
GDT=     00000000001918c0 00000017
IDT=     00000000001900a0 00000fff
CR0=80000011 CR2=0000000000000000 CR3=0000000000104000 CR4=00000020
DR0=0000000000000000 DR1=0000000000000000 DR2=0000000000000000 DR3=0000000000000000 
DR6=00000000ffff0ff0 DR7=0000000000000400
CCS=0000000000000095 CCD=fffffffffffffff6 CCO=EFLAGS
EFER=0000000000000500
Servicing hardware INT=0x20
    22: v=20 e=0000 i=0 cpl=0 IP=0008:00000000001015d5 pc=00000000001015d5 SP=0010:0000000000107f58 env->regs[R_EAX]=0000000000000006
RAX=0000000000000006 RBX=0000000000000000 RCX=000000000000005d RDX=00000000000003d5
RSI=00000000000000a0 RDI=0000000000000096 RBP=0000000000107f70 RSP=0000000000107f58
R8 =00000000000000cf R9 =0000000000000000 R10=0000000000000000 R11=0000000000000000
R12=0000000000000000 R13=0000000000000000 R14=0000000000000000 R15=0000000000000000
RIP=00000000001015d5 RFL=00000293 [--S-A-C] CPL=0 II=0 A20=1 SMM=0 HLT=0
ES =0010 0000000000000000 ffffffff 00cf9300 DPL=0 DS   [-WA]
CS =0008 0000000000000000 ffffffff 00af9a00 DPL=0 CS64 [-R-]
SS =0010 0000000000000000 ffffffff 00cf9300 DPL=0 DS   [-WA]
DS =0010 0000000000000000 ffffffff 00cf9300 DPL=0 DS   [-WA]
FS =0010 0000000000000000 ffffffff 00cf9300 DPL=0 DS   [-WA]
GS =0010 0000000000000000 ffffffff 00cf9300 DPL=0 DS   [-WA]
LDT=0000 0000000000000000 0000ffff 00008200 DPL=0 LDT
TR =0000 0000000000000000 0000ffff 00008b00 DPL=0 TSS64-busy
GDT=     00000000001918c0 00000017
IDT=     00000000001900a0 00000fff
CR0=80000011 CR2=0000000000000000 CR3=0000000000104000 CR4=00000020
DR0=0000000000000000 DR1=0000000000000000 DR2=0000000000000000 DR3=0000000000000000 
DR6=00000000ffff0ff0 DR7=0000000000000400
CCS=0000000000000091 CCD=fffffffffffffff7 CCO=EFLAGS
EFER=0000000000000500
Servicing hardware INT=0x20
    23: v=20 e=0000 i=0 cpl=0 IP=0008:00000000001015d5 pc=00000000001015d5 SP=0010:0000000000107f58 env->regs[R_EAX]=0000000000000007
RAX=0000000000000007 RBX=0000000000000000 RCX=000000000000005d RDX=00000000000003d5
RSI=00000000000000a0 RDI=0000000000000096 RBP=0000000000107f70 RSP=0000000000107f58
R8 =00000000000000cf R9 =0000000000000000 R10=0000000000000000 R11=0000000000000000
R12=0000000000000000 R13=0000000000000000 R14=0000000000000000 R15=0000000000000000
RIP=00000000001015d5 RFL=00000293 [--S-A-C] CPL=0 II=0 A20=1 SMM=0 HLT=0
ES =0010 0000000000000000 ffffffff 00cf9300 DPL=0 DS   [-WA]
CS =0008 0000000000000000 ffffffff 00af9a00 DPL=0 CS64 [-R-]
SS =0010 0000000000000000 ffffffff 00cf9300 DPL=0 DS   [-WA]
DS =0010 0000000000000000 ffffffff 00cf9300 DPL=0 DS   [-WA]
FS =0010 0000000000000000 ffffffff 00cf9300 DPL=0 DS   [-WA]
GS =0010 0000000000000000 ffffffff 00cf9300 DPL=0 DS   [-WA]
LDT=0000 0000000000000000 0000ffff 00008200 DPL=0 LDT
TR =0000 0000000000000000 0000ffff 00008b00 DPL=0 TSS64-busy
GDT=     00000000001918c0 00000017
IDT=     00000000001900a0 00000fff
CR0=80000011 CR2=0000000000000000 CR3=0000000000104000 CR4=00000020
DR0=0000000000000000 DR1=0000000000000000 DR2=0000000000000000 DR3=0000000000000000 
DR6=00000000ffff0ff0 DR7=0000000000000400
CCS=0000000000000091 CCD=fffffffffffffff8 CCO=EFLAGS
EFER=0000000000000500
Servicing hardware INT=0x20
    24: v=20 e=0000 i=0 cpl=0 IP=0008:00000000001015d5 pc=00000000001015d5 SP=0010:0000000000107f58 env->regs[R_EAX]=0000000000000008
RAX=0000000000000008 RBX=0000000000000000 RCX=000000000000005d RDX=00000000000003d5
RSI=00000000000000a0 RDI=0000000000000096 RBP=0000000000107f70 RSP=0000000000107f58
R8 =00000000000000cf R9 =0000000000000000 R10=0000000000000000 R11=0000000000000000
R12=0000000000000000 R13=0000000000000000 R14=0000000000000000 R15=0000000000000000
RIP=00000000001015d5 RFL=00000297 [--S-APC] CPL=0 II=0 A20=1 SMM=0 HLT=0
ES =0010 0000000000000000 ffffffff 00cf9300 DPL=0 DS   [-WA]
CS =0008 0000000000000000 ffffffff 00af9a00 DPL=0 CS64 [-R-]
SS =0010 0000000000000000 ffffffff 00cf9300 DPL=0 DS   [-WA]
DS =0010 0000000000000000 ffffffff 00cf9300 DPL=0 DS   [-WA]
FS =0010 0000000000000000 ffffffff 00cf9300 DPL=0 DS   [-WA]
GS =0010 0000000000000000 ffffffff 00cf9300 DPL=0 DS   [-WA]
LDT=0000 0000000000000000 0000ffff 00008200 DPL=0 LDT
TR =0000 0000000000000000 0000ffff 00008b00 DPL=0 TSS64-busy
GDT=     00000000001918c0 00000017
IDT=     00000000001900a0 00000fff
CR0=80000011 CR2=0000000000000000 CR3=0000000000104000 CR4=00000020
DR0=0000000000000000 DR1=0000000000000000 DR2=0000000000000000 DR3=0000000000000000 
DR6=00000000ffff0ff0 DR7=0000000000000400
CCS=0000000000000095 CCD=fffffffffffffff9 CCO=EFLAGS
EFER=0000000000000500
Servicing hardware INT=0x20
    25: v=20 e=0000 i=0 cpl=0 IP=0008:00000000001015d5 pc=00000000001015d5 SP=0010:0000000000107f58 env->regs[R_EAX]=0000000000000009
RAX=0000000000000009 RBX=0000000000000000 RCX=000000000000005d RDX=00000000000003d5
RSI=00000000000000a0 RDI=0000000000000096 RBP=0000000000107f70 RSP=0000000000107f58
R8 =00000000000000cf R9 =0000000000000000 R10=0000000000000000 R11=0000000000000000
R12=0000000000000000 R13=0000000000000000 R14=0000000000000000 R15=0000000000000000
RIP=00000000001015d5 RFL=00000297 [--S-APC] CPL=0 II=0 A20=1 SMM=0 HLT=0
ES =0010 0000000000000000 ffffffff 00cf9300 DPL=0 DS   [-WA]
CS =0008 0000000000000000 ffffffff 00af9a00 DPL=0 CS64 [-R-]
SS =0010 0000000000000000 ffffffff 00cf9300 DPL=0 DS   [-WA]
DS =0010 0000000000000000 ffffffff 00cf9300 DPL=0 DS   [-WA]
FS =0010 0000000000000000 ffffffff 00cf9300 DPL=0 DS   [-WA]
GS =0010 0000000000000000 ffffffff 00cf9300 DPL=0 DS   [-WA]
LDT=0000 0000000000000000 0000ffff 00008200 DPL=0 LDT
TR =0000 0000000000000000 0000ffff 00008b00 DPL=0 TSS64-busy
GDT=     00000000001918c0 00000017
IDT=     00000000001900a0 00000fff
CR0=80000011 CR2=0000000000000000 CR3=0000000000104000 CR4=00000020
DR0=0000000000000000 DR1=0000000000000000 DR2=0000000000000000 DR3=0000000000000000 
DR6=00000000ffff0ff0 DR7=0000000000000400
CCS=0000000000000095 CCD=fffffffffffffffa CCO=EFLAGS
EFER=0000000000000500
Servicing hardware INT=0x20
    26: v=20 e=0000 i=0 cpl=0 IP=0008:00000000001015d5 pc=00000000001015d5 SP=0010:0000000000107f58 env->regs[R_EAX]=000000000000000a
RAX=000000000000000a RBX=0000000000000000 RCX=000000000000005d RDX=00000000000003d5
RSI=00000000000000a0 RDI=0000000000000096 RBP=0000000000107f70 RSP=0000000000107f58
R8 =00000000000000cf R9 =0000000000000000 R10=0000000000000000 R11=0000000000000000
R12=0000000000000000 R13=0000000000000000 R14=0000000000000000 R15=0000000000000000
RIP=00000000001015d5 RFL=00000293 [--S-A-C] CPL=0 II=0 A20=1 SMM=0 HLT=0
ES =0010 0000000000000000 ffffffff 00cf9300 DPL=0 DS   [-WA]
CS =0008 0000000000000000 ffffffff 00af9a00 DPL=0 CS64 [-R-]
SS =0010 0000000000000000 ffffffff 00cf9300 DPL=0 DS   [-WA]
DS =0010 0000000000000000 ffffffff 00cf9300 DPL=0 DS   [-WA]
FS =0010 0000000000000000 ffffffff 00cf9300 DPL=0 DS   [-WA]
GS =0010 0000000000000000 ffffffff 00cf9300 DPL=0 DS   [-WA]
LDT=0000 0000000000000000 0000ffff 00008200 DPL=0 LDT
TR =0000 0000000000000000 0000ffff 00008b00 DPL=0 TSS64-busy
GDT=     00000000001918c0 00000017
IDT=     00000000001900a0 00000fff
CR0=80000011 CR2=0000000000000000 CR3=0000000000104000 CR4=00000020
DR0=0000000000000000 DR1=0000000000000000 DR2=0000000000000000 DR3=0000000000000000 
DR6=00000000ffff0ff0 DR7=0000000000000400
CCS=0000000000000091 CCD=fffffffffffffffb CCO=EFLAGS
EFER=0000000000000500
Servicing hardware INT=0x20
    27: v=20 e=0000 i=0 cpl=0 IP=0008:00000000001015d5 pc=00000000001015d5 SP=0010:0000000000107f58 env->regs[R_EAX]=000000000000000b
RAX=000000000000000b RBX=0000000000000000 RCX=000000000000005d RDX=00000000000003d5
RSI=00000000000000a0 RDI=0000000000000096 RBP=0000000000107f70 RSP=0000000000107f58
R8 =00000000000000cf R9 =0000000000000000 R10=0000000000000000 R11=0000000000000000
R12=0000000000000000 R13=0000000000000000 R14=0000000000000000 R15=0000000000000000
RIP=00000000001015d5 RFL=00000297 [--S-APC] CPL=0 II=0 A20=1 SMM=0 HLT=0
ES =0010 0000000000000000 ffffffff 00cf9300 DPL=0 DS   [-WA]
CS =0008 0000000000000000 ffffffff 00af9a00 DPL=0 CS64 [-R-]
SS =0010 0000000000000000 ffffffff 00cf9300 DPL=0 DS   [-WA]
DS =0010 0000000000000000 ffffffff 00cf9300 DPL=0 DS   [-WA]
FS =0010 0000000000000000 ffffffff 00cf9300 DPL=0 DS   [-WA]
GS =0010 0000000000000000 ffffffff 00cf9300 DPL=0 DS   [-WA]
LDT=0000 0000000000000000 0000ffff 00008200 DPL=0 LDT
TR =0000 0000000000000000 0000ffff 00008b00 DPL=0 TSS64-busy
GDT=     00000000001918c0 00000017
IDT=     00000000001900a0 00000fff
CR0=80000011 CR2=0000000000000000 CR3=0000000000104000 CR4=00000020
DR0=0000000000000000 DR1=0000000000000000 DR2=0000000000000000 DR3=0000000000000000 
DR6=00000000ffff0ff0 DR7=0000000000000400
CCS=0000000000000095 CCD=fffffffffffffffc CCO=EFLAGS
EFER=0000000000000500
Servicing hardware INT=0x20
    28: v=20 e=0000 i=0 cpl=0 IP=0008:00000000001015d5 pc=00000000001015d5 SP=0010:0000000000107f58 env->regs[R_EAX]=000000000000000c
RAX=000000000000000c RBX=0000000000000000 RCX=000000000000005d RDX=00000000000003d5
RSI=00000000000000a0 RDI=0000000000000096 RBP=0000000000107f70 RSP=0000000000107f58
R8 =00000000000000cf R9 =0000000000000000 R10=0000000000000000 R11=0000000000000000
R12=0000000000000000 R13=0000000000000000 R14=0000000000000000 R15=0000000000000000
RIP=00000000001015d5 RFL=00000293 [--S-A-C] CPL=0 II=0 A20=1 SMM=0 HLT=0
ES =0010 0000000000000000 ffffffff 00cf9300 DPL=0 DS   [-WA]
CS =0008 0000000000000000 ffffffff 00af9a00 DPL=0 CS64 [-R-]
SS =0010 0000000000000000 ffffffff 00cf9300 DPL=0 DS   [-WA]
DS =0010 0000000000000000 ffffffff 00cf9300 DPL=0 DS   [-WA]
FS =0010 0000000000000000 ffffffff 00cf9300 DPL=0 DS   [-WA]
GS =0010 0000000000000000 ffffffff 00cf9300 DPL=0 DS   [-WA]
LDT=0000 0000000000000000 0000ffff 00008200 DPL=0 LDT
TR =0000 0000000000000000 0000ffff 00008b00 DPL=0 TSS64-busy
GDT=     00000000001918c0 00000017
IDT=     00000000001900a0 00000fff
CR0=80000011 CR2=0000000000000000 CR3=0000000000104000 CR4=00000020
DR0=0000000000000000 DR1=0000000000000000 DR2=0000000000000000 DR3=0000000000000000 
DR6=00000000ffff0ff0 DR7=0000000000000400
CCS=0000000000000091 CCD=fffffffffffffffd CCO=EFLAGS
EFER=0000000000000500
Servicing hardware INT=0x20
    29: v=20 e=0000 i=0 cpl=0 IP=0008:00000000001015d5 pc=00000000001015d5 SP=0010:0000000000107f58 env->regs[R_EAX]=000000000000000d
RAX=000000000000000d RBX=0000000000000000 RCX=000000000000005d RDX=00000000000003d5
RSI=00000000000000a0 RDI=0000000000000096 RBP=0000000000107f70 RSP=0000000000107f58
R8 =00000000000000cf R9 =0000000000000000 R10=0000000000000000 R11=0000000000000000
R12=0000000000000000 R13=0000000000000000 R14=0000000000000000 R15=0000000000000000
RIP=00000000001015d5 RFL=00000293 [--S-A-C] CPL=0 II=0 A20=1 SMM=0 HLT=0
ES =0010 0000000000000000 ffffffff 00cf9300 DPL=0 DS   [-WA]
CS =0008 0000000000000000 ffffffff 00af9a00 DPL=0 CS64 [-R-]
SS =0010 0000000000000000 ffffffff 00cf9300 DPL=0 DS   [-WA]
DS =0010 0000000000000000 ffffffff 00cf9300 DPL=0 DS   [-WA]
FS =0010 0000000000000000 ffffffff 00cf9300 DPL=0 DS   [-WA]
GS =0010 0000000000000000 ffffffff 00cf9300 DPL=0 DS   [-WA]
LDT=0000 0000000000000000 0000ffff 00008200 DPL=0 LDT
TR =0000 0000000000000000 0000ffff 00008b00 DPL=0 TSS64-busy
GDT=     00000000001918c0 00000017
IDT=     00000000001900a0 00000fff
CR0=80000011 CR2=0000000000000000 CR3=0000000000104000 CR4=00000020
DR0=0000000000000000 DR1=0000000000000000 DR2=0000000000000000 DR3=0000000000000000 
DR6=00000000ffff0ff0 DR7=0000000000000400
CCS=0000000000000091 CCD=fffffffffffffffe CCO=EFLAGS
EFER=0000000000000500
Servicing hardware INT=0x20
    30: v=20 e=0000 i=0 cpl=0 IP=0008:00000000001015d5 pc=00000000001015d5 SP=0010:0000000000107f58 env->regs[R_EAX]=000000000000000e
RAX=000000000000000e RBX=0000000000000000 RCX=000000000000005d RDX=00000000000003d5
RSI=00000000000000a0 RDI=0000000000000096 RBP=0000000000107f70 RSP=0000000000107f58
R8 =00000000000000cf R9 =0000000000000000 R10=0000000000000000 R11=0000000000000000
R12=0000000000000000 R13=0000000000000000 R14=0000000000000000 R15=0000000000000000
RIP=00000000001015d5 RFL=00000297 [--S-APC] CPL=0 II=0 A20=1 SMM=0 HLT=0
ES =0010 0000000000000000 ffffffff 00cf9300 DPL=0 DS   [-WA]
CS =0008 0000000000000000 ffffffff 00af9a00 DPL=0 CS64 [-R-]
SS =0010 0000000000000000 ffffffff 00cf9300 DPL=0 DS   [-WA]
DS =0010 0000000000000000 ffffffff 00cf9300 DPL=0 DS   [-WA]
FS =0010 0000000000000000 ffffffff 00cf9300 DPL=0 DS   [-WA]
GS =0010 0000000000000000 ffffffff 00cf9300 DPL=0 DS   [-WA]
LDT=0000 0000000000000000 0000ffff 00008200 DPL=0 LDT
TR =0000 0000000000000000 0000ffff 00008b00 DPL=0 TSS64-busy
GDT=     00000000001918c0 00000017
IDT=     00000000001900a0 00000fff
CR0=80000011 CR2=0000000000000000 CR3=0000000000104000 CR4=00000020
DR0=0000000000000000 DR1=0000000000000000 DR2=0000000000000000 DR3=0000000000000000 
DR6=00000000ffff0ff0 DR7=0000000000000400
CCS=0000000000000095 CCD=ffffffffffffffff CCO=EFLAGS
EFER=0000000000000500
Servicing hardware INT=0x20
    31: v=20 e=0000 i=0 cpl=0 IP=0008:00000000001015d5 pc=00000000001015d5 SP=0010:0000000000107f58 env->regs[R_EAX]=0000000000000000
RAX=0000000000000000 RBX=0000000000000000 RCX=000000000000005d RDX=00000000000003d5
RSI=00000000000000f0 RDI=0000000000000096 RBP=0000000000107f70 RSP=0000000000107f58
R8 =00000000000000cf R9 =0000000000000000 R10=0000000000000000 R11=0000000000000000
R12=0000000000000000 R13=0000000000000000 R14=0000000000000000 R15=0000000000000000
RIP=00000000001015d5 RFL=00000293 [--S-A-C] CPL=0 II=0 A20=1 SMM=0 HLT=0
ES =0010 0000000000000000 ffffffff 00cf9300 DPL=0 DS   [-WA]
CS =0008 0000000000000000 ffffffff 00af9a00 DPL=0 CS64 [-R-]
SS =0010 0000000000000000 ffffffff 00cf9300 DPL=0 DS   [-WA]
DS =0010 0000000000000000 ffffffff 00cf9300 DPL=0 DS   [-WA]
FS =0010 0000000000000000 ffffffff 00cf9300 DPL=0 DS   [-WA]
GS =0010 0000000000000000 ffffffff 00cf9300 DPL=0 DS   [-WA]
LDT=0000 0000000000000000 0000ffff 00008200 DPL=0 LDT
TR =0000 0000000000000000 0000ffff 00008b00 DPL=0 TSS64-busy
GDT=     00000000001918c0 00000017
IDT=     00000000001900a0 00000fff
CR0=80000011 CR2=0000000000000000 CR3=0000000000104000 CR4=00000020
DR0=0000000000000000 DR1=0000000000000000 DR2=0000000000000000 DR3=0000000000000000 
DR6=00000000ffff0ff0 DR7=0000000000000400
CCS=0000000000000091 CCD=fffffffffffffff1 CCO=EFLAGS
EFER=0000000000000500
Servicing hardware INT=0x20
    32: v=20 e=0000 i=0 cpl=0 IP=0008:00000000001015d5 pc=00000000001015d5 SP=0010:0000000000107f58 env->regs[R_EAX]=0000000000000001
RAX=0000000000000001 RBX=0000000000000000 RCX=000000000000005d RDX=00000000000003d5
RSI=00000000000000f0 RDI=0000000000000096 RBP=0000000000107f70 RSP=0000000000107f58
R8 =00000000000000cf R9 =0000000000000000 R10=0000000000000000 R11=0000000000000000
R12=0000000000000000 R13=0000000000000000 R14=0000000000000000 R15=0000000000000000
RIP=00000000001015d5 RFL=00000293 [--S-A-C] CPL=0 II=0 A20=1 SMM=0 HLT=0
ES =0010 0000000000000000 ffffffff 00cf9300 DPL=0 DS   [-WA]
CS =0008 0000000000000000 ffffffff 00af9a00 DPL=0 CS64 [-R-]
SS =0010 0000000000000000 ffffffff 00cf9300 DPL=0 DS   [-WA]
DS =0010 0000000000000000 ffffffff 00cf9300 DPL=0 DS   [-WA]
FS =0010 0000000000000000 ffffffff 00cf9300 DPL=0 DS   [-WA]
GS =0010 0000000000000000 ffffffff 00cf9300 DPL=0 DS   [-WA]
LDT=0000 0000000000000000 0000ffff 00008200 DPL=0 LDT
TR =0000 0000000000000000 0000ffff 00008b00 DPL=0 TSS64-busy
GDT=     00000000001918c0 00000017
IDT=     00000000001900a0 00000fff
CR0=80000011 CR2=0000000000000000 CR3=0000000000104000 CR4=00000020
DR0=0000000000000000 DR1=0000000000000000 DR2=0000000000000000 DR3=0000000000000000 
DR6=00000000ffff0ff0 DR7=0000000000000400
CCS=0000000000000091 CCD=fffffffffffffff2 CCO=EFLAGS
EFER=0000000000000500
Servicing hardware INT=0x20
    33: v=20 e=0000 i=0 cpl=0 IP=0008:00000000001015d5 pc=00000000001015d5 SP=0010:0000000000107f58 env->regs[R_EAX]=0000000000000002
RAX=0000000000000002 RBX=0000000000000000 RCX=000000000000005d RDX=00000000000003d5
RSI=00000000000000f0 RDI=0000000000000096 RBP=0000000000107f70 RSP=0000000000107f58
R8 =00000000000000cf R9 =0000000000000000 R10=0000000000000000 R11=0000000000000000
R12=0000000000000000 R13=0000000000000000 R14=0000000000000000 R15=0000000000000000
RIP=00000000001015d5 RFL=00000297 [--S-APC] CPL=0 II=0 A20=1 SMM=0 HLT=0
ES =0010 0000000000000000 ffffffff 00cf9300 DPL=0 DS   [-WA]
CS =0008 0000000000000000 ffffffff 00af9a00 DPL=0 CS64 [-R-]
SS =0010 0000000000000000 ffffffff 00cf9300 DPL=0 DS   [-WA]
DS =0010 0000000000000000 ffffffff 00cf9300 DPL=0 DS   [-WA]
FS =0010 0000000000000000 ffffffff 00cf9300 DPL=0 DS   [-WA]
GS =0010 0000000000000000 ffffffff 00cf9300 DPL=0 DS   [-WA]
LDT=0000 0000000000000000 0000ffff 00008200 DPL=0 LDT
TR =0000 0000000000000000 0000ffff 00008b00 DPL=0 TSS64-busy
GDT=     00000000001918c0 00000017
IDT=     00000000001900a0 00000fff
CR0=80000011 CR2=0000000000000000 CR3=0000000000104000 CR4=00000020
DR0=0000000000000000 DR1=0000000000000000 DR2=0000000000000000 DR3=0000000000000000 
DR6=00000000ffff0ff0 DR7=0000000000000400
CCS=0000000000000095 CCD=fffffffffffffff3 CCO=EFLAGS
EFER=0000000000000500
Servicing hardware INT=0x20
    34: v=20 e=0000 i=0 cpl=0 IP=0008:00000000001015d5 pc=00000000001015d5 SP=0010:0000000000107f58 env->regs[R_EAX]=0000000000000003
RAX=0000000000000003 RBX=0000000000000000 RCX=000000000000005d RDX=00000000000003d5
RSI=00000000000000f0 RDI=0000000000000096 RBP=0000000000107f70 RSP=0000000000107f58
R8 =00000000000000cf R9 =0000000000000000 R10=0000000000000000 R11=0000000000000000
R12=0000000000000000 R13=0000000000000000 R14=0000000000000000 R15=0000000000000000
RIP=00000000001015d5 RFL=00000293 [--S-A-C] CPL=0 II=0 A20=1 SMM=0 HLT=0
ES =0010 0000000000000000 ffffffff 00cf9300 DPL=0 DS   [-WA]
CS =0008 0000000000000000 ffffffff 00af9a00 DPL=0 CS64 [-R-]
SS =0010 0000000000000000 ffffffff 00cf9300 DPL=0 DS   [-WA]
DS =0010 0000000000000000 ffffffff 00cf9300 DPL=0 DS   [-WA]
FS =0010 0000000000000000 ffffffff 00cf9300 DPL=0 DS   [-WA]
GS =0010 0000000000000000 ffffffff 00cf9300 DPL=0 DS   [-WA]
LDT=0000 0000000000000000 0000ffff 00008200 DPL=0 LDT
TR =0000 0000000000000000 0000ffff 00008b00 DPL=0 TSS64-busy
GDT=     00000000001918c0 00000017
IDT=     00000000001900a0 00000fff
CR0=80000011 CR2=0000000000000000 CR3=0000000000104000 CR4=00000020
DR0=0000000000000000 DR1=0000000000000000 DR2=0000000000000000 DR3=0000000000000000 
DR6=00000000ffff0ff0 DR7=0000000000000400
CCS=0000000000000091 CCD=fffffffffffffff4 CCO=EFLAGS
EFER=0000000000000500
Servicing hardware INT=0x20
    35: v=20 e=0000 i=0 cpl=0 IP=0008:00000000001015d5 pc=00000000001015d5 SP=0010:0000000000107f58 env->regs[R_EAX]=0000000000000004
RAX=0000000000000004 RBX=0000000000000000 RCX=000000000000005d RDX=00000000000003d5
RSI=00000000000000f0 RDI=0000000000000096 RBP=0000000000107f70 RSP=0000000000107f58
R8 =00000000000000cf R9 =0000000000000000 R10=0000000000000000 R11=0000000000000000
R12=0000000000000000 R13=0000000000000000 R14=0000000000000000 R15=0000000000000000
RIP=00000000001015d5 RFL=00000297 [--S-APC] CPL=0 II=0 A20=1 SMM=0 HLT=0
ES =0010 0000000000000000 ffffffff 00cf9300 DPL=0 DS   [-WA]
CS =0008 0000000000000000 ffffffff 00af9a00 DPL=0 CS64 [-R-]
SS =0010 0000000000000000 ffffffff 00cf9300 DPL=0 DS   [-WA]
DS =0010 0000000000000000 ffffffff 00cf9300 DPL=0 DS   [-WA]
FS =0010 0000000000000000 ffffffff 00cf9300 DPL=0 DS   [-WA]
GS =0010 0000000000000000 ffffffff 00cf9300 DPL=0 DS   [-WA]
LDT=0000 0000000000000000 0000ffff 00008200 DPL=0 LDT
TR =0000 0000000000000000 0000ffff 00008b00 DPL=0 TSS64-busy
GDT=     00000000001918c0 00000017
IDT=     00000000001900a0 00000fff
CR0=80000011 CR2=0000000000000000 CR3=0000000000104000 CR4=00000020
DR0=0000000000000000 DR1=0000000000000000 DR2=0000000000000000 DR3=0000000000000000 
DR6=00000000ffff0ff0 DR7=0000000000000400
CCS=0000000000000095 CCD=fffffffffffffff5 CCO=EFLAGS
EFER=0000000000000500
Servicing hardware INT=0x20
    36: v=20 e=0000 i=0 cpl=0 IP=0008:00000000001015d5 pc=00000000001015d5 SP=0010:0000000000107f58 env->regs[R_EAX]=0000000000000005
RAX=0000000000000005 RBX=0000000000000000 RCX=000000000000005d RDX=00000000000003d5
RSI=00000000000000f0 RDI=0000000000000096 RBP=0000000000107f70 RSP=0000000000107f58
R8 =00000000000000cf R9 =0000000000000000 R10=0000000000000000 R11=0000000000000000
R12=0000000000000000 R13=0000000000000000 R14=0000000000000000 R15=0000000000000000
RIP=00000000001015d5 RFL=00000297 [--S-APC] CPL=0 II=0 A20=1 SMM=0 HLT=0
ES =0010 0000000000000000 ffffffff 00cf9300 DPL=0 DS   [-WA]
CS =0008 0000000000000000 ffffffff 00af9a00 DPL=0 CS64 [-R-]
SS =0010 0000000000000000 ffffffff 00cf9300 DPL=0 DS   [-WA]
DS =0010 0000000000000000 ffffffff 00cf9300 DPL=0 DS   [-WA]
FS =0010 0000000000000000 ffffffff 00cf9300 DPL=0 DS   [-WA]
GS =0010 0000000000000000 ffffffff 00cf9300 DPL=0 DS   [-WA]
LDT=0000 0000000000000000 0000ffff 00008200 DPL=0 LDT
TR =0000 0000000000000000 0000ffff 00008b00 DPL=0 TSS64-busy
GDT=     00000000001918c0 00000017
IDT=     00000000001900a0 00000fff
CR0=80000011 CR2=0000000000000000 CR3=0000000000104000 CR4=00000020
DR0=0000000000000000 DR1=0000000000000000 DR2=0000000000000000 DR3=0000000000000000 
DR6=00000000ffff0ff0 DR7=0000000000000400
CCS=0000000000000095 CCD=fffffffffffffff6 CCO=EFLAGS
EFER=0000000000000500
Servicing hardware INT=0x20
    37: v=20 e=0000 i=0 cpl=0 IP=0008:00000000001015d5 pc=00000000001015d5 SP=0010:0000000000107f58 env->regs[R_EAX]=0000000000000006
RAX=0000000000000006 RBX=0000000000000000 RCX=000000000000005d RDX=00000000000003d5
RSI=00000000000000f0 RDI=0000000000000096 RBP=0000000000107f70 RSP=0000000000107f58
R8 =00000000000000cf R9 =0000000000000000 R10=0000000000000000 R11=0000000000000000
R12=0000000000000000 R13=0000000000000000 R14=0000000000000000 R15=0000000000000000
RIP=00000000001015d5 RFL=00000293 [--S-A-C] CPL=0 II=0 A20=1 SMM=0 HLT=0
ES =0010 0000000000000000 ffffffff 00cf9300 DPL=0 DS   [-WA]
CS =0008 0000000000000000 ffffffff 00af9a00 DPL=0 CS64 [-R-]
SS =0010 0000000000000000 ffffffff 00cf9300 DPL=0 DS   [-WA]
DS =0010 0000000000000000 ffffffff 00cf9300 DPL=0 DS   [-WA]
FS =0010 0000000000000000 ffffffff 00cf9300 DPL=0 DS   [-WA]
GS =0010 0000000000000000 ffffffff 00cf9300 DPL=0 DS   [-WA]
LDT=0000 0000000000000000 0000ffff 00008200 DPL=0 LDT
TR =0000 0000000000000000 0000ffff 00008b00 DPL=0 TSS64-busy
GDT=     00000000001918c0 00000017
IDT=     00000000001900a0 00000fff
CR0=80000011 CR2=0000000000000000 CR3=0000000000104000 CR4=00000020
DR0=0000000000000000 DR1=0000000000000000 DR2=0000000000000000 DR3=0000000000000000 
DR6=00000000ffff0ff0 DR7=0000000000000400
CCS=0000000000000091 CCD=fffffffffffffff7 CCO=EFLAGS
EFER=0000000000000500
Servicing hardware INT=0x20
    38: v=20 e=0000 i=0 cpl=0 IP=0008:00000000001015d5 pc=00000000001015d5 SP=0010:0000000000107f58 env->regs[R_EAX]=0000000000000007
RAX=0000000000000007 RBX=0000000000000000 RCX=000000000000005d RDX=00000000000003d5
RSI=00000000000000f0 RDI=0000000000000096 RBP=0000000000107f70 RSP=0000000000107f58
R8 =00000000000000cf R9 =0000000000000000 R10=0000000000000000 R11=0000000000000000
R12=0000000000000000 R13=0000000000000000 R14=0000000000000000 R15=0000000000000000
RIP=00000000001015d5 RFL=00000293 [--S-A-C] CPL=0 II=0 A20=1 SMM=0 HLT=0
ES =0010 0000000000000000 ffffffff 00cf9300 DPL=0 DS   [-WA]
CS =0008 0000000000000000 ffffffff 00af9a00 DPL=0 CS64 [-R-]
SS =0010 0000000000000000 ffffffff 00cf9300 DPL=0 DS   [-WA]
DS =0010 0000000000000000 ffffffff 00cf9300 DPL=0 DS   [-WA]
FS =0010 0000000000000000 ffffffff 00cf9300 DPL=0 DS   [-WA]
GS =0010 0000000000000000 ffffffff 00cf9300 DPL=0 DS   [-WA]
LDT=0000 0000000000000000 0000ffff 00008200 DPL=0 LDT
TR =0000 0000000000000000 0000ffff 00008b00 DPL=0 TSS64-busy
GDT=     00000000001918c0 00000017
IDT=     00000000001900a0 00000fff
CR0=80000011 CR2=0000000000000000 CR3=0000000000104000 CR4=00000020
DR0=0000000000000000 DR1=0000000000000000 DR2=0000000000000000 DR3=0000000000000000 
DR6=00000000ffff0ff0 DR7=0000000000000400
CCS=0000000000000091 CCD=fffffffffffffff8 CCO=EFLAGS
EFER=0000000000000500
Servicing hardware INT=0x20
    39: v=20 e=0000 i=0 cpl=0 IP=0008:00000000001015d5 pc=00000000001015d5 SP=0010:0000000000107f58 env->regs[R_EAX]=0000000000000008
RAX=0000000000000008 RBX=0000000000000000 RCX=000000000000005d RDX=00000000000003d5
RSI=00000000000000f0 RDI=0000000000000096 RBP=0000000000107f70 RSP=0000000000107f58
R8 =00000000000000cf R9 =0000000000000000 R10=0000000000000000 R11=0000000000000000
R12=0000000000000000 R13=0000000000000000 R14=0000000000000000 R15=0000000000000000
RIP=00000000001015d5 RFL=00000297 [--S-APC] CPL=0 II=0 A20=1 SMM=0 HLT=0
ES =0010 0000000000000000 ffffffff 00cf9300 DPL=0 DS   [-WA]
CS =0008 0000000000000000 ffffffff 00af9a00 DPL=0 CS64 [-R-]
SS =0010 0000000000000000 ffffffff 00cf9300 DPL=0 DS   [-WA]
DS =0010 0000000000000000 ffffffff 00cf9300 DPL=0 DS   [-WA]
FS =0010 0000000000000000 ffffffff 00cf9300 DPL=0 DS   [-WA]
GS =0010 0000000000000000 ffffffff 00cf9300 DPL=0 DS   [-WA]
LDT=0000 0000000000000000 0000ffff 00008200 DPL=0 LDT
TR =0000 0000000000000000 0000ffff 00008b00 DPL=0 TSS64-busy
GDT=     00000000001918c0 00000017
IDT=     00000000001900a0 00000fff
CR0=80000011 CR2=0000000000000000 CR3=0000000000104000 CR4=00000020
DR0=0000000000000000 DR1=0000000000000000 DR2=0000000000000000 DR3=0000000000000000 
DR6=00000000ffff0ff0 DR7=0000000000000400
CCS=0000000000000095 CCD=fffffffffffffff9 CCO=EFLAGS
EFER=0000000000000500
Servicing hardware INT=0x20
    40: v=20 e=0000 i=0 cpl=0 IP=0008:00000000001015d5 pc=00000000001015d5 SP=0010:0000000000107f58 env->regs[R_EAX]=0000000000000009
RAX=0000000000000009 RBX=0000000000000000 RCX=000000000000005d RDX=00000000000003d5
RSI=00000000000000f0 RDI=0000000000000096 RBP=0000000000107f70 RSP=0000000000107f58
R8 =00000000000000cf R9 =0000000000000000 R10=0000000000000000 R11=0000000000000000
R12=0000000000000000 R13=0000000000000000 R14=0000000000000000 R15=0000000000000000
RIP=00000000001015d5 RFL=00000297 [--S-APC] CPL=0 II=0 A20=1 SMM=0 HLT=0
ES =0010 0000000000000000 ffffffff 00cf9300 DPL=0 DS   [-WA]
CS =0008 0000000000000000 ffffffff 00af9a00 DPL=0 CS64 [-R-]
SS =0010 0000000000000000 ffffffff 00cf9300 DPL=0 DS   [-WA]
DS =0010 0000000000000000 ffffffff 00cf9300 DPL=0 DS   [-WA]
FS =0010 0000000000000000 ffffffff 00cf9300 DPL=0 DS   [-WA]
GS =0010 0000000000000000 ffffffff 00cf9300 DPL=0 DS   [-WA]
LDT=0000 0000000000000000 0000ffff 00008200 DPL=0 LDT
TR =0000 0000000000000000 0000ffff 00008b00 DPL=0 TSS64-busy
GDT=     00000000001918c0 00000017
IDT=     00000000001900a0 00000fff
CR0=80000011 CR2=0000000000000000 CR3=0000000000104000 CR4=00000020
DR0=0000000000000000 DR1=0000000000000000 DR2=0000000000000000 DR3=0000000000000000 
DR6=00000000ffff0ff0 DR7=0000000000000400
CCS=0000000000000095 CCD=fffffffffffffffa CCO=EFLAGS
EFER=0000000000000500
Servicing hardware INT=0x20
    41: v=20 e=0000 i=0 cpl=0 IP=0008:00000000001015d5 pc=00000000001015d5 SP=0010:0000000000107f58 env->regs[R_EAX]=000000000000000a
RAX=000000000000000a RBX=0000000000000000 RCX=000000000000005d RDX=00000000000003d5
RSI=00000000000000f0 RDI=0000000000000096 RBP=0000000000107f70 RSP=0000000000107f58
R8 =00000000000000cf R9 =0000000000000000 R10=0000000000000000 R11=0000000000000000
R12=0000000000000000 R13=0000000000000000 R14=0000000000000000 R15=0000000000000000
RIP=00000000001015d5 RFL=00000293 [--S-A-C] CPL=0 II=0 A20=1 SMM=0 HLT=0
ES =0010 0000000000000000 ffffffff 00cf9300 DPL=0 DS   [-WA]
CS =0008 0000000000000000 ffffffff 00af9a00 DPL=0 CS64 [-R-]
SS =0010 0000000000000000 ffffffff 00cf9300 DPL=0 DS   [-WA]
DS =0010 0000000000000000 ffffffff 00cf9300 DPL=0 DS   [-WA]
FS =0010 0000000000000000 ffffffff 00cf9300 DPL=0 DS   [-WA]
GS =0010 0000000000000000 ffffffff 00cf9300 DPL=0 DS   [-WA]
LDT=0000 0000000000000000 0000ffff 00008200 DPL=0 LDT
TR =0000 0000000000000000 0000ffff 00008b00 DPL=0 TSS64-busy
GDT=     00000000001918c0 00000017
IDT=     00000000001900a0 00000fff
CR0=80000011 CR2=0000000000000000 CR3=0000000000104000 CR4=00000020
DR0=0000000000000000 DR1=0000000000000000 DR2=0000000000000000 DR3=0000000000000000 
DR6=00000000ffff0ff0 DR7=0000000000000400
CCS=0000000000000091 CCD=fffffffffffffffb CCO=EFLAGS
EFER=0000000000000500
Servicing hardware INT=0x20
    42: v=20 e=0000 i=0 cpl=0 IP=0008:00000000001015d5 pc=00000000001015d5 SP=0010:0000000000107f58 env->regs[R_EAX]=000000000000000b
RAX=000000000000000b RBX=0000000000000000 RCX=000000000000005d RDX=00000000000003d5
RSI=00000000000000f0 RDI=0000000000000096 RBP=0000000000107f70 RSP=0000000000107f58
R8 =00000000000000cf R9 =0000000000000000 R10=0000000000000000 R11=0000000000000000
R12=0000000000000000 R13=0000000000000000 R14=0000000000000000 R15=0000000000000000
RIP=00000000001015d5 RFL=00000297 [--S-APC] CPL=0 II=0 A20=1 SMM=0 HLT=0
ES =0010 0000000000000000 ffffffff 00cf9300 DPL=0 DS   [-WA]
CS =0008 0000000000000000 ffffffff 00af9a00 DPL=0 CS64 [-R-]
SS =0010 0000000000000000 ffffffff 00cf9300 DPL=0 DS   [-WA]
DS =0010 0000000000000000 ffffffff 00cf9300 DPL=0 DS   [-WA]
FS =0010 0000000000000000 ffffffff 00cf9300 DPL=0 DS   [-WA]
GS =0010 0000000000000000 ffffffff 00cf9300 DPL=0 DS   [-WA]
LDT=0000 0000000000000000 0000ffff 00008200 DPL=0 LDT
TR =0000 0000000000000000 0000ffff 00008b00 DPL=0 TSS64-busy
GDT=     00000000001918c0 00000017
IDT=     00000000001900a0 00000fff
CR0=80000011 CR2=0000000000000000 CR3=0000000000104000 CR4=00000020
DR0=0000000000000000 DR1=0000000000000000 DR2=0000000000000000 DR3=0000000000000000 
DR6=00000000ffff0ff0 DR7=0000000000000400
CCS=0000000000000095 CCD=fffffffffffffffc CCO=EFLAGS
EFER=0000000000000500
Servicing hardware INT=0x20
    43: v=20 e=0000 i=0 cpl=0 IP=0008:00000000001015d5 pc=00000000001015d5 SP=0010:0000000000107f58 env->regs[R_EAX]=000000000000000c
RAX=000000000000000c RBX=0000000000000000 RCX=000000000000005d RDX=00000000000003d5
RSI=00000000000000f0 RDI=0000000000000096 RBP=0000000000107f70 RSP=0000000000107f58
R8 =00000000000000cf R9 =0000000000000000 R10=0000000000000000 R11=0000000000000000
R12=0000000000000000 R13=0000000000000000 R14=0000000000000000 R15=0000000000000000
RIP=00000000001015d5 RFL=00000293 [--S-A-C] CPL=0 II=0 A20=1 SMM=0 HLT=0
ES =0010 0000000000000000 ffffffff 00cf9300 DPL=0 DS   [-WA]
CS =0008 0000000000000000 ffffffff 00af9a00 DPL=0 CS64 [-R-]
SS =0010 0000000000000000 ffffffff 00cf9300 DPL=0 DS   [-WA]
DS =0010 0000000000000000 ffffffff 00cf9300 DPL=0 DS   [-WA]
FS =0010 0000000000000000 ffffffff 00cf9300 DPL=0 DS   [-WA]
GS =0010 0000000000000000 ffffffff 00cf9300 DPL=0 DS   [-WA]
LDT=0000 0000000000000000 0000ffff 00008200 DPL=0 LDT
TR =0000 0000000000000000 0000ffff 00008b00 DPL=0 TSS64-busy
GDT=     00000000001918c0 00000017
IDT=     00000000001900a0 00000fff
CR0=80000011 CR2=0000000000000000 CR3=0000000000104000 CR4=00000020
DR0=0000000000000000 DR1=0000000000000000 DR2=0000000000000000 DR3=0000000000000000 
DR6=00000000ffff0ff0 DR7=0000000000000400
CCS=0000000000000091 CCD=fffffffffffffffd CCO=EFLAGS
EFER=0000000000000500
Servicing hardware INT=0x20
    44: v=20 e=0000 i=0 cpl=0 IP=0008:00000000001015d5 pc=00000000001015d5 SP=0010:0000000000107f58 env->regs[R_EAX]=000000000000000d
RAX=000000000000000d RBX=0000000000000000 RCX=000000000000005d RDX=00000000000003d5
RSI=00000000000000f0 RDI=0000000000000096 RBP=0000000000107f70 RSP=0000000000107f58
R8 =00000000000000cf R9 =0000000000000000 R10=0000000000000000 R11=0000000000000000
R12=0000000000000000 R13=0000000000000000 R14=0000000000000000 R15=0000000000000000
RIP=00000000001015d5 RFL=00000293 [--S-A-C] CPL=0 II=0 A20=1 SMM=0 HLT=0
ES =0010 0000000000000000 ffffffff 00cf9300 DPL=0 DS   [-WA]
CS =0008 0000000000000000 ffffffff 00af9a00 DPL=0 CS64 [-R-]
SS =0010 0000000000000000 ffffffff 00cf9300 DPL=0 DS   [-WA]
DS =0010 0000000000000000 ffffffff 00cf9300 DPL=0 DS   [-WA]
FS =0010 0000000000000000 ffffffff 00cf9300 DPL=0 DS   [-WA]
GS =0010 0000000000000000 ffffffff 00cf9300 DPL=0 DS   [-WA]
LDT=0000 0000000000000000 0000ffff 00008200 DPL=0 LDT
TR =0000 0000000000000000 0000ffff 00008b00 DPL=0 TSS64-busy
GDT=     00000000001918c0 00000017
IDT=     00000000001900a0 00000fff
CR0=80000011 CR2=0000000000000000 CR3=0000000000104000 CR4=00000020
DR0=0000000000000000 DR1=0000000000000000 DR2=0000000000000000 DR3=0000000000000000 
DR6=00000000ffff0ff0 DR7=0000000000000400
CCS=0000000000000091 CCD=fffffffffffffffe CCO=EFLAGS
EFER=0000000000000500
Servicing hardware INT=0x20
    45: v=20 e=0000 i=0 cpl=0 IP=0008:00000000001015d5 pc=00000000001015d5 SP=0010:0000000000107f58 env->regs[R_EAX]=000000000000000e
RAX=000000000000000e RBX=0000000000000000 RCX=000000000000005d RDX=00000000000003d5
RSI=00000000000000f0 RDI=0000000000000096 RBP=0000000000107f70 RSP=0000000000107f58
R8 =00000000000000cf R9 =0000000000000000 R10=0000000000000000 R11=0000000000000000
R12=0000000000000000 R13=0000000000000000 R14=0000000000000000 R15=0000000000000000
RIP=00000000001015d5 RFL=00000297 [--S-APC] CPL=0 II=0 A20=1 SMM=0 HLT=0
ES =0010 0000000000000000 ffffffff 00cf9300 DPL=0 DS   [-WA]
CS =0008 0000000000000000 ffffffff 00af9a00 DPL=0 CS64 [-R-]
SS =0010 0000000000000000 ffffffff 00cf9300 DPL=0 DS   [-WA]
DS =0010 0000000000000000 ffffffff 00cf9300 DPL=0 DS   [-WA]
FS =0010 0000000000000000 ffffffff 00cf9300 DPL=0 DS   [-WA]
GS =0010 0000000000000000 ffffffff 00cf9300 DPL=0 DS   [-WA]
LDT=0000 0000000000000000 0000ffff 00008200 DPL=0 LDT
TR =0000 0000000000000000 0000ffff 00008b00 DPL=0 TSS64-busy
GDT=     00000000001918c0 00000017
IDT=     00000000001900a0 00000fff
CR0=80000011 CR2=0000000000000000 CR3=0000000000104000 CR4=00000020
DR0=0000000000000000 DR1=0000000000000000 DR2=0000000000000000 DR3=0000000000000000 
DR6=00000000ffff0ff0 DR7=0000000000000400
CCS=0000000000000095 CCD=ffffffffffffffff CCO=EFLAGS
EFER=0000000000000500
Servicing hardware INT=0x20
    46: v=20 e=0000 i=0 cpl=0 IP=0008:00000000001015d5 pc=00000000001015d5 SP=0010:0000000000107f58 env->regs[R_EAX]=0000000000000000
RAX=0000000000000000 RBX=0000000000000000 RCX=000000000000005d RDX=00000000000003d5
RSI=0000000000000040 RDI=0000000000000096 RBP=0000000000107f70 RSP=0000000000107f58
R8 =00000000000000cf R9 =0000000000000000 R10=0000000000000000 R11=0000000000000000
R12=0000000000000000 R13=0000000000000000 R14=0000000000000000 R15=0000000000000000
RIP=00000000001015d5 RFL=00000293 [--S-A-C] CPL=0 II=0 A20=1 SMM=0 HLT=0
ES =0010 0000000000000000 ffffffff 00cf9300 DPL=0 DS   [-WA]
CS =0008 0000000000000000 ffffffff 00af9a00 DPL=0 CS64 [-R-]
SS =0010 0000000000000000 ffffffff 00cf9300 DPL=0 DS   [-WA]
DS =0010 0000000000000000 ffffffff 00cf9300 DPL=0 DS   [-WA]
FS =0010 0000000000000000 ffffffff 00cf9300 DPL=0 DS   [-WA]
GS =0010 0000000000000000 ffffffff 00cf9300 DPL=0 DS   [-WA]
LDT=0000 0000000000000000 0000ffff 00008200 DPL=0 LDT
TR =0000 0000000000000000 0000ffff 00008b00 DPL=0 TSS64-busy
GDT=     00000000001918c0 00000017
IDT=     00000000001900a0 00000fff
CR0=80000011 CR2=0000000000000000 CR3=0000000000104000 CR4=00000020
DR0=0000000000000000 DR1=0000000000000000 DR2=0000000000000000 DR3=0000000000000000 
DR6=00000000ffff0ff0 DR7=0000000000000400
CCS=0000000000000091 CCD=fffffffffffffff1 CCO=EFLAGS
EFER=0000000000000500
Servicing hardware INT=0x20
    47: v=20 e=0000 i=0 cpl=0 IP=0008:00000000001015d5 pc=00000000001015d5 SP=0010:0000000000107f58 env->regs[R_EAX]=0000000000000001
RAX=0000000000000001 RBX=0000000000000000 RCX=000000000000005d RDX=00000000000003d5
RSI=0000000000000040 RDI=0000000000000096 RBP=0000000000107f70 RSP=0000000000107f58
R8 =00000000000000cf R9 =0000000000000000 R10=0000000000000000 R11=0000000000000000
R12=0000000000000000 R13=0000000000000000 R14=0000000000000000 R15=0000000000000000
RIP=00000000001015d5 RFL=00000293 [--S-A-C] CPL=0 II=0 A20=1 SMM=0 HLT=0
ES =0010 0000000000000000 ffffffff 00cf9300 DPL=0 DS   [-WA]
CS =0008 0000000000000000 ffffffff 00af9a00 DPL=0 CS64 [-R-]
SS =0010 0000000000000000 ffffffff 00cf9300 DPL=0 DS   [-WA]
DS =0010 0000000000000000 ffffffff 00cf9300 DPL=0 DS   [-WA]
FS =0010 0000000000000000 ffffffff 00cf9300 DPL=0 DS   [-WA]
GS =0010 0000000000000000 ffffffff 00cf9300 DPL=0 DS   [-WA]
LDT=0000 0000000000000000 0000ffff 00008200 DPL=0 LDT
TR =0000 0000000000000000 0000ffff 00008b00 DPL=0 TSS64-busy
GDT=     00000000001918c0 00000017
IDT=     00000000001900a0 00000fff
CR0=80000011 CR2=0000000000000000 CR3=0000000000104000 CR4=00000020
DR0=0000000000000000 DR1=0000000000000000 DR2=0000000000000000 DR3=0000000000000000 
DR6=00000000ffff0ff0 DR7=0000000000000400
CCS=0000000000000091 CCD=fffffffffffffff2 CCO=EFLAGS
EFER=0000000000000500
Servicing hardware INT=0x20
    48: v=20 e=0000 i=0 cpl=0 IP=0008:00000000001015d5 pc=00000000001015d5 SP=0010:0000000000107f58 env->regs[R_EAX]=0000000000000002
RAX=0000000000000002 RBX=0000000000000000 RCX=000000000000005d RDX=00000000000003d5
RSI=0000000000000040 RDI=0000000000000096 RBP=0000000000107f70 RSP=0000000000107f58
R8 =00000000000000cf R9 =0000000000000000 R10=0000000000000000 R11=0000000000000000
R12=0000000000000000 R13=0000000000000000 R14=0000000000000000 R15=0000000000000000
RIP=00000000001015d5 RFL=00000297 [--S-APC] CPL=0 II=0 A20=1 SMM=0 HLT=0
ES =0010 0000000000000000 ffffffff 00cf9300 DPL=0 DS   [-WA]
CS =0008 0000000000000000 ffffffff 00af9a00 DPL=0 CS64 [-R-]
SS =0010 0000000000000000 ffffffff 00cf9300 DPL=0 DS   [-WA]
DS =0010 0000000000000000 ffffffff 00cf9300 DPL=0 DS   [-WA]
FS =0010 0000000000000000 ffffffff 00cf9300 DPL=0 DS   [-WA]
GS =0010 0000000000000000 ffffffff 00cf9300 DPL=0 DS   [-WA]
LDT=0000 0000000000000000 0000ffff 00008200 DPL=0 LDT
TR =0000 0000000000000000 0000ffff 00008b00 DPL=0 TSS64-busy
GDT=     00000000001918c0 00000017
IDT=     00000000001900a0 00000fff
CR0=80000011 CR2=0000000000000000 CR3=0000000000104000 CR4=00000020
DR0=0000000000000000 DR1=0000000000000000 DR2=0000000000000000 DR3=0000000000000000 
DR6=00000000ffff0ff0 DR7=0000000000000400
CCS=0000000000000095 CCD=fffffffffffffff3 CCO=EFLAGS
EFER=0000000000000500
Servicing hardware INT=0x20
    49: v=20 e=0000 i=0 cpl=0 IP=0008:00000000001015d5 pc=00000000001015d5 SP=0010:0000000000107f58 env->regs[R_EAX]=0000000000000003
RAX=0000000000000003 RBX=0000000000000000 RCX=000000000000005d RDX=00000000000003d5
RSI=0000000000000040 RDI=0000000000000096 RBP=0000000000107f70 RSP=0000000000107f58
R8 =00000000000000cf R9 =0000000000000000 R10=0000000000000000 R11=0000000000000000
R12=0000000000000000 R13=0000000000000000 R14=0000000000000000 R15=0000000000000000
RIP=00000000001015d5 RFL=00000293 [--S-A-C] CPL=0 II=0 A20=1 SMM=0 HLT=0
ES =0010 0000000000000000 ffffffff 00cf9300 DPL=0 DS   [-WA]
CS =0008 0000000000000000 ffffffff 00af9a00 DPL=0 CS64 [-R-]
SS =0010 0000000000000000 ffffffff 00cf9300 DPL=0 DS   [-WA]
DS =0010 0000000000000000 ffffffff 00cf9300 DPL=0 DS   [-WA]
FS =0010 0000000000000000 ffffffff 00cf9300 DPL=0 DS   [-WA]
GS =0010 0000000000000000 ffffffff 00cf9300 DPL=0 DS   [-WA]
LDT=0000 0000000000000000 0000ffff 00008200 DPL=0 LDT
TR =0000 0000000000000000 0000ffff 00008b00 DPL=0 TSS64-busy
GDT=     00000000001918c0 00000017
IDT=     00000000001900a0 00000fff
CR0=80000011 CR2=0000000000000000 CR3=0000000000104000 CR4=00000020
DR0=0000000000000000 DR1=0000000000000000 DR2=0000000000000000 DR3=0000000000000000 
DR6=00000000ffff0ff0 DR7=0000000000000400
CCS=0000000000000091 CCD=fffffffffffffff4 CCO=EFLAGS
EFER=0000000000000500
Servicing hardware INT=0x20
    50: v=20 e=0000 i=0 cpl=0 IP=0008:00000000001015d5 pc=00000000001015d5 SP=0010:0000000000107f58 env->regs[R_EAX]=0000000000000004
RAX=0000000000000004 RBX=0000000000000000 RCX=000000000000005d RDX=00000000000003d5
RSI=0000000000000040 RDI=0000000000000096 RBP=0000000000107f70 RSP=0000000000107f58
R8 =00000000000000cf R9 =0000000000000000 R10=0000000000000000 R11=0000000000000000
R12=0000000000000000 R13=0000000000000000 R14=0000000000000000 R15=0000000000000000
RIP=00000000001015d5 RFL=00000297 [--S-APC] CPL=0 II=0 A20=1 SMM=0 HLT=0
ES =0010 0000000000000000 ffffffff 00cf9300 DPL=0 DS   [-WA]
CS =0008 0000000000000000 ffffffff 00af9a00 DPL=0 CS64 [-R-]
SS =0010 0000000000000000 ffffffff 00cf9300 DPL=0 DS   [-WA]
DS =0010 0000000000000000 ffffffff 00cf9300 DPL=0 DS   [-WA]
FS =0010 0000000000000000 ffffffff 00cf9300 DPL=0 DS   [-WA]
GS =0010 0000000000000000 ffffffff 00cf9300 DPL=0 DS   [-WA]
LDT=0000 0000000000000000 0000ffff 00008200 DPL=0 LDT
TR =0000 0000000000000000 0000ffff 00008b00 DPL=0 TSS64-busy
GDT=     00000000001918c0 00000017
IDT=     00000000001900a0 00000fff
CR0=80000011 CR2=0000000000000000 CR3=0000000000104000 CR4=00000020
DR0=0000000000000000 DR1=0000000000000000 DR2=0000000000000000 DR3=0000000000000000 
DR6=00000000ffff0ff0 DR7=0000000000000400
CCS=0000000000000095 CCD=fffffffffffffff5 CCO=EFLAGS
EFER=0000000000000500
Servicing hardware INT=0x20
    51: v=20 e=0000 i=0 cpl=0 IP=0008:00000000001015d5 pc=00000000001015d5 SP=0010:0000000000107f58 env->regs[R_EAX]=0000000000000005
RAX=0000000000000005 RBX=0000000000000000 RCX=000000000000005d RDX=00000000000003d5
RSI=0000000000000040 RDI=0000000000000096 RBP=0000000000107f70 RSP=0000000000107f58
R8 =00000000000000cf R9 =0000000000000000 R10=0000000000000000 R11=0000000000000000
R12=0000000000000000 R13=0000000000000000 R14=0000000000000000 R15=0000000000000000
RIP=00000000001015d5 RFL=00000297 [--S-APC] CPL=0 II=0 A20=1 SMM=0 HLT=0
ES =0010 0000000000000000 ffffffff 00cf9300 DPL=0 DS   [-WA]
CS =0008 0000000000000000 ffffffff 00af9a00 DPL=0 CS64 [-R-]
SS =0010 0000000000000000 ffffffff 00cf9300 DPL=0 DS   [-WA]
DS =0010 0000000000000000 ffffffff 00cf9300 DPL=0 DS   [-WA]
FS =0010 0000000000000000 ffffffff 00cf9300 DPL=0 DS   [-WA]
GS =0010 0000000000000000 ffffffff 00cf9300 DPL=0 DS   [-WA]
LDT=0000 0000000000000000 0000ffff 00008200 DPL=0 LDT
TR =0000 0000000000000000 0000ffff 00008b00 DPL=0 TSS64-busy
GDT=     00000000001918c0 00000017
IDT=     00000000001900a0 00000fff
CR0=80000011 CR2=0000000000000000 CR3=0000000000104000 CR4=00000020
DR0=0000000000000000 DR1=0000000000000000 DR2=0000000000000000 DR3=0000000000000000 
DR6=00000000ffff0ff0 DR7=0000000000000400
CCS=0000000000000095 CCD=fffffffffffffff6 CCO=EFLAGS
EFER=0000000000000500
Servicing hardware INT=0x20
    52: v=20 e=0000 i=0 cpl=0 IP=0008:00000000001015d5 pc=00000000001015d5 SP=0010:0000000000107f58 env->regs[R_EAX]=0000000000000006
RAX=0000000000000006 RBX=0000000000000000 RCX=000000000000005d RDX=00000000000003d5
RSI=0000000000000040 RDI=0000000000000096 RBP=0000000000107f70 RSP=0000000000107f58
R8 =00000000000000cf R9 =0000000000000000 R10=0000000000000000 R11=0000000000000000
R12=0000000000000000 R13=0000000000000000 R14=0000000000000000 R15=0000000000000000
RIP=00000000001015d5 RFL=00000293 [--S-A-C] CPL=0 II=0 A20=1 SMM=0 HLT=0
ES =0010 0000000000000000 ffffffff 00cf9300 DPL=0 DS   [-WA]
CS =0008 0000000000000000 ffffffff 00af9a00 DPL=0 CS64 [-R-]
SS =0010 0000000000000000 ffffffff 00cf9300 DPL=0 DS   [-WA]
DS =0010 0000000000000000 ffffffff 00cf9300 DPL=0 DS   [-WA]
FS =0010 0000000000000000 ffffffff 00cf9300 DPL=0 DS   [-WA]
GS =0010 0000000000000000 ffffffff 00cf9300 DPL=0 DS   [-WA]
LDT=0000 0000000000000000 0000ffff 00008200 DPL=0 LDT
TR =0000 0000000000000000 0000ffff 00008b00 DPL=0 TSS64-busy
GDT=     00000000001918c0 00000017
IDT=     00000000001900a0 00000fff
CR0=80000011 CR2=0000000000000000 CR3=0000000000104000 CR4=00000020
DR0=0000000000000000 DR1=0000000000000000 DR2=0000000000000000 DR3=0000000000000000 
DR6=00000000ffff0ff0 DR7=0000000000000400
CCS=0000000000000091 CCD=fffffffffffffff7 CCO=EFLAGS
EFER=0000000000000500
Servicing hardware INT=0x20
    53: v=20 e=0000 i=0 cpl=0 IP=0008:00000000001015d5 pc=00000000001015d5 SP=0010:0000000000107f58 env->regs[R_EAX]=0000000000000007
RAX=0000000000000007 RBX=0000000000000000 RCX=000000000000005d RDX=00000000000003d5
RSI=0000000000000040 RDI=0000000000000096 RBP=0000000000107f70 RSP=0000000000107f58
R8 =00000000000000cf R9 =0000000000000000 R10=0000000000000000 R11=0000000000000000
R12=0000000000000000 R13=0000000000000000 R14=0000000000000000 R15=0000000000000000
RIP=00000000001015d5 RFL=00000293 [--S-A-C] CPL=0 II=0 A20=1 SMM=0 HLT=0
ES =0010 0000000000000000 ffffffff 00cf9300 DPL=0 DS   [-WA]
CS =0008 0000000000000000 ffffffff 00af9a00 DPL=0 CS64 [-R-]
SS =0010 0000000000000000 ffffffff 00cf9300 DPL=0 DS   [-WA]
DS =0010 0000000000000000 ffffffff 00cf9300 DPL=0 DS   [-WA]
FS =0010 0000000000000000 ffffffff 00cf9300 DPL=0 DS   [-WA]
GS =0010 0000000000000000 ffffffff 00cf9300 DPL=0 DS   [-WA]
LDT=0000 0000000000000000 0000ffff 00008200 DPL=0 LDT
TR =0000 0000000000000000 0000ffff 00008b00 DPL=0 TSS64-busy
GDT=     00000000001918c0 00000017
IDT=     00000000001900a0 00000fff
CR0=80000011 CR2=0000000000000000 CR3=0000000000104000 CR4=00000020
DR0=0000000000000000 DR1=0000000000000000 DR2=0000000000000000 DR3=0000000000000000 
DR6=00000000ffff0ff0 DR7=0000000000000400
CCS=0000000000000091 CCD=fffffffffffffff8 CCO=EFLAGS
EFER=0000000000000500
Servicing hardware INT=0x20
    54: v=20 e=0000 i=0 cpl=0 IP=0008:00000000001015d5 pc=00000000001015d5 SP=0010:0000000000107f58 env->regs[R_EAX]=0000000000000008
RAX=0000000000000008 RBX=0000000000000000 RCX=000000000000005d RDX=00000000000003d5
RSI=0000000000000040 RDI=0000000000000096 RBP=0000000000107f70 RSP=0000000000107f58
R8 =00000000000000cf R9 =0000000000000000 R10=0000000000000000 R11=0000000000000000
R12=0000000000000000 R13=0000000000000000 R14=0000000000000000 R15=0000000000000000
RIP=00000000001015d5 RFL=00000297 [--S-APC] CPL=0 II=0 A20=1 SMM=0 HLT=0
ES =0010 0000000000000000 ffffffff 00cf9300 DPL=0 DS   [-WA]
CS =0008 0000000000000000 ffffffff 00af9a00 DPL=0 CS64 [-R-]
SS =0010 0000000000000000 ffffffff 00cf9300 DPL=0 DS   [-WA]
DS =0010 0000000000000000 ffffffff 00cf9300 DPL=0 DS   [-WA]
FS =0010 0000000000000000 ffffffff 00cf9300 DPL=0 DS   [-WA]
GS =0010 0000000000000000 ffffffff 00cf9300 DPL=0 DS   [-WA]
LDT=0000 0000000000000000 0000ffff 00008200 DPL=0 LDT
TR =0000 0000000000000000 0000ffff 00008b00 DPL=0 TSS64-busy
GDT=     00000000001918c0 00000017
IDT=     00000000001900a0 00000fff
CR0=80000011 CR2=0000000000000000 CR3=0000000000104000 CR4=00000020
DR0=0000000000000000 DR1=0000000000000000 DR2=0000000000000000 DR3=0000000000000000 
DR6=00000000ffff0ff0 DR7=0000000000000400
CCS=0000000000000095 CCD=fffffffffffffff9 CCO=EFLAGS
EFER=0000000000000500
Servicing hardware INT=0x20
    55: v=20 e=0000 i=0 cpl=0 IP=0008:00000000001015d5 pc=00000000001015d5 SP=0010:0000000000107f58 env->regs[R_EAX]=0000000000000009
RAX=0000000000000009 RBX=0000000000000000 RCX=000000000000005d RDX=00000000000003d5
RSI=0000000000000040 RDI=0000000000000096 RBP=0000000000107f70 RSP=0000000000107f58
R8 =00000000000000cf R9 =0000000000000000 R10=0000000000000000 R11=0000000000000000
R12=0000000000000000 R13=0000000000000000 R14=0000000000000000 R15=0000000000000000
RIP=00000000001015d5 RFL=00000297 [--S-APC] CPL=0 II=0 A20=1 SMM=0 HLT=0
ES =0010 0000000000000000 ffffffff 00cf9300 DPL=0 DS   [-WA]
CS =0008 0000000000000000 ffffffff 00af9a00 DPL=0 CS64 [-R-]
SS =0010 0000000000000000 ffffffff 00cf9300 DPL=0 DS   [-WA]
DS =0010 0000000000000000 ffffffff 00cf9300 DPL=0 DS   [-WA]
FS =0010 0000000000000000 ffffffff 00cf9300 DPL=0 DS   [-WA]
GS =0010 0000000000000000 ffffffff 00cf9300 DPL=0 DS   [-WA]
LDT=0000 0000000000000000 0000ffff 00008200 DPL=0 LDT
TR =0000 0000000000000000 0000ffff 00008b00 DPL=0 TSS64-busy
GDT=     00000000001918c0 00000017
IDT=     00000000001900a0 00000fff
CR0=80000011 CR2=0000000000000000 CR3=0000000000104000 CR4=00000020
DR0=0000000000000000 DR1=0000000000000000 DR2=0000000000000000 DR3=0000000000000000 
DR6=00000000ffff0ff0 DR7=0000000000000400
CCS=0000000000000095 CCD=fffffffffffffffa CCO=EFLAGS
EFER=0000000000000500
Servicing hardware INT=0x20
    56: v=20 e=0000 i=0 cpl=0 IP=0008:00000000001015d5 pc=00000000001015d5 SP=0010:0000000000107f58 env->regs[R_EAX]=000000000000000a
RAX=000000000000000a RBX=0000000000000000 RCX=000000000000005d RDX=00000000000003d5
RSI=0000000000000040 RDI=0000000000000096 RBP=0000000000107f70 RSP=0000000000107f58
R8 =00000000000000cf R9 =0000000000000000 R10=0000000000000000 R11=0000000000000000
R12=0000000000000000 R13=0000000000000000 R14=0000000000000000 R15=0000000000000000
RIP=00000000001015d5 RFL=00000293 [--S-A-C] CPL=0 II=0 A20=1 SMM=0 HLT=0
ES =0010 0000000000000000 ffffffff 00cf9300 DPL=0 DS   [-WA]
CS =0008 0000000000000000 ffffffff 00af9a00 DPL=0 CS64 [-R-]
SS =0010 0000000000000000 ffffffff 00cf9300 DPL=0 DS   [-WA]
DS =0010 0000000000000000 ffffffff 00cf9300 DPL=0 DS   [-WA]
FS =0010 0000000000000000 ffffffff 00cf9300 DPL=0 DS   [-WA]
GS =0010 0000000000000000 ffffffff 00cf9300 DPL=0 DS   [-WA]
LDT=0000 0000000000000000 0000ffff 00008200 DPL=0 LDT
TR =0000 0000000000000000 0000ffff 00008b00 DPL=0 TSS64-busy
GDT=     00000000001918c0 00000017
IDT=     00000000001900a0 00000fff
CR0=80000011 CR2=0000000000000000 CR3=0000000000104000 CR4=00000020
DR0=0000000000000000 DR1=0000000000000000 DR2=0000000000000000 DR3=0000000000000000 
DR6=00000000ffff0ff0 DR7=0000000000000400
CCS=0000000000000091 CCD=fffffffffffffffb CCO=EFLAGS
EFER=0000000000000500
Servicing hardware INT=0x20
    57: v=20 e=0000 i=0 cpl=0 IP=0008:00000000001015d5 pc=00000000001015d5 SP=0010:0000000000107f58 env->regs[R_EAX]=000000000000000b
RAX=000000000000000b RBX=0000000000000000 RCX=000000000000005d RDX=00000000000003d5
RSI=0000000000000040 RDI=0000000000000096 RBP=0000000000107f70 RSP=0000000000107f58
R8 =00000000000000cf R9 =0000000000000000 R10=0000000000000000 R11=0000000000000000
R12=0000000000000000 R13=0000000000000000 R14=0000000000000000 R15=0000000000000000
RIP=00000000001015d5 RFL=00000297 [--S-APC] CPL=0 II=0 A20=1 SMM=0 HLT=0
ES =0010 0000000000000000 ffffffff 00cf9300 DPL=0 DS   [-WA]
CS =0008 0000000000000000 ffffffff 00af9a00 DPL=0 CS64 [-R-]
SS =0010 0000000000000000 ffffffff 00cf9300 DPL=0 DS   [-WA]
DS =0010 0000000000000000 ffffffff 00cf9300 DPL=0 DS   [-WA]
FS =0010 0000000000000000 ffffffff 00cf9300 DPL=0 DS   [-WA]
GS =0010 0000000000000000 ffffffff 00cf9300 DPL=0 DS   [-WA]
LDT=0000 0000000000000000 0000ffff 00008200 DPL=0 LDT
TR =0000 0000000000000000 0000ffff 00008b00 DPL=0 TSS64-busy
GDT=     00000000001918c0 00000017
IDT=     00000000001900a0 00000fff
CR0=80000011 CR2=0000000000000000 CR3=0000000000104000 CR4=00000020
DR0=0000000000000000 DR1=0000000000000000 DR2=0000000000000000 DR3=0000000000000000 
DR6=00000000ffff0ff0 DR7=0000000000000400
CCS=0000000000000095 CCD=fffffffffffffffc CCO=EFLAGS
EFER=0000000000000500
Servicing hardware INT=0x20
    58: v=20 e=0000 i=0 cpl=0 IP=0008:00000000001015d5 pc=00000000001015d5 SP=0010:0000000000107f58 env->regs[R_EAX]=000000000000000c
RAX=000000000000000c RBX=0000000000000000 RCX=000000000000005d RDX=00000000000003d5
RSI=0000000000000040 RDI=0000000000000096 RBP=0000000000107f70 RSP=0000000000107f58
R8 =00000000000000cf R9 =0000000000000000 R10=0000000000000000 R11=0000000000000000
R12=0000000000000000 R13=0000000000000000 R14=0000000000000000 R15=0000000000000000
RIP=00000000001015d5 RFL=00000293 [--S-A-C] CPL=0 II=0 A20=1 SMM=0 HLT=0
ES =0010 0000000000000000 ffffffff 00cf9300 DPL=0 DS   [-WA]
CS =0008 0000000000000000 ffffffff 00af9a00 DPL=0 CS64 [-R-]
SS =0010 0000000000000000 ffffffff 00cf9300 DPL=0 DS   [-WA]
DS =0010 0000000000000000 ffffffff 00cf9300 DPL=0 DS   [-WA]
FS =0010 0000000000000000 ffffffff 00cf9300 DPL=0 DS   [-WA]
GS =0010 0000000000000000 ffffffff 00cf9300 DPL=0 DS   [-WA]
LDT=0000 0000000000000000 0000ffff 00008200 DPL=0 LDT
TR =0000 0000000000000000 0000ffff 00008b00 DPL=0 TSS64-busy
GDT=     00000000001918c0 00000017
IDT=     00000000001900a0 00000fff
CR0=80000011 CR2=0000000000000000 CR3=0000000000104000 CR4=00000020
DR0=0000000000000000 DR1=0000000000000000 DR2=0000000000000000 DR3=0000000000000000 
DR6=00000000ffff0ff0 DR7=0000000000000400
CCS=0000000000000091 CCD=fffffffffffffffd CCO=EFLAGS
EFER=0000000000000500
Servicing hardware INT=0x20
    59: v=20 e=0000 i=0 cpl=0 IP=0008:00000000001015d5 pc=00000000001015d5 SP=0010:0000000000107f58 env->regs[R_EAX]=000000000000000d
RAX=000000000000000d RBX=0000000000000000 RCX=000000000000005d RDX=00000000000003d5
RSI=0000000000000040 RDI=0000000000000096 RBP=0000000000107f70 RSP=0000000000107f58
R8 =00000000000000cf R9 =0000000000000000 R10=0000000000000000 R11=0000000000000000
R12=0000000000000000 R13=0000000000000000 R14=0000000000000000 R15=0000000000000000
RIP=00000000001015d5 RFL=00000293 [--S-A-C] CPL=0 II=0 A20=1 SMM=0 HLT=0
ES =0010 0000000000000000 ffffffff 00cf9300 DPL=0 DS   [-WA]
CS =0008 0000000000000000 ffffffff 00af9a00 DPL=0 CS64 [-R-]
SS =0010 0000000000000000 ffffffff 00cf9300 DPL=0 DS   [-WA]
DS =0010 0000000000000000 ffffffff 00cf9300 DPL=0 DS   [-WA]
FS =0010 0000000000000000 ffffffff 00cf9300 DPL=0 DS   [-WA]
GS =0010 0000000000000000 ffffffff 00cf9300 DPL=0 DS   [-WA]
LDT=0000 0000000000000000 0000ffff 00008200 DPL=0 LDT
TR =0000 0000000000000000 0000ffff 00008b00 DPL=0 TSS64-busy
GDT=     00000000001918c0 00000017
IDT=     00000000001900a0 00000fff
CR0=80000011 CR2=0000000000000000 CR3=0000000000104000 CR4=00000020
DR0=0000000000000000 DR1=0000000000000000 DR2=0000000000000000 DR3=0000000000000000 
DR6=00000000ffff0ff0 DR7=0000000000000400
CCS=0000000000000091 CCD=fffffffffffffffe CCO=EFLAGS
EFER=0000000000000500
Servicing hardware INT=0x20
    60: v=20 e=0000 i=0 cpl=0 IP=0008:00000000001015d5 pc=00000000001015d5 SP=0010:0000000000107f58 env->regs[R_EAX]=000000000000000e
RAX=000000000000000e RBX=0000000000000000 RCX=000000000000005d RDX=00000000000003d5
RSI=0000000000000040 RDI=0000000000000096 RBP=0000000000107f70 RSP=0000000000107f58
R8 =00000000000000cf R9 =0000000000000000 R10=0000000000000000 R11=0000000000000000
R12=0000000000000000 R13=0000000000000000 R14=0000000000000000 R15=0000000000000000
RIP=00000000001015d5 RFL=00000297 [--S-APC] CPL=0 II=0 A20=1 SMM=0 HLT=0
ES =0010 0000000000000000 ffffffff 00cf9300 DPL=0 DS   [-WA]
CS =0008 0000000000000000 ffffffff 00af9a00 DPL=0 CS64 [-R-]
SS =0010 0000000000000000 ffffffff 00cf9300 DPL=0 DS   [-WA]
DS =0010 0000000000000000 ffffffff 00cf9300 DPL=0 DS   [-WA]
FS =0010 0000000000000000 ffffffff 00cf9300 DPL=0 DS   [-WA]
GS =0010 0000000000000000 ffffffff 00cf9300 DPL=0 DS   [-WA]
LDT=0000 0000000000000000 0000ffff 00008200 DPL=0 LDT
TR =0000 0000000000000000 0000ffff 00008b00 DPL=0 TSS64-busy
GDT=     00000000001918c0 00000017
IDT=     00000000001900a0 00000fff
CR0=80000011 CR2=0000000000000000 CR3=0000000000104000 CR4=00000020
DR0=0000000000000000 DR1=0000000000000000 DR2=0000000000000000 DR3=0000000000000000 
DR6=00000000ffff0ff0 DR7=0000000000000400
CCS=0000000000000095 CCD=ffffffffffffffff CCO=EFLAGS
EFER=0000000000000500
Servicing hardware INT=0x20
    61: v=20 e=0000 i=0 cpl=0 IP=0008:0000000000101bc1 pc=0000000000101bc1 SP=0010:0000000000107ec8 env->regs[R_EAX]=00000000000038c4
RAX=00000000000038c4 RBX=0000000000000000 RCX=000000000000005d RDX=00000000000038c3
RSI=00000000000000ff RDI=0000000000108000 RBP=0000000000107ef0 RSP=0000000000107ec8
R8 =00000000000000cf R9 =0000000000000000 R10=0000000000000000 R11=0000000000000000
R12=0000000000000000 R13=0000000000000000 R14=0000000000000000 R15=0000000000000000
RIP=0000000000101bc1 RFL=00000202 [-------] CPL=0 II=0 A20=1 SMM=0 HLT=0
ES =0010 0000000000000000 ffffffff 00cf9300 DPL=0 DS   [-WA]
CS =0008 0000000000000000 ffffffff 00af9a00 DPL=0 CS64 [-R-]
SS =0010 0000000000000000 ffffffff 00cf9300 DPL=0 DS   [-WA]
DS =0010 0000000000000000 ffffffff 00cf9300 DPL=0 DS   [-WA]
FS =0010 0000000000000000 ffffffff 00cf9300 DPL=0 DS   [-WA]
GS =0010 0000000000000000 ffffffff 00cf9300 DPL=0 DS   [-WA]
LDT=0000 0000000000000000 0000ffff 00008200 DPL=0 LDT
TR =0000 0000000000000000 0000ffff 00008b00 DPL=0 TSS64-busy
GDT=     00000000001918c0 00000017
IDT=     00000000001900a0 00000fff
CR0=80000011 CR2=0000000000000000 CR3=0000000000104000 CR4=00000020
DR0=0000000000000000 DR1=0000000000000000 DR2=0000000000000000 DR3=0000000000000000 
DR6=00000000ffff0ff0 DR7=0000000000000400
CCS=0000000000000000 CCD=00000000000038c4 CCO=EFLAGS
EFER=0000000000000500
Servicing hardware INT=0x20
    62: v=20 e=0000 i=0 cpl=0 IP=0008:000000000010060d pc=000000000010060d SP=0010:0000000000107ec8 env->regs[R_EAX]=0000000000000000
RAX=0000000000000000 RBX=0000000000000000 RCX=0000000000003604 RDX=00000000ffffff00
RSI=00000000ffffff7f RDI=000000001b027000 RBP=0000000000107ef0 RSP=0000000000107ec8
R8 =00000000000000cf R9 =0000000000000000 R10=0000000000000000 R11=0000000000000000
R12=0000000000000000 R13=0000000000000000 R14=0000000000000000 R15=0000000000000000
RIP=000000000010060d RFL=00000206 [-----P-] CPL=0 II=0 A20=1 SMM=0 HLT=0
ES =0010 0000000000000000 ffffffff 00cf9300 DPL=0 DS   [-WA]
CS =0008 0000000000000000 ffffffff 00af9a00 DPL=0 CS64 [-R-]
SS =0010 0000000000000000 ffffffff 00cf9300 DPL=0 DS   [-WA]
DS =0010 0000000000000000 ffffffff 00cf9300 DPL=0 DS   [-WA]
FS =0010 0000000000000000 ffffffff 00cf9300 DPL=0 DS   [-WA]
GS =0010 0000000000000000 ffffffff 00cf9300 DPL=0 DS   [-WA]
LDT=0000 0000000000000000 0000ffff 00008200 DPL=0 LDT
TR =0000 0000000000000000 0000ffff 00008b00 DPL=0 TSS64-busy
GDT=     00000000001918c0 00000017
IDT=     00000000001900a0 00000fff
CR0=80000011 CR2=0000000000000000 CR3=0000000000104000 CR4=00000020
DR0=0000000000000000 DR1=0000000000000000 DR2=0000000000000000 DR3=0000000000000000 
DR6=00000000ffff0ff0 DR7=0000000000000400
CCS=0000000000000004 CCD=000000000001b027 CCO=EFLAGS
EFER=0000000000000500
Servicing hardware INT=0x20
    63: v=20 e=0000 i=0 cpl=0 IP=0008:0000000000100bf3 pc=0000000000100bf3 SP=0010:0000000000107f00 env->regs[R_EAX]=0000000000000000
RAX=0000000000000000 RBX=0000000000000000 RCX=0000000000007f7c RDX=00000000fff80000
RSI=00000000fffbffff RDI=000000003fbf2000 RBP=0000000000107f70 RSP=0000000000107f00
R8 =00000000000000cf R9 =0000000000000000 R10=0000000000000000 R11=0000000000000000
R12=0000000000000000 R13=0000000000000000 R14=0000000000000000 R15=0000000000000000
RIP=0000000000100bf3 RFL=00000202 [-------] CPL=0 II=0 A20=1 SMM=0 HLT=0
ES =0010 0000000000000000 ffffffff 00cf9300 DPL=0 DS   [-WA]
CS =0008 0000000000000000 ffffffff 00af9a00 DPL=0 CS64 [-R-]
SS =0010 0000000000000000 ffffffff 00cf9300 DPL=0 DS   [-WA]
DS =0010 0000000000000000 ffffffff 00cf9300 DPL=0 DS   [-WA]
FS =0010 0000000000000000 ffffffff 00cf9300 DPL=0 DS   [-WA]
GS =0010 0000000000000000 ffffffff 00cf9300 DPL=0 DS   [-WA]
LDT=0000 0000000000000000 0000ffff 00008200 DPL=0 LDT
TR =0000 0000000000000000 0000ffff 00008b00 DPL=0 TSS64-busy
GDT=     00000000001918c0 00000017
IDT=     00000000001900a0 00000fff
CR0=80000011 CR2=0000000000000000 CR3=0000000000104000 CR4=00000020
DR0=0000000000000000 DR1=0000000000000000 DR2=0000000000000000 DR3=0000000000000000 
DR6=00000000ffff0ff0 DR7=0000000000000400
CCS=0000000000000000 CCD=000000000003fbf2 CCO=EFLAGS
EFER=0000000000000500
Servicing hardware INT=0x20
    64: v=20 e=0000 i=0 cpl=0 IP=0008:0000000000100bf3 pc=0000000000100bf3 SP=0010:0000000000107f00 env->regs[R_EAX]=0000000000000000
RAX=0000000000000000 RBX=0000000000000000 RCX=000000000000d408 RDX=00000000ffff0000
RSI=00000000ffff7fff RDI=000000006a04f000 RBP=0000000000107f70 RSP=0000000000107f00
R8 =00000000000000cf R9 =0000000000000000 R10=0000000000000000 R11=0000000000000000
R12=0000000000000000 R13=0000000000000000 R14=0000000000000000 R15=0000000000000000
RIP=0000000000100bf3 RFL=00000202 [-------] CPL=0 II=0 A20=1 SMM=0 HLT=0
ES =0010 0000000000000000 ffffffff 00cf9300 DPL=0 DS   [-WA]
CS =0008 0000000000000000 ffffffff 00af9a00 DPL=0 CS64 [-R-]
SS =0010 0000000000000000 ffffffff 00cf9300 DPL=0 DS   [-WA]
DS =0010 0000000000000000 ffffffff 00cf9300 DPL=0 DS   [-WA]
FS =0010 0000000000000000 ffffffff 00cf9300 DPL=0 DS   [-WA]
GS =0010 0000000000000000 ffffffff 00cf9300 DPL=0 DS   [-WA]
LDT=0000 0000000000000000 0000ffff 00008200 DPL=0 LDT
TR =0000 0000000000000000 0000ffff 00008b00 DPL=0 TSS64-busy
GDT=     00000000001918c0 00000017
IDT=     00000000001900a0 00000fff
CR0=80000011 CR2=0000000000000000 CR3=0000000000104000 CR4=00000020
DR0=0000000000000000 DR1=0000000000000000 DR2=0000000000000000 DR3=0000000000000000 
DR6=00000000ffff0ff0 DR7=0000000000000400
CCS=0000000000000000 CCD=000000000006a04f CCO=EFLAGS
EFER=0000000000000500
Servicing hardware INT=0x20
    65: v=20 e=0000 i=0 cpl=0 IP=0008:00000000001015d5 pc=00000000001015d5 SP=0010:0000000000107f58 env->regs[R_EAX]=0000000000000000
RAX=0000000000000000 RBX=0000000000000000 RCX=000000000000005d RDX=00000000000003d5
RSI=0000000000000090 RDI=0000000000000096 RBP=0000000000107f70 RSP=0000000000107f58
R8 =00000000000000cf R9 =0000000000000000 R10=0000000000000000 R11=0000000000000000
R12=0000000000000000 R13=0000000000000000 R14=0000000000000000 R15=0000000000000000
RIP=00000000001015d5 RFL=00000293 [--S-A-C] CPL=0 II=0 A20=1 SMM=0 HLT=0
ES =0010 0000000000000000 ffffffff 00cf9300 DPL=0 DS   [-WA]
CS =0008 0000000000000000 ffffffff 00af9a00 DPL=0 CS64 [-R-]
SS =0010 0000000000000000 ffffffff 00cf9300 DPL=0 DS   [-WA]
DS =0010 0000000000000000 ffffffff 00cf9300 DPL=0 DS   [-WA]
FS =0010 0000000000000000 ffffffff 00cf9300 DPL=0 DS   [-WA]
GS =0010 0000000000000000 ffffffff 00cf9300 DPL=0 DS   [-WA]
LDT=0000 0000000000000000 0000ffff 00008200 DPL=0 LDT
TR =0000 0000000000000000 0000ffff 00008b00 DPL=0 TSS64-busy
GDT=     00000000001918c0 00000017
IDT=     00000000001900a0 00000fff
CR0=80000011 CR2=0000000000000000 CR3=0000000000104000 CR4=00000020
DR0=0000000000000000 DR1=0000000000000000 DR2=0000000000000000 DR3=0000000000000000 
DR6=00000000ffff0ff0 DR7=0000000000000400
CCS=0000000000000091 CCD=fffffffffffffff1 CCO=EFLAGS
EFER=0000000000000500
Servicing hardware INT=0x20
    66: v=20 e=0000 i=0 cpl=0 IP=0008:00000000001015d5 pc=00000000001015d5 SP=0010:0000000000107f58 env->regs[R_EAX]=0000000000000001
RAX=0000000000000001 RBX=0000000000000000 RCX=000000000000005d RDX=00000000000003d5
RSI=0000000000000090 RDI=0000000000000096 RBP=0000000000107f70 RSP=0000000000107f58
R8 =00000000000000cf R9 =0000000000000000 R10=0000000000000000 R11=0000000000000000
R12=0000000000000000 R13=0000000000000000 R14=0000000000000000 R15=0000000000000000
RIP=00000000001015d5 RFL=00000293 [--S-A-C] CPL=0 II=0 A20=1 SMM=0 HLT=0
ES =0010 0000000000000000 ffffffff 00cf9300 DPL=0 DS   [-WA]
CS =0008 0000000000000000 ffffffff 00af9a00 DPL=0 CS64 [-R-]
SS =0010 0000000000000000 ffffffff 00cf9300 DPL=0 DS   [-WA]
DS =0010 0000000000000000 ffffffff 00cf9300 DPL=0 DS   [-WA]
FS =0010 0000000000000000 ffffffff 00cf9300 DPL=0 DS   [-WA]
GS =0010 0000000000000000 ffffffff 00cf9300 DPL=0 DS   [-WA]
LDT=0000 0000000000000000 0000ffff 00008200 DPL=0 LDT
TR =0000 0000000000000000 0000ffff 00008b00 DPL=0 TSS64-busy
GDT=     00000000001918c0 00000017
IDT=     00000000001900a0 00000fff
CR0=80000011 CR2=0000000000000000 CR3=0000000000104000 CR4=00000020
DR0=0000000000000000 DR1=0000000000000000 DR2=0000000000000000 DR3=0000000000000000 
DR6=00000000ffff0ff0 DR7=0000000000000400
CCS=0000000000000091 CCD=fffffffffffffff2 CCO=EFLAGS
EFER=0000000000000500
Servicing hardware INT=0x20
    67: v=20 e=0000 i=0 cpl=0 IP=0008:00000000001015d5 pc=00000000001015d5 SP=0010:0000000000107f58 env->regs[R_EAX]=0000000000000002
RAX=0000000000000002 RBX=0000000000000000 RCX=000000000000005d RDX=00000000000003d5
RSI=0000000000000090 RDI=0000000000000096 RBP=0000000000107f70 RSP=0000000000107f58
R8 =00000000000000cf R9 =0000000000000000 R10=0000000000000000 R11=0000000000000000
R12=0000000000000000 R13=0000000000000000 R14=0000000000000000 R15=0000000000000000
RIP=00000000001015d5 RFL=00000297 [--S-APC] CPL=0 II=0 A20=1 SMM=0 HLT=0
ES =0010 0000000000000000 ffffffff 00cf9300 DPL=0 DS   [-WA]
CS =0008 0000000000000000 ffffffff 00af9a00 DPL=0 CS64 [-R-]
SS =0010 0000000000000000 ffffffff 00cf9300 DPL=0 DS   [-WA]
DS =0010 0000000000000000 ffffffff 00cf9300 DPL=0 DS   [-WA]
FS =0010 0000000000000000 ffffffff 00cf9300 DPL=0 DS   [-WA]
GS =0010 0000000000000000 ffffffff 00cf9300 DPL=0 DS   [-WA]
LDT=0000 0000000000000000 0000ffff 00008200 DPL=0 LDT
TR =0000 0000000000000000 0000ffff 00008b00 DPL=0 TSS64-busy
GDT=     00000000001918c0 00000017
IDT=     00000000001900a0 00000fff
CR0=80000011 CR2=0000000000000000 CR3=0000000000104000 CR4=00000020
DR0=0000000000000000 DR1=0000000000000000 DR2=0000000000000000 DR3=0000000000000000 
DR6=00000000ffff0ff0 DR7=0000000000000400
CCS=0000000000000095 CCD=fffffffffffffff3 CCO=EFLAGS
EFER=0000000000000500
Servicing hardware INT=0x20
    68: v=20 e=0000 i=0 cpl=0 IP=0008:00000000001015d5 pc=00000000001015d5 SP=0010:0000000000107f58 env->regs[R_EAX]=0000000000000003
RAX=0000000000000003 RBX=0000000000000000 RCX=000000000000005d RDX=00000000000003d5
RSI=0000000000000090 RDI=0000000000000096 RBP=0000000000107f70 RSP=0000000000107f58
R8 =00000000000000cf R9 =0000000000000000 R10=0000000000000000 R11=0000000000000000
R12=0000000000000000 R13=0000000000000000 R14=0000000000000000 R15=0000000000000000
RIP=00000000001015d5 RFL=00000293 [--S-A-C] CPL=0 II=0 A20=1 SMM=0 HLT=0
ES =0010 0000000000000000 ffffffff 00cf9300 DPL=0 DS   [-WA]
CS =0008 0000000000000000 ffffffff 00af9a00 DPL=0 CS64 [-R-]
SS =0010 0000000000000000 ffffffff 00cf9300 DPL=0 DS   [-WA]
DS =0010 0000000000000000 ffffffff 00cf9300 DPL=0 DS   [-WA]
FS =0010 0000000000000000 ffffffff 00cf9300 DPL=0 DS   [-WA]
GS =0010 0000000000000000 ffffffff 00cf9300 DPL=0 DS   [-WA]
LDT=0000 0000000000000000 0000ffff 00008200 DPL=0 LDT
TR =0000 0000000000000000 0000ffff 00008b00 DPL=0 TSS64-busy
GDT=     00000000001918c0 00000017
IDT=     00000000001900a0 00000fff
CR0=80000011 CR2=0000000000000000 CR3=0000000000104000 CR4=00000020
DR0=0000000000000000 DR1=0000000000000000 DR2=0000000000000000 DR3=0000000000000000 
DR6=00000000ffff0ff0 DR7=0000000000000400
CCS=0000000000000091 CCD=fffffffffffffff4 CCO=EFLAGS
EFER=0000000000000500
Servicing hardware INT=0x20
    69: v=20 e=0000 i=0 cpl=0 IP=0008:00000000001015d5 pc=00000000001015d5 SP=0010:0000000000107f58 env->regs[R_EAX]=0000000000000004
RAX=0000000000000004 RBX=0000000000000000 RCX=000000000000005d RDX=00000000000003d5
RSI=0000000000000090 RDI=0000000000000096 RBP=0000000000107f70 RSP=0000000000107f58
R8 =00000000000000cf R9 =0000000000000000 R10=0000000000000000 R11=0000000000000000
R12=0000000000000000 R13=0000000000000000 R14=0000000000000000 R15=0000000000000000
RIP=00000000001015d5 RFL=00000297 [--S-APC] CPL=0 II=0 A20=1 SMM=0 HLT=0
ES =0010 0000000000000000 ffffffff 00cf9300 DPL=0 DS   [-WA]
CS =0008 0000000000000000 ffffffff 00af9a00 DPL=0 CS64 [-R-]
SS =0010 0000000000000000 ffffffff 00cf9300 DPL=0 DS   [-WA]
DS =0010 0000000000000000 ffffffff 00cf9300 DPL=0 DS   [-WA]
FS =0010 0000000000000000 ffffffff 00cf9300 DPL=0 DS   [-WA]
GS =0010 0000000000000000 ffffffff 00cf9300 DPL=0 DS   [-WA]
LDT=0000 0000000000000000 0000ffff 00008200 DPL=0 LDT
TR =0000 0000000000000000 0000ffff 00008b00 DPL=0 TSS64-busy
GDT=     00000000001918c0 00000017
IDT=     00000000001900a0 00000fff
CR0=80000011 CR2=0000000000000000 CR3=0000000000104000 CR4=00000020
DR0=0000000000000000 DR1=0000000000000000 DR2=0000000000000000 DR3=0000000000000000 
DR6=00000000ffff0ff0 DR7=0000000000000400
CCS=0000000000000095 CCD=fffffffffffffff5 CCO=EFLAGS
EFER=0000000000000500
Servicing hardware INT=0x20
    70: v=20 e=0000 i=0 cpl=0 IP=0008:00000000001015d5 pc=00000000001015d5 SP=0010:0000000000107f58 env->regs[R_EAX]=0000000000000005
RAX=0000000000000005 RBX=0000000000000000 RCX=000000000000005d RDX=00000000000003d5
RSI=0000000000000090 RDI=0000000000000096 RBP=0000000000107f70 RSP=0000000000107f58
R8 =00000000000000cf R9 =0000000000000000 R10=0000000000000000 R11=0000000000000000
R12=0000000000000000 R13=0000000000000000 R14=0000000000000000 R15=0000000000000000
RIP=00000000001015d5 RFL=00000297 [--S-APC] CPL=0 II=0 A20=1 SMM=0 HLT=0
ES =0010 0000000000000000 ffffffff 00cf9300 DPL=0 DS   [-WA]
CS =0008 0000000000000000 ffffffff 00af9a00 DPL=0 CS64 [-R-]
SS =0010 0000000000000000 ffffffff 00cf9300 DPL=0 DS   [-WA]
DS =0010 0000000000000000 ffffffff 00cf9300 DPL=0 DS   [-WA]
FS =0010 0000000000000000 ffffffff 00cf9300 DPL=0 DS   [-WA]
GS =0010 0000000000000000 ffffffff 00cf9300 DPL=0 DS   [-WA]
LDT=0000 0000000000000000 0000ffff 00008200 DPL=0 LDT
TR =0000 0000000000000000 0000ffff 00008b00 DPL=0 TSS64-busy
GDT=     00000000001918c0 00000017
IDT=     00000000001900a0 00000fff
CR0=80000011 CR2=0000000000000000 CR3=0000000000104000 CR4=00000020
DR0=0000000000000000 DR1=0000000000000000 DR2=0000000000000000 DR3=0000000000000000 
DR6=00000000ffff0ff0 DR7=0000000000000400
CCS=0000000000000095 CCD=fffffffffffffff6 CCO=EFLAGS
EFER=0000000000000500
Servicing hardware INT=0x20
    71: v=20 e=0000 i=0 cpl=0 IP=0008:00000000001015d5 pc=00000000001015d5 SP=0010:0000000000107f58 env->regs[R_EAX]=0000000000000006
RAX=0000000000000006 RBX=0000000000000000 RCX=000000000000005d RDX=00000000000003d5
RSI=0000000000000090 RDI=0000000000000096 RBP=0000000000107f70 RSP=0000000000107f58
R8 =00000000000000cf R9 =0000000000000000 R10=0000000000000000 R11=0000000000000000
R12=0000000000000000 R13=0000000000000000 R14=0000000000000000 R15=0000000000000000
RIP=00000000001015d5 RFL=00000293 [--S-A-C] CPL=0 II=0 A20=1 SMM=0 HLT=0
ES =0010 0000000000000000 ffffffff 00cf9300 DPL=0 DS   [-WA]
CS =0008 0000000000000000 ffffffff 00af9a00 DPL=0 CS64 [-R-]
SS =0010 0000000000000000 ffffffff 00cf9300 DPL=0 DS   [-WA]
DS =0010 0000000000000000 ffffffff 00cf9300 DPL=0 DS   [-WA]
FS =0010 0000000000000000 ffffffff 00cf9300 DPL=0 DS   [-WA]
GS =0010 0000000000000000 ffffffff 00cf9300 DPL=0 DS   [-WA]
LDT=0000 0000000000000000 0000ffff 00008200 DPL=0 LDT
TR =0000 0000000000000000 0000ffff 00008b00 DPL=0 TSS64-busy
GDT=     00000000001918c0 00000017
IDT=     00000000001900a0 00000fff
CR0=80000011 CR2=0000000000000000 CR3=0000000000104000 CR4=00000020
DR0=0000000000000000 DR1=0000000000000000 DR2=0000000000000000 DR3=0000000000000000 
DR6=00000000ffff0ff0 DR7=0000000000000400
CCS=0000000000000091 CCD=fffffffffffffff7 CCO=EFLAGS
EFER=0000000000000500
Servicing hardware INT=0x20
    72: v=20 e=0000 i=0 cpl=0 IP=0008:00000000001015d5 pc=00000000001015d5 SP=0010:0000000000107f58 env->regs[R_EAX]=0000000000000007
RAX=0000000000000007 RBX=0000000000000000 RCX=000000000000005d RDX=00000000000003d5
RSI=0000000000000090 RDI=0000000000000096 RBP=0000000000107f70 RSP=0000000000107f58
R8 =00000000000000cf R9 =0000000000000000 R10=0000000000000000 R11=0000000000000000
R12=0000000000000000 R13=0000000000000000 R14=0000000000000000 R15=0000000000000000
RIP=00000000001015d5 RFL=00000293 [--S-A-C] CPL=0 II=0 A20=1 SMM=0 HLT=0
ES =0010 0000000000000000 ffffffff 00cf9300 DPL=0 DS   [-WA]
CS =0008 0000000000000000 ffffffff 00af9a00 DPL=0 CS64 [-R-]
SS =0010 0000000000000000 ffffffff 00cf9300 DPL=0 DS   [-WA]
DS =0010 0000000000000000 ffffffff 00cf9300 DPL=0 DS   [-WA]
FS =0010 0000000000000000 ffffffff 00cf9300 DPL=0 DS   [-WA]
GS =0010 0000000000000000 ffffffff 00cf9300 DPL=0 DS   [-WA]
LDT=0000 0000000000000000 0000ffff 00008200 DPL=0 LDT
TR =0000 0000000000000000 0000ffff 00008b00 DPL=0 TSS64-busy
GDT=     00000000001918c0 00000017
IDT=     00000000001900a0 00000fff
CR0=80000011 CR2=0000000000000000 CR3=0000000000104000 CR4=00000020
DR0=0000000000000000 DR1=0000000000000000 DR2=0000000000000000 DR3=0000000000000000 
DR6=00000000ffff0ff0 DR7=0000000000000400
CCS=0000000000000091 CCD=fffffffffffffff8 CCO=EFLAGS
EFER=0000000000000500
Servicing hardware INT=0x20
    73: v=20 e=0000 i=0 cpl=0 IP=0008:00000000001015d5 pc=00000000001015d5 SP=0010:0000000000107f58 env->regs[R_EAX]=0000000000000008
RAX=0000000000000008 RBX=0000000000000000 RCX=000000000000005d RDX=00000000000003d5
RSI=0000000000000090 RDI=0000000000000096 RBP=0000000000107f70 RSP=0000000000107f58
R8 =00000000000000cf R9 =0000000000000000 R10=0000000000000000 R11=0000000000000000
R12=0000000000000000 R13=0000000000000000 R14=0000000000000000 R15=0000000000000000
RIP=00000000001015d5 RFL=00000297 [--S-APC] CPL=0 II=0 A20=1 SMM=0 HLT=0
ES =0010 0000000000000000 ffffffff 00cf9300 DPL=0 DS   [-WA]
CS =0008 0000000000000000 ffffffff 00af9a00 DPL=0 CS64 [-R-]
SS =0010 0000000000000000 ffffffff 00cf9300 DPL=0 DS   [-WA]
DS =0010 0000000000000000 ffffffff 00cf9300 DPL=0 DS   [-WA]
FS =0010 0000000000000000 ffffffff 00cf9300 DPL=0 DS   [-WA]
GS =0010 0000000000000000 ffffffff 00cf9300 DPL=0 DS   [-WA]
LDT=0000 0000000000000000 0000ffff 00008200 DPL=0 LDT
TR =0000 0000000000000000 0000ffff 00008b00 DPL=0 TSS64-busy
GDT=     00000000001918c0 00000017
IDT=     00000000001900a0 00000fff
CR0=80000011 CR2=0000000000000000 CR3=0000000000104000 CR4=00000020
DR0=0000000000000000 DR1=0000000000000000 DR2=0000000000000000 DR3=0000000000000000 
DR6=00000000ffff0ff0 DR7=0000000000000400
CCS=0000000000000095 CCD=fffffffffffffff9 CCO=EFLAGS
EFER=0000000000000500
Servicing hardware INT=0x20
    74: v=20 e=0000 i=0 cpl=0 IP=0008:00000000001015d5 pc=00000000001015d5 SP=0010:0000000000107f58 env->regs[R_EAX]=0000000000000009
RAX=0000000000000009 RBX=0000000000000000 RCX=000000000000005d RDX=00000000000003d5
RSI=0000000000000090 RDI=0000000000000096 RBP=0000000000107f70 RSP=0000000000107f58
R8 =00000000000000cf R9 =0000000000000000 R10=0000000000000000 R11=0000000000000000
R12=0000000000000000 R13=0000000000000000 R14=0000000000000000 R15=0000000000000000
RIP=00000000001015d5 RFL=00000297 [--S-APC] CPL=0 II=0 A20=1 SMM=0 HLT=0
ES =0010 0000000000000000 ffffffff 00cf9300 DPL=0 DS   [-WA]
CS =0008 0000000000000000 ffffffff 00af9a00 DPL=0 CS64 [-R-]
SS =0010 0000000000000000 ffffffff 00cf9300 DPL=0 DS   [-WA]
DS =0010 0000000000000000 ffffffff 00cf9300 DPL=0 DS   [-WA]
FS =0010 0000000000000000 ffffffff 00cf9300 DPL=0 DS   [-WA]
GS =0010 0000000000000000 ffffffff 00cf9300 DPL=0 DS   [-WA]
LDT=0000 0000000000000000 0000ffff 00008200 DPL=0 LDT
TR =0000 0000000000000000 0000ffff 00008b00 DPL=0 TSS64-busy
GDT=     00000000001918c0 00000017
IDT=     00000000001900a0 00000fff
CR0=80000011 CR2=0000000000000000 CR3=0000000000104000 CR4=00000020
DR0=0000000000000000 DR1=0000000000000000 DR2=0000000000000000 DR3=0000000000000000 
DR6=00000000ffff0ff0 DR7=0000000000000400
CCS=0000000000000095 CCD=fffffffffffffffa CCO=EFLAGS
EFER=0000000000000500
Servicing hardware INT=0x20
    75: v=20 e=0000 i=0 cpl=0 IP=0008:00000000001015d5 pc=00000000001015d5 SP=0010:0000000000107f58 env->regs[R_EAX]=000000000000000a
RAX=000000000000000a RBX=0000000000000000 RCX=000000000000005d RDX=00000000000003d5
RSI=0000000000000090 RDI=0000000000000096 RBP=0000000000107f70 RSP=0000000000107f58
R8 =00000000000000cf R9 =0000000000000000 R10=0000000000000000 R11=0000000000000000
R12=0000000000000000 R13=0000000000000000 R14=0000000000000000 R15=0000000000000000
RIP=00000000001015d5 RFL=00000293 [--S-A-C] CPL=0 II=0 A20=1 SMM=0 HLT=0
ES =0010 0000000000000000 ffffffff 00cf9300 DPL=0 DS   [-WA]
CS =0008 0000000000000000 ffffffff 00af9a00 DPL=0 CS64 [-R-]
SS =0010 0000000000000000 ffffffff 00cf9300 DPL=0 DS   [-WA]
DS =0010 0000000000000000 ffffffff 00cf9300 DPL=0 DS   [-WA]
FS =0010 0000000000000000 ffffffff 00cf9300 DPL=0 DS   [-WA]
GS =0010 0000000000000000 ffffffff 00cf9300 DPL=0 DS   [-WA]
LDT=0000 0000000000000000 0000ffff 00008200 DPL=0 LDT
TR =0000 0000000000000000 0000ffff 00008b00 DPL=0 TSS64-busy
GDT=     00000000001918c0 00000017
IDT=     00000000001900a0 00000fff
CR0=80000011 CR2=0000000000000000 CR3=0000000000104000 CR4=00000020
DR0=0000000000000000 DR1=0000000000000000 DR2=0000000000000000 DR3=0000000000000000 
DR6=00000000ffff0ff0 DR7=0000000000000400
CCS=0000000000000091 CCD=fffffffffffffffb CCO=EFLAGS
EFER=0000000000000500
Servicing hardware INT=0x20
    76: v=20 e=0000 i=0 cpl=0 IP=0008:00000000001015d5 pc=00000000001015d5 SP=0010:0000000000107f58 env->regs[R_EAX]=000000000000000b
RAX=000000000000000b RBX=0000000000000000 RCX=000000000000005d RDX=00000000000003d5
RSI=0000000000000090 RDI=0000000000000096 RBP=0000000000107f70 RSP=0000000000107f58
R8 =00000000000000cf R9 =0000000000000000 R10=0000000000000000 R11=0000000000000000
R12=0000000000000000 R13=0000000000000000 R14=0000000000000000 R15=0000000000000000
RIP=00000000001015d5 RFL=00000297 [--S-APC] CPL=0 II=0 A20=1 SMM=0 HLT=0
ES =0010 0000000000000000 ffffffff 00cf9300 DPL=0 DS   [-WA]
CS =0008 0000000000000000 ffffffff 00af9a00 DPL=0 CS64 [-R-]
SS =0010 0000000000000000 ffffffff 00cf9300 DPL=0 DS   [-WA]
DS =0010 0000000000000000 ffffffff 00cf9300 DPL=0 DS   [-WA]
FS =0010 0000000000000000 ffffffff 00cf9300 DPL=0 DS   [-WA]
GS =0010 0000000000000000 ffffffff 00cf9300 DPL=0 DS   [-WA]
LDT=0000 0000000000000000 0000ffff 00008200 DPL=0 LDT
TR =0000 0000000000000000 0000ffff 00008b00 DPL=0 TSS64-busy
GDT=     00000000001918c0 00000017
IDT=     00000000001900a0 00000fff
CR0=80000011 CR2=0000000000000000 CR3=0000000000104000 CR4=00000020
DR0=0000000000000000 DR1=0000000000000000 DR2=0000000000000000 DR3=0000000000000000 
DR6=00000000ffff0ff0 DR7=0000000000000400
CCS=0000000000000095 CCD=fffffffffffffffc CCO=EFLAGS
EFER=0000000000000500
Servicing hardware INT=0x20
    77: v=20 e=0000 i=0 cpl=0 IP=0008:00000000001015d5 pc=00000000001015d5 SP=0010:0000000000107f58 env->regs[R_EAX]=000000000000000c
RAX=000000000000000c RBX=0000000000000000 RCX=000000000000005d RDX=00000000000003d5
RSI=0000000000000090 RDI=0000000000000096 RBP=0000000000107f70 RSP=0000000000107f58
R8 =00000000000000cf R9 =0000000000000000 R10=0000000000000000 R11=0000000000000000
R12=0000000000000000 R13=0000000000000000 R14=0000000000000000 R15=0000000000000000
RIP=00000000001015d5 RFL=00000293 [--S-A-C] CPL=0 II=0 A20=1 SMM=0 HLT=0
ES =0010 0000000000000000 ffffffff 00cf9300 DPL=0 DS   [-WA]
CS =0008 0000000000000000 ffffffff 00af9a00 DPL=0 CS64 [-R-]
SS =0010 0000000000000000 ffffffff 00cf9300 DPL=0 DS   [-WA]
DS =0010 0000000000000000 ffffffff 00cf9300 DPL=0 DS   [-WA]
FS =0010 0000000000000000 ffffffff 00cf9300 DPL=0 DS   [-WA]
GS =0010 0000000000000000 ffffffff 00cf9300 DPL=0 DS   [-WA]
LDT=0000 0000000000000000 0000ffff 00008200 DPL=0 LDT
TR =0000 0000000000000000 0000ffff 00008b00 DPL=0 TSS64-busy
GDT=     00000000001918c0 00000017
IDT=     00000000001900a0 00000fff
CR0=80000011 CR2=0000000000000000 CR3=0000000000104000 CR4=00000020
DR0=0000000000000000 DR1=0000000000000000 DR2=0000000000000000 DR3=0000000000000000 
DR6=00000000ffff0ff0 DR7=0000000000000400
CCS=0000000000000091 CCD=fffffffffffffffd CCO=EFLAGS
EFER=0000000000000500
Servicing hardware INT=0x21
    78: v=21 e=0000 i=0 cpl=0 IP=0008:00000000001015d5 pc=00000000001015d5 SP=0010:0000000000107f58 env->regs[R_EAX]=000000000000000c
RAX=000000000000000c RBX=0000000000000000 RCX=000000000000005d RDX=00000000000003d5
RSI=0000000000000090 RDI=0000000000000096 RBP=0000000000107f70 RSP=0000000000107f58
R8 =00000000000000cf R9 =0000000000000000 R10=0000000000000000 R11=0000000000000000
R12=0000000000000000 R13=0000000000000000 R14=0000000000000000 R15=0000000000000000
RIP=00000000001015d5 RFL=00000293 [--S-A-C] CPL=0 II=0 A20=1 SMM=0 HLT=0
ES =0010 0000000000000000 ffffffff 00cf9300 DPL=0 DS   [-WA]
CS =0008 0000000000000000 ffffffff 00af9a00 DPL=0 CS64 [-R-]
SS =0010 0000000000000000 ffffffff 00cf9300 DPL=0 DS   [-WA]
DS =0010 0000000000000000 ffffffff 00cf9300 DPL=0 DS   [-WA]
FS =0010 0000000000000000 ffffffff 00cf9300 DPL=0 DS   [-WA]
GS =0010 0000000000000000 ffffffff 00cf9300 DPL=0 DS   [-WA]
LDT=0000 0000000000000000 0000ffff 00008200 DPL=0 LDT
TR =0000 0000000000000000 0000ffff 00008b00 DPL=0 TSS64-busy
GDT=     00000000001918c0 00000017
IDT=     00000000001900a0 00000fff
CR0=80000011 CR2=0000000000000000 CR3=0000000000104000 CR4=00000020
DR0=0000000000000000 DR1=0000000000000000 DR2=0000000000000000 DR3=0000000000000000 
DR6=00000000ffff0ff0 DR7=0000000000000400
CCS=0000000000000091 CCD=0000000000107f28 CCO=EFLAGS
EFER=0000000000000500
Servicing hardware INT=0x20
    79: v=20 e=0000 i=0 cpl=0 IP=0008:00000000001015d5 pc=00000000001015d5 SP=0010:0000000000107f58 env->regs[R_EAX]=000000000000000d
RAX=000000000000000d RBX=0000000000000000 RCX=000000000000005d RDX=00000000000003d5
RSI=0000000000000090 RDI=0000000000000096 RBP=0000000000107f70 RSP=0000000000107f58
R8 =00000000000000cf R9 =0000000000000000 R10=0000000000000000 R11=0000000000000000
R12=0000000000000000 R13=0000000000000000 R14=0000000000000000 R15=0000000000000000
RIP=00000000001015d5 RFL=00000293 [--S-A-C] CPL=0 II=0 A20=1 SMM=0 HLT=0
ES =0010 0000000000000000 ffffffff 00cf9300 DPL=0 DS   [-WA]
CS =0008 0000000000000000 ffffffff 00af9a00 DPL=0 CS64 [-R-]
SS =0010 0000000000000000 ffffffff 00cf9300 DPL=0 DS   [-WA]
DS =0010 0000000000000000 ffffffff 00cf9300 DPL=0 DS   [-WA]
FS =0010 0000000000000000 ffffffff 00cf9300 DPL=0 DS   [-WA]
GS =0010 0000000000000000 ffffffff 00cf9300 DPL=0 DS   [-WA]
LDT=0000 0000000000000000 0000ffff 00008200 DPL=0 LDT
TR =0000 0000000000000000 0000ffff 00008b00 DPL=0 TSS64-busy
GDT=     00000000001918c0 00000017
IDT=     00000000001900a0 00000fff
CR0=80000011 CR2=0000000000000000 CR3=0000000000104000 CR4=00000020
DR0=0000000000000000 DR1=0000000000000000 DR2=0000000000000000 DR3=0000000000000000 
DR6=00000000ffff0ff0 DR7=0000000000000400
CCS=0000000000000091 CCD=fffffffffffffffe CCO=EFLAGS
EFER=0000000000000500
Servicing hardware INT=0x20
    80: v=20 e=0000 i=0 cpl=0 IP=0008:00000000001015d5 pc=00000000001015d5 SP=0010:0000000000107f58 env->regs[R_EAX]=000000000000000e
RAX=000000000000000e RBX=0000000000000000 RCX=000000000000005d RDX=00000000000003d5
RSI=0000000000000090 RDI=0000000000000096 RBP=0000000000107f70 RSP=0000000000107f58
R8 =00000000000000cf R9 =0000000000000000 R10=0000000000000000 R11=0000000000000000
R12=0000000000000000 R13=0000000000000000 R14=0000000000000000 R15=0000000000000000
RIP=00000000001015d5 RFL=00000297 [--S-APC] CPL=0 II=0 A20=1 SMM=0 HLT=0
ES =0010 0000000000000000 ffffffff 00cf9300 DPL=0 DS   [-WA]
CS =0008 0000000000000000 ffffffff 00af9a00 DPL=0 CS64 [-R-]
SS =0010 0000000000000000 ffffffff 00cf9300 DPL=0 DS   [-WA]
DS =0010 0000000000000000 ffffffff 00cf9300 DPL=0 DS   [-WA]
FS =0010 0000000000000000 ffffffff 00cf9300 DPL=0 DS   [-WA]
GS =0010 0000000000000000 ffffffff 00cf9300 DPL=0 DS   [-WA]
LDT=0000 0000000000000000 0000ffff 00008200 DPL=0 LDT
TR =0000 0000000000000000 0000ffff 00008b00 DPL=0 TSS64-busy
GDT=     00000000001918c0 00000017
IDT=     00000000001900a0 00000fff
CR0=80000011 CR2=0000000000000000 CR3=0000000000104000 CR4=00000020
DR0=0000000000000000 DR1=0000000000000000 DR2=0000000000000000 DR3=0000000000000000 
DR6=00000000ffff0ff0 DR7=0000000000000400
CCS=0000000000000095 CCD=ffffffffffffffff CCO=EFLAGS
EFER=0000000000000500
Servicing hardware INT=0x20
    81: v=20 e=0000 i=0 cpl=0 IP=0008:00000000001015d5 pc=00000000001015d5 SP=0010:0000000000107f48 env->regs[R_EAX]=0000000000000000
RAX=0000000000000000 RBX=0000000000000000 RCX=000000000000005d RDX=0000000000000061
RSI=0000000000000023 RDI=0000000000000064 RBP=0000000000107f60 RSP=0000000000107f48
R8 =0000000000000000 R9 =0000000000000000 R10=0000000000000000 R11=0000000000000000
R12=0000000000000000 R13=0000000000000000 R14=0000000000000000 R15=0000000000000000
RIP=00000000001015d5 RFL=00000297 [--S-APC] CPL=0 II=0 A20=1 SMM=0 HLT=0
ES =0010 0000000000000000 ffffffff 00cf9300 DPL=0 DS   [-WA]
CS =0008 0000000000000000 ffffffff 00af9a00 DPL=0 CS64 [-R-]
SS =0010 0000000000000000 ffffffff 00cf9300 DPL=0 DS   [-WA]
DS =0010 0000000000000000 ffffffff 00cf9300 DPL=0 DS   [-WA]
FS =0010 0000000000000000 ffffffff 00cf9300 DPL=0 DS   [-WA]
GS =0010 0000000000000000 ffffffff 00cf9300 DPL=0 DS   [-WA]
LDT=0000 0000000000000000 0000ffff 00008200 DPL=0 LDT
TR =0000 0000000000000000 0000ffff 00008b00 DPL=0 TSS64-busy
GDT=     00000000001918c0 00000017
IDT=     00000000001900a0 00000fff
CR0=80000011 CR2=0000000000000000 CR3=0000000000104000 CR4=00000020
DR0=0000000000000000 DR1=0000000000000000 DR2=0000000000000000 DR3=0000000000000000 
DR6=00000000ffff0ff0 DR7=0000000000000400
CCS=0000000000000095 CCD=fffffffffffffff6 CCO=EFLAGS
EFER=0000000000000500
Servicing hardware INT=0x20
    82: v=20 e=0000 i=0 cpl=0 IP=0008:00000000001015d5 pc=00000000001015d5 SP=0010:0000000000107f48 env->regs[R_EAX]=0000000000000001
RAX=0000000000000001 RBX=0000000000000000 RCX=000000000000005d RDX=0000000000000061
RSI=0000000000000023 RDI=0000000000000064 RBP=0000000000107f60 RSP=0000000000107f48
R8 =0000000000000000 R9 =0000000000000000 R10=0000000000000000 R11=0000000000000000
R12=0000000000000000 R13=0000000000000000 R14=0000000000000000 R15=0000000000000000
RIP=00000000001015d5 RFL=00000293 [--S-A-C] CPL=0 II=0 A20=1 SMM=0 HLT=0
ES =0010 0000000000000000 ffffffff 00cf9300 DPL=0 DS   [-WA]
CS =0008 0000000000000000 ffffffff 00af9a00 DPL=0 CS64 [-R-]
SS =0010 0000000000000000 ffffffff 00cf9300 DPL=0 DS   [-WA]
DS =0010 0000000000000000 ffffffff 00cf9300 DPL=0 DS   [-WA]
FS =0010 0000000000000000 ffffffff 00cf9300 DPL=0 DS   [-WA]
GS =0010 0000000000000000 ffffffff 00cf9300 DPL=0 DS   [-WA]
LDT=0000 0000000000000000 0000ffff 00008200 DPL=0 LDT
TR =0000 0000000000000000 0000ffff 00008b00 DPL=0 TSS64-busy
GDT=     00000000001918c0 00000017
IDT=     00000000001900a0 00000fff
CR0=80000011 CR2=0000000000000000 CR3=0000000000104000 CR4=00000020
DR0=0000000000000000 DR1=0000000000000000 DR2=0000000000000000 DR3=0000000000000000 
DR6=00000000ffff0ff0 DR7=0000000000000400
CCS=0000000000000091 CCD=fffffffffffffff7 CCO=EFLAGS
EFER=0000000000000500
Servicing hardware INT=0x20
    83: v=20 e=0000 i=0 cpl=0 IP=0008:00000000001015d5 pc=00000000001015d5 SP=0010:0000000000107f48 env->regs[R_EAX]=0000000000000002
RAX=0000000000000002 RBX=0000000000000000 RCX=000000000000005d RDX=0000000000000061
RSI=0000000000000023 RDI=0000000000000064 RBP=0000000000107f60 RSP=0000000000107f48
R8 =0000000000000000 R9 =0000000000000000 R10=0000000000000000 R11=0000000000000000
R12=0000000000000000 R13=0000000000000000 R14=0000000000000000 R15=0000000000000000
RIP=00000000001015d5 RFL=00000293 [--S-A-C] CPL=0 II=0 A20=1 SMM=0 HLT=0
ES =0010 0000000000000000 ffffffff 00cf9300 DPL=0 DS   [-WA]
CS =0008 0000000000000000 ffffffff 00af9a00 DPL=0 CS64 [-R-]
SS =0010 0000000000000000 ffffffff 00cf9300 DPL=0 DS   [-WA]
DS =0010 0000000000000000 ffffffff 00cf9300 DPL=0 DS   [-WA]
FS =0010 0000000000000000 ffffffff 00cf9300 DPL=0 DS   [-WA]
GS =0010 0000000000000000 ffffffff 00cf9300 DPL=0 DS   [-WA]
LDT=0000 0000000000000000 0000ffff 00008200 DPL=0 LDT
TR =0000 0000000000000000 0000ffff 00008b00 DPL=0 TSS64-busy
GDT=     00000000001918c0 00000017
IDT=     00000000001900a0 00000fff
CR0=80000011 CR2=0000000000000000 CR3=0000000000104000 CR4=00000020
DR0=0000000000000000 DR1=0000000000000000 DR2=0000000000000000 DR3=0000000000000000 
DR6=00000000ffff0ff0 DR7=0000000000000400
CCS=0000000000000091 CCD=fffffffffffffff8 CCO=EFLAGS
EFER=0000000000000500
Servicing hardware INT=0x20
    84: v=20 e=0000 i=0 cpl=0 IP=0008:00000000001015d5 pc=00000000001015d5 SP=0010:0000000000107f48 env->regs[R_EAX]=0000000000000003
RAX=0000000000000003 RBX=0000000000000000 RCX=000000000000005d RDX=0000000000000061
RSI=0000000000000023 RDI=0000000000000064 RBP=0000000000107f60 RSP=0000000000107f48
R8 =0000000000000000 R9 =0000000000000000 R10=0000000000000000 R11=0000000000000000
R12=0000000000000000 R13=0000000000000000 R14=0000000000000000 R15=0000000000000000
RIP=00000000001015d5 RFL=00000297 [--S-APC] CPL=0 II=0 A20=1 SMM=0 HLT=0
ES =0010 0000000000000000 ffffffff 00cf9300 DPL=0 DS   [-WA]
CS =0008 0000000000000000 ffffffff 00af9a00 DPL=0 CS64 [-R-]
SS =0010 0000000000000000 ffffffff 00cf9300 DPL=0 DS   [-WA]
DS =0010 0000000000000000 ffffffff 00cf9300 DPL=0 DS   [-WA]
FS =0010 0000000000000000 ffffffff 00cf9300 DPL=0 DS   [-WA]
GS =0010 0000000000000000 ffffffff 00cf9300 DPL=0 DS   [-WA]
LDT=0000 0000000000000000 0000ffff 00008200 DPL=0 LDT
TR =0000 0000000000000000 0000ffff 00008b00 DPL=0 TSS64-busy
GDT=     00000000001918c0 00000017
IDT=     00000000001900a0 00000fff
CR0=80000011 CR2=0000000000000000 CR3=0000000000104000 CR4=00000020
DR0=0000000000000000 DR1=0000000000000000 DR2=0000000000000000 DR3=0000000000000000 
DR6=00000000ffff0ff0 DR7=0000000000000400
CCS=0000000000000095 CCD=fffffffffffffff9 CCO=EFLAGS
EFER=0000000000000500
Servicing hardware INT=0x20
    85: v=20 e=0000 i=0 cpl=0 IP=0008:00000000001015d5 pc=00000000001015d5 SP=0010:0000000000107f48 env->regs[R_EAX]=0000000000000004
RAX=0000000000000004 RBX=0000000000000000 RCX=000000000000005d RDX=0000000000000061
RSI=0000000000000023 RDI=0000000000000064 RBP=0000000000107f60 RSP=0000000000107f48
R8 =0000000000000000 R9 =0000000000000000 R10=0000000000000000 R11=0000000000000000
R12=0000000000000000 R13=0000000000000000 R14=0000000000000000 R15=0000000000000000
RIP=00000000001015d5 RFL=00000297 [--S-APC] CPL=0 II=0 A20=1 SMM=0 HLT=0
ES =0010 0000000000000000 ffffffff 00cf9300 DPL=0 DS   [-WA]
CS =0008 0000000000000000 ffffffff 00af9a00 DPL=0 CS64 [-R-]
SS =0010 0000000000000000 ffffffff 00cf9300 DPL=0 DS   [-WA]
DS =0010 0000000000000000 ffffffff 00cf9300 DPL=0 DS   [-WA]
FS =0010 0000000000000000 ffffffff 00cf9300 DPL=0 DS   [-WA]
GS =0010 0000000000000000 ffffffff 00cf9300 DPL=0 DS   [-WA]
LDT=0000 0000000000000000 0000ffff 00008200 DPL=0 LDT
TR =0000 0000000000000000 0000ffff 00008b00 DPL=0 TSS64-busy
GDT=     00000000001918c0 00000017
IDT=     00000000001900a0 00000fff
CR0=80000011 CR2=0000000000000000 CR3=0000000000104000 CR4=00000020
DR0=0000000000000000 DR1=0000000000000000 DR2=0000000000000000 DR3=0000000000000000 
DR6=00000000ffff0ff0 DR7=0000000000000400
CCS=0000000000000095 CCD=fffffffffffffffa CCO=EFLAGS
EFER=0000000000000500
Servicing hardware INT=0x20
    86: v=20 e=0000 i=0 cpl=0 IP=0008:00000000001015d5 pc=00000000001015d5 SP=0010:0000000000107f48 env->regs[R_EAX]=0000000000000005
RAX=0000000000000005 RBX=0000000000000000 RCX=000000000000005d RDX=0000000000000061
RSI=0000000000000023 RDI=0000000000000064 RBP=0000000000107f60 RSP=0000000000107f48
R8 =0000000000000000 R9 =0000000000000000 R10=0000000000000000 R11=0000000000000000
R12=0000000000000000 R13=0000000000000000 R14=0000000000000000 R15=0000000000000000
RIP=00000000001015d5 RFL=00000293 [--S-A-C] CPL=0 II=0 A20=1 SMM=0 HLT=0
ES =0010 0000000000000000 ffffffff 00cf9300 DPL=0 DS   [-WA]
CS =0008 0000000000000000 ffffffff 00af9a00 DPL=0 CS64 [-R-]
SS =0010 0000000000000000 ffffffff 00cf9300 DPL=0 DS   [-WA]
DS =0010 0000000000000000 ffffffff 00cf9300 DPL=0 DS   [-WA]
FS =0010 0000000000000000 ffffffff 00cf9300 DPL=0 DS   [-WA]
GS =0010 0000000000000000 ffffffff 00cf9300 DPL=0 DS   [-WA]
LDT=0000 0000000000000000 0000ffff 00008200 DPL=0 LDT
TR =0000 0000000000000000 0000ffff 00008b00 DPL=0 TSS64-busy
GDT=     00000000001918c0 00000017
IDT=     00000000001900a0 00000fff
CR0=80000011 CR2=0000000000000000 CR3=0000000000104000 CR4=00000020
DR0=0000000000000000 DR1=0000000000000000 DR2=0000000000000000 DR3=0000000000000000 
DR6=00000000ffff0ff0 DR7=0000000000000400
CCS=0000000000000091 CCD=fffffffffffffffb CCO=EFLAGS
EFER=0000000000000500
Servicing hardware INT=0x20
    87: v=20 e=0000 i=0 cpl=0 IP=0008:00000000001015d5 pc=00000000001015d5 SP=0010:0000000000107f48 env->regs[R_EAX]=0000000000000006
RAX=0000000000000006 RBX=0000000000000000 RCX=000000000000005d RDX=0000000000000061
RSI=0000000000000023 RDI=0000000000000064 RBP=0000000000107f60 RSP=0000000000107f48
R8 =0000000000000000 R9 =0000000000000000 R10=0000000000000000 R11=0000000000000000
R12=0000000000000000 R13=0000000000000000 R14=0000000000000000 R15=0000000000000000
RIP=00000000001015d5 RFL=00000297 [--S-APC] CPL=0 II=0 A20=1 SMM=0 HLT=0
ES =0010 0000000000000000 ffffffff 00cf9300 DPL=0 DS   [-WA]
CS =0008 0000000000000000 ffffffff 00af9a00 DPL=0 CS64 [-R-]
SS =0010 0000000000000000 ffffffff 00cf9300 DPL=0 DS   [-WA]
DS =0010 0000000000000000 ffffffff 00cf9300 DPL=0 DS   [-WA]
FS =0010 0000000000000000 ffffffff 00cf9300 DPL=0 DS   [-WA]
GS =0010 0000000000000000 ffffffff 00cf9300 DPL=0 DS   [-WA]
LDT=0000 0000000000000000 0000ffff 00008200 DPL=0 LDT
TR =0000 0000000000000000 0000ffff 00008b00 DPL=0 TSS64-busy
GDT=     00000000001918c0 00000017
IDT=     00000000001900a0 00000fff
CR0=80000011 CR2=0000000000000000 CR3=0000000000104000 CR4=00000020
DR0=0000000000000000 DR1=0000000000000000 DR2=0000000000000000 DR3=0000000000000000 
DR6=00000000ffff0ff0 DR7=0000000000000400
CCS=0000000000000095 CCD=fffffffffffffffc CCO=EFLAGS
EFER=0000000000000500
Servicing hardware INT=0x20
    88: v=20 e=0000 i=0 cpl=0 IP=0008:00000000001015d5 pc=00000000001015d5 SP=0010:0000000000107f48 env->regs[R_EAX]=0000000000000007
RAX=0000000000000007 RBX=0000000000000000 RCX=000000000000005d RDX=0000000000000061
RSI=0000000000000023 RDI=0000000000000064 RBP=0000000000107f60 RSP=0000000000107f48
R8 =0000000000000000 R9 =0000000000000000 R10=0000000000000000 R11=0000000000000000
R12=0000000000000000 R13=0000000000000000 R14=0000000000000000 R15=0000000000000000
RIP=00000000001015d5 RFL=00000293 [--S-A-C] CPL=0 II=0 A20=1 SMM=0 HLT=0
ES =0010 0000000000000000 ffffffff 00cf9300 DPL=0 DS   [-WA]
CS =0008 0000000000000000 ffffffff 00af9a00 DPL=0 CS64 [-R-]
SS =0010 0000000000000000 ffffffff 00cf9300 DPL=0 DS   [-WA]
DS =0010 0000000000000000 ffffffff 00cf9300 DPL=0 DS   [-WA]
FS =0010 0000000000000000 ffffffff 00cf9300 DPL=0 DS   [-WA]
GS =0010 0000000000000000 ffffffff 00cf9300 DPL=0 DS   [-WA]
LDT=0000 0000000000000000 0000ffff 00008200 DPL=0 LDT
TR =0000 0000000000000000 0000ffff 00008b00 DPL=0 TSS64-busy
GDT=     00000000001918c0 00000017
IDT=     00000000001900a0 00000fff
CR0=80000011 CR2=0000000000000000 CR3=0000000000104000 CR4=00000020
DR0=0000000000000000 DR1=0000000000000000 DR2=0000000000000000 DR3=0000000000000000 
DR6=00000000ffff0ff0 DR7=0000000000000400
CCS=0000000000000091 CCD=fffffffffffffffd CCO=EFLAGS
EFER=0000000000000500
Servicing hardware INT=0x20
    89: v=20 e=0000 i=0 cpl=0 IP=0008:00000000001015d5 pc=00000000001015d5 SP=0010:0000000000107f48 env->regs[R_EAX]=0000000000000008
RAX=0000000000000008 RBX=0000000000000000 RCX=000000000000005d RDX=0000000000000061
RSI=0000000000000023 RDI=0000000000000064 RBP=0000000000107f60 RSP=0000000000107f48
R8 =0000000000000000 R9 =0000000000000000 R10=0000000000000000 R11=0000000000000000
R12=0000000000000000 R13=0000000000000000 R14=0000000000000000 R15=0000000000000000
RIP=00000000001015d5 RFL=00000293 [--S-A-C] CPL=0 II=0 A20=1 SMM=0 HLT=0
ES =0010 0000000000000000 ffffffff 00cf9300 DPL=0 DS   [-WA]
CS =0008 0000000000000000 ffffffff 00af9a00 DPL=0 CS64 [-R-]
SS =0010 0000000000000000 ffffffff 00cf9300 DPL=0 DS   [-WA]
DS =0010 0000000000000000 ffffffff 00cf9300 DPL=0 DS   [-WA]
FS =0010 0000000000000000 ffffffff 00cf9300 DPL=0 DS   [-WA]
GS =0010 0000000000000000 ffffffff 00cf9300 DPL=0 DS   [-WA]
LDT=0000 0000000000000000 0000ffff 00008200 DPL=0 LDT
TR =0000 0000000000000000 0000ffff 00008b00 DPL=0 TSS64-busy
GDT=     00000000001918c0 00000017
IDT=     00000000001900a0 00000fff
CR0=80000011 CR2=0000000000000000 CR3=0000000000104000 CR4=00000020
DR0=0000000000000000 DR1=0000000000000000 DR2=0000000000000000 DR3=0000000000000000 
DR6=00000000ffff0ff0 DR7=0000000000000400
CCS=0000000000000091 CCD=fffffffffffffffe CCO=EFLAGS
EFER=0000000000000500
Servicing hardware INT=0x20
    90: v=20 e=0000 i=0 cpl=0 IP=0008:00000000001015d5 pc=00000000001015d5 SP=0010:0000000000107f48 env->regs[R_EAX]=0000000000000009
RAX=0000000000000009 RBX=0000000000000000 RCX=000000000000005d RDX=0000000000000061
RSI=0000000000000023 RDI=0000000000000064 RBP=0000000000107f60 RSP=0000000000107f48
R8 =0000000000000000 R9 =0000000000000000 R10=0000000000000000 R11=0000000000000000
R12=0000000000000000 R13=0000000000000000 R14=0000000000000000 R15=0000000000000000
RIP=00000000001015d5 RFL=00000297 [--S-APC] CPL=0 II=0 A20=1 SMM=0 HLT=0
ES =0010 0000000000000000 ffffffff 00cf9300 DPL=0 DS   [-WA]
CS =0008 0000000000000000 ffffffff 00af9a00 DPL=0 CS64 [-R-]
SS =0010 0000000000000000 ffffffff 00cf9300 DPL=0 DS   [-WA]
DS =0010 0000000000000000 ffffffff 00cf9300 DPL=0 DS   [-WA]
FS =0010 0000000000000000 ffffffff 00cf9300 DPL=0 DS   [-WA]
GS =0010 0000000000000000 ffffffff 00cf9300 DPL=0 DS   [-WA]
LDT=0000 0000000000000000 0000ffff 00008200 DPL=0 LDT
TR =0000 0000000000000000 0000ffff 00008b00 DPL=0 TSS64-busy
GDT=     00000000001918c0 00000017
IDT=     00000000001900a0 00000fff
CR0=80000011 CR2=0000000000000000 CR3=0000000000104000 CR4=00000020
DR0=0000000000000000 DR1=0000000000000000 DR2=0000000000000000 DR3=0000000000000000 
DR6=00000000ffff0ff0 DR7=0000000000000400
CCS=0000000000000095 CCD=ffffffffffffffff CCO=EFLAGS
EFER=0000000000000500
Servicing hardware INT=0x20
    91: v=20 e=0000 i=0 cpl=0 IP=0008:00000000001015d5 pc=00000000001015d5 SP=0010:0000000000107f58 env->regs[R_EAX]=0000000000000000
RAX=0000000000000000 RBX=0000000000000000 RCX=000000000000005d RDX=0000000000000061
RSI=0000000000000023 RDI=0000000000000096 RBP=0000000000107f70 RSP=0000000000107f58
R8 =0000000000000000 R9 =0000000000000000 R10=0000000000000000 R11=0000000000000000
R12=0000000000000000 R13=0000000000000000 R14=0000000000000000 R15=0000000000000000
RIP=00000000001015d5 RFL=00000293 [--S-A-C] CPL=0 II=0 A20=1 SMM=0 HLT=0
ES =0010 0000000000000000 ffffffff 00cf9300 DPL=0 DS   [-WA]
CS =0008 0000000000000000 ffffffff 00af9a00 DPL=0 CS64 [-R-]
SS =0010 0000000000000000 ffffffff 00cf9300 DPL=0 DS   [-WA]
DS =0010 0000000000000000 ffffffff 00cf9300 DPL=0 DS   [-WA]
FS =0010 0000000000000000 ffffffff 00cf9300 DPL=0 DS   [-WA]
GS =0010 0000000000000000 ffffffff 00cf9300 DPL=0 DS   [-WA]
LDT=0000 0000000000000000 0000ffff 00008200 DPL=0 LDT
TR =0000 0000000000000000 0000ffff 00008b00 DPL=0 TSS64-busy
GDT=     00000000001918c0 00000017
IDT=     00000000001900a0 00000fff
CR0=80000011 CR2=0000000000000000 CR3=0000000000104000 CR4=00000020
DR0=0000000000000000 DR1=0000000000000000 DR2=0000000000000000 DR3=0000000000000000 
DR6=00000000ffff0ff0 DR7=0000000000000400
CCS=0000000000000091 CCD=fffffffffffffff1 CCO=EFLAGS
EFER=0000000000000500
Servicing hardware INT=0x20
    92: v=20 e=0000 i=0 cpl=0 IP=0008:00000000001015d5 pc=00000000001015d5 SP=0010:0000000000107f58 env->regs[R_EAX]=0000000000000001
RAX=0000000000000001 RBX=0000000000000000 RCX=000000000000005d RDX=0000000000000061
RSI=0000000000000023 RDI=0000000000000096 RBP=0000000000107f70 RSP=0000000000107f58
R8 =0000000000000000 R9 =0000000000000000 R10=0000000000000000 R11=0000000000000000
R12=0000000000000000 R13=0000000000000000 R14=0000000000000000 R15=0000000000000000
RIP=00000000001015d5 RFL=00000293 [--S-A-C] CPL=0 II=0 A20=1 SMM=0 HLT=0
ES =0010 0000000000000000 ffffffff 00cf9300 DPL=0 DS   [-WA]
CS =0008 0000000000000000 ffffffff 00af9a00 DPL=0 CS64 [-R-]
SS =0010 0000000000000000 ffffffff 00cf9300 DPL=0 DS   [-WA]
DS =0010 0000000000000000 ffffffff 00cf9300 DPL=0 DS   [-WA]
FS =0010 0000000000000000 ffffffff 00cf9300 DPL=0 DS   [-WA]
GS =0010 0000000000000000 ffffffff 00cf9300 DPL=0 DS   [-WA]
LDT=0000 0000000000000000 0000ffff 00008200 DPL=0 LDT
TR =0000 0000000000000000 0000ffff 00008b00 DPL=0 TSS64-busy
GDT=     00000000001918c0 00000017
IDT=     00000000001900a0 00000fff
CR0=80000011 CR2=0000000000000000 CR3=0000000000104000 CR4=00000020
DR0=0000000000000000 DR1=0000000000000000 DR2=0000000000000000 DR3=0000000000000000 
DR6=00000000ffff0ff0 DR7=0000000000000400
CCS=0000000000000091 CCD=fffffffffffffff2 CCO=EFLAGS
EFER=0000000000000500
Servicing hardware INT=0x21
    93: v=21 e=0000 i=0 cpl=0 IP=0008:00000000001015d5 pc=00000000001015d5 SP=0010:0000000000107f58 env->regs[R_EAX]=0000000000000002
RAX=0000000000000002 RBX=0000000000000000 RCX=000000000000005d RDX=0000000000000061
RSI=0000000000000023 RDI=0000000000000096 RBP=0000000000107f70 RSP=0000000000107f58
R8 =0000000000000000 R9 =0000000000000000 R10=0000000000000000 R11=0000000000000000
R12=0000000000000000 R13=0000000000000000 R14=0000000000000000 R15=0000000000000000
RIP=00000000001015d5 RFL=00000297 [--S-APC] CPL=0 II=0 A20=1 SMM=0 HLT=0
ES =0010 0000000000000000 ffffffff 00cf9300 DPL=0 DS   [-WA]
CS =0008 0000000000000000 ffffffff 00af9a00 DPL=0 CS64 [-R-]
SS =0010 0000000000000000 ffffffff 00cf9300 DPL=0 DS   [-WA]
DS =0010 0000000000000000 ffffffff 00cf9300 DPL=0 DS   [-WA]
FS =0010 0000000000000000 ffffffff 00cf9300 DPL=0 DS   [-WA]
GS =0010 0000000000000000 ffffffff 00cf9300 DPL=0 DS   [-WA]
LDT=0000 0000000000000000 0000ffff 00008200 DPL=0 LDT
TR =0000 0000000000000000 0000ffff 00008b00 DPL=0 TSS64-busy
GDT=     00000000001918c0 00000017
IDT=     00000000001900a0 00000fff
CR0=80000011 CR2=0000000000000000 CR3=0000000000104000 CR4=00000020
DR0=0000000000000000 DR1=0000000000000000 DR2=0000000000000000 DR3=0000000000000000 
DR6=00000000ffff0ff0 DR7=0000000000000400
CCS=000000000000000f CCD=fffffffffffffff3 CCO=SUBL
EFER=0000000000000500
Servicing hardware INT=0x20
    94: v=20 e=0000 i=0 cpl=0 IP=0008:00000000001015d5 pc=00000000001015d5 SP=0010:0000000000107f58 env->regs[R_EAX]=0000000000000002
RAX=0000000000000002 RBX=0000000000000000 RCX=000000000000005d RDX=0000000000000061
RSI=0000000000000023 RDI=0000000000000096 RBP=0000000000107f70 RSP=0000000000107f58
R8 =0000000000000000 R9 =0000000000000000 R10=0000000000000000 R11=0000000000000000
R12=0000000000000000 R13=0000000000000000 R14=0000000000000000 R15=0000000000000000
RIP=00000000001015d5 RFL=00000297 [--S-APC] CPL=0 II=0 A20=1 SMM=0 HLT=0
ES =0010 0000000000000000 ffffffff 00cf9300 DPL=0 DS   [-WA]
CS =0008 0000000000000000 ffffffff 00af9a00 DPL=0 CS64 [-R-]
SS =0010 0000000000000000 ffffffff 00cf9300 DPL=0 DS   [-WA]
DS =0010 0000000000000000 ffffffff 00cf9300 DPL=0 DS   [-WA]
FS =0010 0000000000000000 ffffffff 00cf9300 DPL=0 DS   [-WA]
GS =0010 0000000000000000 ffffffff 00cf9300 DPL=0 DS   [-WA]
LDT=0000 0000000000000000 0000ffff 00008200 DPL=0 LDT
TR =0000 0000000000000000 0000ffff 00008b00 DPL=0 TSS64-busy
GDT=     00000000001918c0 00000017
IDT=     00000000001900a0 00000fff
CR0=80000011 CR2=0000000000000000 CR3=0000000000104000 CR4=00000020
DR0=0000000000000000 DR1=0000000000000000 DR2=0000000000000000 DR3=0000000000000000 
DR6=00000000ffff0ff0 DR7=0000000000000400
CCS=0000000000000095 CCD=fffffffffffffff3 CCO=EFLAGS
EFER=0000000000000500
Servicing hardware INT=0x20
    95: v=20 e=0000 i=0 cpl=0 IP=0008:00000000001015d5 pc=00000000001015d5 SP=0010:0000000000107f58 env->regs[R_EAX]=0000000000000003
RAX=0000000000000003 RBX=0000000000000000 RCX=000000000000005d RDX=0000000000000061
RSI=0000000000000023 RDI=0000000000000096 RBP=0000000000107f70 RSP=0000000000107f58
R8 =0000000000000000 R9 =0000000000000000 R10=0000000000000000 R11=0000000000000000
R12=0000000000000000 R13=0000000000000000 R14=0000000000000000 R15=0000000000000000
RIP=00000000001015d5 RFL=00000293 [--S-A-C] CPL=0 II=0 A20=1 SMM=0 HLT=0
ES =0010 0000000000000000 ffffffff 00cf9300 DPL=0 DS   [-WA]
CS =0008 0000000000000000 ffffffff 00af9a00 DPL=0 CS64 [-R-]
SS =0010 0000000000000000 ffffffff 00cf9300 DPL=0 DS   [-WA]
DS =0010 0000000000000000 ffffffff 00cf9300 DPL=0 DS   [-WA]
FS =0010 0000000000000000 ffffffff 00cf9300 DPL=0 DS   [-WA]
GS =0010 0000000000000000 ffffffff 00cf9300 DPL=0 DS   [-WA]
LDT=0000 0000000000000000 0000ffff 00008200 DPL=0 LDT
TR =0000 0000000000000000 0000ffff 00008b00 DPL=0 TSS64-busy
GDT=     00000000001918c0 00000017
IDT=     00000000001900a0 00000fff
CR0=80000011 CR2=0000000000000000 CR3=0000000000104000 CR4=00000020
DR0=0000000000000000 DR1=0000000000000000 DR2=0000000000000000 DR3=0000000000000000 
DR6=00000000ffff0ff0 DR7=0000000000000400
CCS=0000000000000091 CCD=fffffffffffffff4 CCO=EFLAGS
EFER=0000000000000500
Servicing hardware INT=0x20
    96: v=20 e=0000 i=0 cpl=0 IP=0008:00000000001015d5 pc=00000000001015d5 SP=0010:0000000000107f58 env->regs[R_EAX]=0000000000000004
RAX=0000000000000004 RBX=0000000000000000 RCX=000000000000005d RDX=0000000000000061
RSI=0000000000000023 RDI=0000000000000096 RBP=0000000000107f70 RSP=0000000000107f58
R8 =0000000000000000 R9 =0000000000000000 R10=0000000000000000 R11=0000000000000000
R12=0000000000000000 R13=0000000000000000 R14=0000000000000000 R15=0000000000000000
RIP=00000000001015d5 RFL=00000297 [--S-APC] CPL=0 II=0 A20=1 SMM=0 HLT=0
ES =0010 0000000000000000 ffffffff 00cf9300 DPL=0 DS   [-WA]
CS =0008 0000000000000000 ffffffff 00af9a00 DPL=0 CS64 [-R-]
SS =0010 0000000000000000 ffffffff 00cf9300 DPL=0 DS   [-WA]
DS =0010 0000000000000000 ffffffff 00cf9300 DPL=0 DS   [-WA]
FS =0010 0000000000000000 ffffffff 00cf9300 DPL=0 DS   [-WA]
GS =0010 0000000000000000 ffffffff 00cf9300 DPL=0 DS   [-WA]
LDT=0000 0000000000000000 0000ffff 00008200 DPL=0 LDT
TR =0000 0000000000000000 0000ffff 00008b00 DPL=0 TSS64-busy
GDT=     00000000001918c0 00000017
IDT=     00000000001900a0 00000fff
CR0=80000011 CR2=0000000000000000 CR3=0000000000104000 CR4=00000020
DR0=0000000000000000 DR1=0000000000000000 DR2=0000000000000000 DR3=0000000000000000 
DR6=00000000ffff0ff0 DR7=0000000000000400
CCS=0000000000000095 CCD=fffffffffffffff5 CCO=EFLAGS
EFER=0000000000000500
Servicing hardware INT=0x20
    97: v=20 e=0000 i=0 cpl=0 IP=0008:00000000001015d5 pc=00000000001015d5 SP=0010:0000000000107f58 env->regs[R_EAX]=0000000000000005
RAX=0000000000000005 RBX=0000000000000000 RCX=000000000000005d RDX=0000000000000061
RSI=0000000000000023 RDI=0000000000000096 RBP=0000000000107f70 RSP=0000000000107f58
R8 =0000000000000000 R9 =0000000000000000 R10=0000000000000000 R11=0000000000000000
R12=0000000000000000 R13=0000000000000000 R14=0000000000000000 R15=0000000000000000
RIP=00000000001015d5 RFL=00000297 [--S-APC] CPL=0 II=0 A20=1 SMM=0 HLT=0
ES =0010 0000000000000000 ffffffff 00cf9300 DPL=0 DS   [-WA]
CS =0008 0000000000000000 ffffffff 00af9a00 DPL=0 CS64 [-R-]
SS =0010 0000000000000000 ffffffff 00cf9300 DPL=0 DS   [-WA]
DS =0010 0000000000000000 ffffffff 00cf9300 DPL=0 DS   [-WA]
FS =0010 0000000000000000 ffffffff 00cf9300 DPL=0 DS   [-WA]
GS =0010 0000000000000000 ffffffff 00cf9300 DPL=0 DS   [-WA]
LDT=0000 0000000000000000 0000ffff 00008200 DPL=0 LDT
TR =0000 0000000000000000 0000ffff 00008b00 DPL=0 TSS64-busy
GDT=     00000000001918c0 00000017
IDT=     00000000001900a0 00000fff
CR0=80000011 CR2=0000000000000000 CR3=0000000000104000 CR4=00000020
DR0=0000000000000000 DR1=0000000000000000 DR2=0000000000000000 DR3=0000000000000000 
DR6=00000000ffff0ff0 DR7=0000000000000400
CCS=0000000000000095 CCD=fffffffffffffff6 CCO=EFLAGS
EFER=0000000000000500
Servicing hardware INT=0x20
    98: v=20 e=0000 i=0 cpl=0 IP=0008:00000000001015d5 pc=00000000001015d5 SP=0010:0000000000107f58 env->regs[R_EAX]=0000000000000006
RAX=0000000000000006 RBX=0000000000000000 RCX=000000000000005d RDX=0000000000000061
RSI=0000000000000023 RDI=0000000000000096 RBP=0000000000107f70 RSP=0000000000107f58
R8 =0000000000000000 R9 =0000000000000000 R10=0000000000000000 R11=0000000000000000
R12=0000000000000000 R13=0000000000000000 R14=0000000000000000 R15=0000000000000000
RIP=00000000001015d5 RFL=00000293 [--S-A-C] CPL=0 II=0 A20=1 SMM=0 HLT=0
ES =0010 0000000000000000 ffffffff 00cf9300 DPL=0 DS   [-WA]
CS =0008 0000000000000000 ffffffff 00af9a00 DPL=0 CS64 [-R-]
SS =0010 0000000000000000 ffffffff 00cf9300 DPL=0 DS   [-WA]
DS =0010 0000000000000000 ffffffff 00cf9300 DPL=0 DS   [-WA]
FS =0010 0000000000000000 ffffffff 00cf9300 DPL=0 DS   [-WA]
GS =0010 0000000000000000 ffffffff 00cf9300 DPL=0 DS   [-WA]
LDT=0000 0000000000000000 0000ffff 00008200 DPL=0 LDT
TR =0000 0000000000000000 0000ffff 00008b00 DPL=0 TSS64-busy
GDT=     00000000001918c0 00000017
IDT=     00000000001900a0 00000fff
CR0=80000011 CR2=0000000000000000 CR3=0000000000104000 CR4=00000020
DR0=0000000000000000 DR1=0000000000000000 DR2=0000000000000000 DR3=0000000000000000 
DR6=00000000ffff0ff0 DR7=0000000000000400
CCS=0000000000000091 CCD=fffffffffffffff7 CCO=EFLAGS
EFER=0000000000000500
Servicing hardware INT=0x20
    99: v=20 e=0000 i=0 cpl=0 IP=0008:00000000001015d5 pc=00000000001015d5 SP=0010:0000000000107f58 env->regs[R_EAX]=0000000000000007
RAX=0000000000000007 RBX=0000000000000000 RCX=000000000000005d RDX=0000000000000061
RSI=0000000000000023 RDI=0000000000000096 RBP=0000000000107f70 RSP=0000000000107f58
R8 =0000000000000000 R9 =0000000000000000 R10=0000000000000000 R11=0000000000000000
R12=0000000000000000 R13=0000000000000000 R14=0000000000000000 R15=0000000000000000
RIP=00000000001015d5 RFL=00000293 [--S-A-C] CPL=0 II=0 A20=1 SMM=0 HLT=0
ES =0010 0000000000000000 ffffffff 00cf9300 DPL=0 DS   [-WA]
CS =0008 0000000000000000 ffffffff 00af9a00 DPL=0 CS64 [-R-]
SS =0010 0000000000000000 ffffffff 00cf9300 DPL=0 DS   [-WA]
DS =0010 0000000000000000 ffffffff 00cf9300 DPL=0 DS   [-WA]
FS =0010 0000000000000000 ffffffff 00cf9300 DPL=0 DS   [-WA]
GS =0010 0000000000000000 ffffffff 00cf9300 DPL=0 DS   [-WA]
LDT=0000 0000000000000000 0000ffff 00008200 DPL=0 LDT
TR =0000 0000000000000000 0000ffff 00008b00 DPL=0 TSS64-busy
GDT=     00000000001918c0 00000017
IDT=     00000000001900a0 00000fff
CR0=80000011 CR2=0000000000000000 CR3=0000000000104000 CR4=00000020
DR0=0000000000000000 DR1=0000000000000000 DR2=0000000000000000 DR3=0000000000000000 
DR6=00000000ffff0ff0 DR7=0000000000000400
CCS=0000000000000091 CCD=fffffffffffffff8 CCO=EFLAGS
EFER=0000000000000500
Servicing hardware INT=0x20
   100: v=20 e=0000 i=0 cpl=0 IP=0008:00000000001015d5 pc=00000000001015d5 SP=0010:0000000000107f58 env->regs[R_EAX]=0000000000000008
RAX=0000000000000008 RBX=0000000000000000 RCX=000000000000005d RDX=0000000000000061
RSI=0000000000000023 RDI=0000000000000096 RBP=0000000000107f70 RSP=0000000000107f58
R8 =0000000000000000 R9 =0000000000000000 R10=0000000000000000 R11=0000000000000000
R12=0000000000000000 R13=0000000000000000 R14=0000000000000000 R15=0000000000000000
RIP=00000000001015d5 RFL=00000297 [--S-APC] CPL=0 II=0 A20=1 SMM=0 HLT=0
ES =0010 0000000000000000 ffffffff 00cf9300 DPL=0 DS   [-WA]
CS =0008 0000000000000000 ffffffff 00af9a00 DPL=0 CS64 [-R-]
SS =0010 0000000000000000 ffffffff 00cf9300 DPL=0 DS   [-WA]
DS =0010 0000000000000000 ffffffff 00cf9300 DPL=0 DS   [-WA]
FS =0010 0000000000000000 ffffffff 00cf9300 DPL=0 DS   [-WA]
GS =0010 0000000000000000 ffffffff 00cf9300 DPL=0 DS   [-WA]
LDT=0000 0000000000000000 0000ffff 00008200 DPL=0 LDT
TR =0000 0000000000000000 0000ffff 00008b00 DPL=0 TSS64-busy
GDT=     00000000001918c0 00000017
IDT=     00000000001900a0 00000fff
CR0=80000011 CR2=0000000000000000 CR3=0000000000104000 CR4=00000020
DR0=0000000000000000 DR1=0000000000000000 DR2=0000000000000000 DR3=0000000000000000 
DR6=00000000ffff0ff0 DR7=0000000000000400
CCS=0000000000000095 CCD=fffffffffffffff9 CCO=EFLAGS
EFER=0000000000000500
Servicing hardware INT=0x20
   101: v=20 e=0000 i=0 cpl=0 IP=0008:00000000001015d5 pc=00000000001015d5 SP=0010:0000000000107f58 env->regs[R_EAX]=0000000000000009
RAX=0000000000000009 RBX=0000000000000000 RCX=000000000000005d RDX=0000000000000061
RSI=0000000000000023 RDI=0000000000000096 RBP=0000000000107f70 RSP=0000000000107f58
R8 =0000000000000000 R9 =0000000000000000 R10=0000000000000000 R11=0000000000000000
R12=0000000000000000 R13=0000000000000000 R14=0000000000000000 R15=0000000000000000
RIP=00000000001015d5 RFL=00000297 [--S-APC] CPL=0 II=0 A20=1 SMM=0 HLT=0
ES =0010 0000000000000000 ffffffff 00cf9300 DPL=0 DS   [-WA]
CS =0008 0000000000000000 ffffffff 00af9a00 DPL=0 CS64 [-R-]
SS =0010 0000000000000000 ffffffff 00cf9300 DPL=0 DS   [-WA]
DS =0010 0000000000000000 ffffffff 00cf9300 DPL=0 DS   [-WA]
FS =0010 0000000000000000 ffffffff 00cf9300 DPL=0 DS   [-WA]
GS =0010 0000000000000000 ffffffff 00cf9300 DPL=0 DS   [-WA]
LDT=0000 0000000000000000 0000ffff 00008200 DPL=0 LDT
TR =0000 0000000000000000 0000ffff 00008b00 DPL=0 TSS64-busy
GDT=     00000000001918c0 00000017
IDT=     00000000001900a0 00000fff
CR0=80000011 CR2=0000000000000000 CR3=0000000000104000 CR4=00000020
DR0=0000000000000000 DR1=0000000000000000 DR2=0000000000000000 DR3=0000000000000000 
DR6=00000000ffff0ff0 DR7=0000000000000400
CCS=0000000000000095 CCD=fffffffffffffffa CCO=EFLAGS
EFER=0000000000000500
Servicing hardware INT=0x20
   102: v=20 e=0000 i=0 cpl=0 IP=0008:00000000001015d5 pc=00000000001015d5 SP=0010:0000000000107f58 env->regs[R_EAX]=000000000000000a
RAX=000000000000000a RBX=0000000000000000 RCX=000000000000005d RDX=0000000000000061
RSI=0000000000000023 RDI=0000000000000096 RBP=0000000000107f70 RSP=0000000000107f58
R8 =0000000000000000 R9 =0000000000000000 R10=0000000000000000 R11=0000000000000000
R12=0000000000000000 R13=0000000000000000 R14=0000000000000000 R15=0000000000000000
RIP=00000000001015d5 RFL=00000293 [--S-A-C] CPL=0 II=0 A20=1 SMM=0 HLT=0
ES =0010 0000000000000000 ffffffff 00cf9300 DPL=0 DS   [-WA]
CS =0008 0000000000000000 ffffffff 00af9a00 DPL=0 CS64 [-R-]
SS =0010 0000000000000000 ffffffff 00cf9300 DPL=0 DS   [-WA]
DS =0010 0000000000000000 ffffffff 00cf9300 DPL=0 DS   [-WA]
FS =0010 0000000000000000 ffffffff 00cf9300 DPL=0 DS   [-WA]
GS =0010 0000000000000000 ffffffff 00cf9300 DPL=0 DS   [-WA]
LDT=0000 0000000000000000 0000ffff 00008200 DPL=0 LDT
TR =0000 0000000000000000 0000ffff 00008b00 DPL=0 TSS64-busy
GDT=     00000000001918c0 00000017
IDT=     00000000001900a0 00000fff
CR0=80000011 CR2=0000000000000000 CR3=0000000000104000 CR4=00000020
DR0=0000000000000000 DR1=0000000000000000 DR2=0000000000000000 DR3=0000000000000000 
DR6=00000000ffff0ff0 DR7=0000000000000400
CCS=0000000000000091 CCD=fffffffffffffffb CCO=EFLAGS
EFER=0000000000000500
Servicing hardware INT=0x20
   103: v=20 e=0000 i=0 cpl=0 IP=0008:00000000001015d5 pc=00000000001015d5 SP=0010:0000000000107f58 env->regs[R_EAX]=000000000000000b
RAX=000000000000000b RBX=0000000000000000 RCX=000000000000005d RDX=0000000000000061
RSI=0000000000000023 RDI=0000000000000096 RBP=0000000000107f70 RSP=0000000000107f58
R8 =0000000000000000 R9 =0000000000000000 R10=0000000000000000 R11=0000000000000000
R12=0000000000000000 R13=0000000000000000 R14=0000000000000000 R15=0000000000000000
RIP=00000000001015d5 RFL=00000297 [--S-APC] CPL=0 II=0 A20=1 SMM=0 HLT=0
ES =0010 0000000000000000 ffffffff 00cf9300 DPL=0 DS   [-WA]
CS =0008 0000000000000000 ffffffff 00af9a00 DPL=0 CS64 [-R-]
SS =0010 0000000000000000 ffffffff 00cf9300 DPL=0 DS   [-WA]
DS =0010 0000000000000000 ffffffff 00cf9300 DPL=0 DS   [-WA]
FS =0010 0000000000000000 ffffffff 00cf9300 DPL=0 DS   [-WA]
GS =0010 0000000000000000 ffffffff 00cf9300 DPL=0 DS   [-WA]
LDT=0000 0000000000000000 0000ffff 00008200 DPL=0 LDT
TR =0000 0000000000000000 0000ffff 00008b00 DPL=0 TSS64-busy
GDT=     00000000001918c0 00000017
IDT=     00000000001900a0 00000fff
CR0=80000011 CR2=0000000000000000 CR3=0000000000104000 CR4=00000020
DR0=0000000000000000 DR1=0000000000000000 DR2=0000000000000000 DR3=0000000000000000 
DR6=00000000ffff0ff0 DR7=0000000000000400
CCS=0000000000000095 CCD=fffffffffffffffc CCO=EFLAGS
EFER=0000000000000500
Servicing hardware INT=0x20
   104: v=20 e=0000 i=0 cpl=0 IP=0008:00000000001015d5 pc=00000000001015d5 SP=0010:0000000000107f58 env->regs[R_EAX]=000000000000000c
RAX=000000000000000c RBX=0000000000000000 RCX=000000000000005d RDX=0000000000000061
RSI=0000000000000023 RDI=0000000000000096 RBP=0000000000107f70 RSP=0000000000107f58
R8 =0000000000000000 R9 =0000000000000000 R10=0000000000000000 R11=0000000000000000
R12=0000000000000000 R13=0000000000000000 R14=0000000000000000 R15=0000000000000000
RIP=00000000001015d5 RFL=00000293 [--S-A-C] CPL=0 II=0 A20=1 SMM=0 HLT=0
ES =0010 0000000000000000 ffffffff 00cf9300 DPL=0 DS   [-WA]
CS =0008 0000000000000000 ffffffff 00af9a00 DPL=0 CS64 [-R-]
SS =0010 0000000000000000 ffffffff 00cf9300 DPL=0 DS   [-WA]
DS =0010 0000000000000000 ffffffff 00cf9300 DPL=0 DS   [-WA]
FS =0010 0000000000000000 ffffffff 00cf9300 DPL=0 DS   [-WA]
GS =0010 0000000000000000 ffffffff 00cf9300 DPL=0 DS   [-WA]
LDT=0000 0000000000000000 0000ffff 00008200 DPL=0 LDT
TR =0000 0000000000000000 0000ffff 00008b00 DPL=0 TSS64-busy
GDT=     00000000001918c0 00000017
IDT=     00000000001900a0 00000fff
CR0=80000011 CR2=0000000000000000 CR3=0000000000104000 CR4=00000020
DR0=0000000000000000 DR1=0000000000000000 DR2=0000000000000000 DR3=0000000000000000 
DR6=00000000ffff0ff0 DR7=0000000000000400
CCS=0000000000000091 CCD=fffffffffffffffd CCO=EFLAGS
EFER=0000000000000500
Servicing hardware INT=0x20
   105: v=20 e=0000 i=0 cpl=0 IP=0008:00000000001015d5 pc=00000000001015d5 SP=0010:0000000000107f58 env->regs[R_EAX]=000000000000000d
RAX=000000000000000d RBX=0000000000000000 RCX=000000000000005d RDX=0000000000000061
RSI=0000000000000023 RDI=0000000000000096 RBP=0000000000107f70 RSP=0000000000107f58
R8 =0000000000000000 R9 =0000000000000000 R10=0000000000000000 R11=0000000000000000
R12=0000000000000000 R13=0000000000000000 R14=0000000000000000 R15=0000000000000000
RIP=00000000001015d5 RFL=00000293 [--S-A-C] CPL=0 II=0 A20=1 SMM=0 HLT=0
ES =0010 0000000000000000 ffffffff 00cf9300 DPL=0 DS   [-WA]
CS =0008 0000000000000000 ffffffff 00af9a00 DPL=0 CS64 [-R-]
SS =0010 0000000000000000 ffffffff 00cf9300 DPL=0 DS   [-WA]
DS =0010 0000000000000000 ffffffff 00cf9300 DPL=0 DS   [-WA]
FS =0010 0000000000000000 ffffffff 00cf9300 DPL=0 DS   [-WA]
GS =0010 0000000000000000 ffffffff 00cf9300 DPL=0 DS   [-WA]
LDT=0000 0000000000000000 0000ffff 00008200 DPL=0 LDT
TR =0000 0000000000000000 0000ffff 00008b00 DPL=0 TSS64-busy
GDT=     00000000001918c0 00000017
IDT=     00000000001900a0 00000fff
CR0=80000011 CR2=0000000000000000 CR3=0000000000104000 CR4=00000020
DR0=0000000000000000 DR1=0000000000000000 DR2=0000000000000000 DR3=0000000000000000 
DR6=00000000ffff0ff0 DR7=0000000000000400
CCS=0000000000000091 CCD=fffffffffffffffe CCO=EFLAGS
EFER=0000000000000500
Servicing hardware INT=0x20
   106: v=20 e=0000 i=0 cpl=0 IP=0008:00000000001015d5 pc=00000000001015d5 SP=0010:0000000000107f58 env->regs[R_EAX]=000000000000000e
RAX=000000000000000e RBX=0000000000000000 RCX=000000000000005d RDX=0000000000000061
RSI=0000000000000023 RDI=0000000000000096 RBP=0000000000107f70 RSP=0000000000107f58
R8 =0000000000000000 R9 =0000000000000000 R10=0000000000000000 R11=0000000000000000
R12=0000000000000000 R13=0000000000000000 R14=0000000000000000 R15=0000000000000000
RIP=00000000001015d5 RFL=00000297 [--S-APC] CPL=0 II=0 A20=1 SMM=0 HLT=0
ES =0010 0000000000000000 ffffffff 00cf9300 DPL=0 DS   [-WA]
CS =0008 0000000000000000 ffffffff 00af9a00 DPL=0 CS64 [-R-]
SS =0010 0000000000000000 ffffffff 00cf9300 DPL=0 DS   [-WA]
DS =0010 0000000000000000 ffffffff 00cf9300 DPL=0 DS   [-WA]
FS =0010 0000000000000000 ffffffff 00cf9300 DPL=0 DS   [-WA]
GS =0010 0000000000000000 ffffffff 00cf9300 DPL=0 DS   [-WA]
LDT=0000 0000000000000000 0000ffff 00008200 DPL=0 LDT
TR =0000 0000000000000000 0000ffff 00008b00 DPL=0 TSS64-busy
GDT=     00000000001918c0 00000017
IDT=     00000000001900a0 00000fff
CR0=80000011 CR2=0000000000000000 CR3=0000000000104000 CR4=00000020
DR0=0000000000000000 DR1=0000000000000000 DR2=0000000000000000 DR3=0000000000000000 
DR6=00000000ffff0ff0 DR7=0000000000000400
CCS=0000000000000095 CCD=ffffffffffffffff CCO=EFLAGS
EFER=0000000000000500
Servicing hardware INT=0x20
   107: v=20 e=0000 i=0 cpl=0 IP=0008:00000000001015d5 pc=00000000001015d5 SP=0010:0000000000107f58 env->regs[R_EAX]=0000000000000000
RAX=0000000000000000 RBX=0000000000000000 RCX=000000000000005d RDX=0000000000000061
RSI=0000000000000010 RDI=00000000000002bc RBP=0000000000107f70 RSP=0000000000107f58
R8 =0000000000000000 R9 =0000000000000000 R10=0000000000000000 R11=0000000000000000
R12=0000000000000000 R13=0000000000000000 R14=0000000000000000 R15=0000000000000000
RIP=00000000001015d5 RFL=00000293 [--S-A-C] CPL=0 II=0 A20=1 SMM=0 HLT=0
ES =0010 0000000000000000 ffffffff 00cf9300 DPL=0 DS   [-WA]
CS =0008 0000000000000000 ffffffff 00af9a00 DPL=0 CS64 [-R-]
SS =0010 0000000000000000 ffffffff 00cf9300 DPL=0 DS   [-WA]
DS =0010 0000000000000000 ffffffff 00cf9300 DPL=0 DS   [-WA]
FS =0010 0000000000000000 ffffffff 00cf9300 DPL=0 DS   [-WA]
GS =0010 0000000000000000 ffffffff 00cf9300 DPL=0 DS   [-WA]
LDT=0000 0000000000000000 0000ffff 00008200 DPL=0 LDT
TR =0000 0000000000000000 0000ffff 00008b00 DPL=0 TSS64-busy
GDT=     00000000001918c0 00000017
IDT=     00000000001900a0 00000fff
CR0=80000011 CR2=0000000000000000 CR3=0000000000104000 CR4=00000020
DR0=0000000000000000 DR1=0000000000000000 DR2=0000000000000000 DR3=0000000000000000 
DR6=00000000ffff0ff0 DR7=0000000000000400
CCS=0000000000000091 CCD=ffffffffffffffba CCO=EFLAGS
EFER=0000000000000500
Servicing hardware INT=0x20
   108: v=20 e=0000 i=0 cpl=0 IP=0008:00000000001015d5 pc=00000000001015d5 SP=0010:0000000000107f58 env->regs[R_EAX]=0000000000000001
RAX=0000000000000001 RBX=0000000000000000 RCX=000000000000005d RDX=0000000000000061
RSI=0000000000000010 RDI=00000000000002bc RBP=0000000000107f70 RSP=0000000000107f58
R8 =0000000000000000 R9 =0000000000000000 R10=0000000000000000 R11=0000000000000000
R12=0000000000000000 R13=0000000000000000 R14=0000000000000000 R15=0000000000000000
RIP=00000000001015d5 RFL=00000297 [--S-APC] CPL=0 II=0 A20=1 SMM=0 HLT=0
ES =0010 0000000000000000 ffffffff 00cf9300 DPL=0 DS   [-WA]
CS =0008 0000000000000000 ffffffff 00af9a00 DPL=0 CS64 [-R-]
SS =0010 0000000000000000 ffffffff 00cf9300 DPL=0 DS   [-WA]
DS =0010 0000000000000000 ffffffff 00cf9300 DPL=0 DS   [-WA]
FS =0010 0000000000000000 ffffffff 00cf9300 DPL=0 DS   [-WA]
GS =0010 0000000000000000 ffffffff 00cf9300 DPL=0 DS   [-WA]
LDT=0000 0000000000000000 0000ffff 00008200 DPL=0 LDT
TR =0000 0000000000000000 0000ffff 00008b00 DPL=0 TSS64-busy
GDT=     00000000001918c0 00000017
IDT=     00000000001900a0 00000fff
CR0=80000011 CR2=0000000000000000 CR3=0000000000104000 CR4=00000020
DR0=0000000000000000 DR1=0000000000000000 DR2=0000000000000000 DR3=0000000000000000 
DR6=00000000ffff0ff0 DR7=0000000000000400
CCS=0000000000000095 CCD=ffffffffffffffbb CCO=EFLAGS
EFER=0000000000000500
Servicing hardware INT=0x20
   109: v=20 e=0000 i=0 cpl=0 IP=0008:00000000001015d5 pc=00000000001015d5 SP=0010:0000000000107f58 env->regs[R_EAX]=0000000000000002
RAX=0000000000000002 RBX=0000000000000000 RCX=000000000000005d RDX=0000000000000061
RSI=0000000000000010 RDI=00000000000002bc RBP=0000000000107f70 RSP=0000000000107f58
R8 =0000000000000000 R9 =0000000000000000 R10=0000000000000000 R11=0000000000000000
R12=0000000000000000 R13=0000000000000000 R14=0000000000000000 R15=0000000000000000
RIP=00000000001015d5 RFL=00000293 [--S-A-C] CPL=0 II=0 A20=1 SMM=0 HLT=0
ES =0010 0000000000000000 ffffffff 00cf9300 DPL=0 DS   [-WA]
CS =0008 0000000000000000 ffffffff 00af9a00 DPL=0 CS64 [-R-]
SS =0010 0000000000000000 ffffffff 00cf9300 DPL=0 DS   [-WA]
DS =0010 0000000000000000 ffffffff 00cf9300 DPL=0 DS   [-WA]
FS =0010 0000000000000000 ffffffff 00cf9300 DPL=0 DS   [-WA]
GS =0010 0000000000000000 ffffffff 00cf9300 DPL=0 DS   [-WA]
LDT=0000 0000000000000000 0000ffff 00008200 DPL=0 LDT
TR =0000 0000000000000000 0000ffff 00008b00 DPL=0 TSS64-busy
GDT=     00000000001918c0 00000017
IDT=     00000000001900a0 00000fff
CR0=80000011 CR2=0000000000000000 CR3=0000000000104000 CR4=00000020
DR0=0000000000000000 DR1=0000000000000000 DR2=0000000000000000 DR3=0000000000000000 
DR6=00000000ffff0ff0 DR7=0000000000000400
CCS=0000000000000091 CCD=ffffffffffffffbc CCO=EFLAGS
EFER=0000000000000500
Servicing hardware INT=0x20
   110: v=20 e=0000 i=0 cpl=0 IP=0008:00000000001015d5 pc=00000000001015d5 SP=0010:0000000000107f58 env->regs[R_EAX]=0000000000000003
RAX=0000000000000003 RBX=0000000000000000 RCX=000000000000005d RDX=0000000000000061
RSI=0000000000000010 RDI=00000000000002bc RBP=0000000000107f70 RSP=0000000000107f58
R8 =0000000000000000 R9 =0000000000000000 R10=0000000000000000 R11=0000000000000000
R12=0000000000000000 R13=0000000000000000 R14=0000000000000000 R15=0000000000000000
RIP=00000000001015d5 RFL=00000297 [--S-APC] CPL=0 II=0 A20=1 SMM=0 HLT=0
ES =0010 0000000000000000 ffffffff 00cf9300 DPL=0 DS   [-WA]
CS =0008 0000000000000000 ffffffff 00af9a00 DPL=0 CS64 [-R-]
SS =0010 0000000000000000 ffffffff 00cf9300 DPL=0 DS   [-WA]
DS =0010 0000000000000000 ffffffff 00cf9300 DPL=0 DS   [-WA]
FS =0010 0000000000000000 ffffffff 00cf9300 DPL=0 DS   [-WA]
GS =0010 0000000000000000 ffffffff 00cf9300 DPL=0 DS   [-WA]
LDT=0000 0000000000000000 0000ffff 00008200 DPL=0 LDT
TR =0000 0000000000000000 0000ffff 00008b00 DPL=0 TSS64-busy
GDT=     00000000001918c0 00000017
IDT=     00000000001900a0 00000fff
CR0=80000011 CR2=0000000000000000 CR3=0000000000104000 CR4=00000020
DR0=0000000000000000 DR1=0000000000000000 DR2=0000000000000000 DR3=0000000000000000 
DR6=00000000ffff0ff0 DR7=0000000000000400
CCS=0000000000000095 CCD=ffffffffffffffbd CCO=EFLAGS
EFER=0000000000000500
Servicing hardware INT=0x20
   111: v=20 e=0000 i=0 cpl=0 IP=0008:00000000001015d5 pc=00000000001015d5 SP=0010:0000000000107f58 env->regs[R_EAX]=0000000000000004
RAX=0000000000000004 RBX=0000000000000000 RCX=000000000000005d RDX=0000000000000061
RSI=0000000000000010 RDI=00000000000002bc RBP=0000000000107f70 RSP=0000000000107f58
R8 =0000000000000000 R9 =0000000000000000 R10=0000000000000000 R11=0000000000000000
R12=0000000000000000 R13=0000000000000000 R14=0000000000000000 R15=0000000000000000
RIP=00000000001015d5 RFL=00000297 [--S-APC] CPL=0 II=0 A20=1 SMM=0 HLT=0
ES =0010 0000000000000000 ffffffff 00cf9300 DPL=0 DS   [-WA]
CS =0008 0000000000000000 ffffffff 00af9a00 DPL=0 CS64 [-R-]
SS =0010 0000000000000000 ffffffff 00cf9300 DPL=0 DS   [-WA]
DS =0010 0000000000000000 ffffffff 00cf9300 DPL=0 DS   [-WA]
FS =0010 0000000000000000 ffffffff 00cf9300 DPL=0 DS   [-WA]
GS =0010 0000000000000000 ffffffff 00cf9300 DPL=0 DS   [-WA]
LDT=0000 0000000000000000 0000ffff 00008200 DPL=0 LDT
TR =0000 0000000000000000 0000ffff 00008b00 DPL=0 TSS64-busy
GDT=     00000000001918c0 00000017
IDT=     00000000001900a0 00000fff
CR0=80000011 CR2=0000000000000000 CR3=0000000000104000 CR4=00000020
DR0=0000000000000000 DR1=0000000000000000 DR2=0000000000000000 DR3=0000000000000000 
DR6=00000000ffff0ff0 DR7=0000000000000400
CCS=0000000000000095 CCD=ffffffffffffffbe CCO=EFLAGS
EFER=0000000000000500
Servicing hardware INT=0x20
   112: v=20 e=0000 i=0 cpl=0 IP=0008:00000000001015d5 pc=00000000001015d5 SP=0010:0000000000107f58 env->regs[R_EAX]=0000000000000005
RAX=0000000000000005 RBX=0000000000000000 RCX=000000000000005d RDX=0000000000000061
RSI=0000000000000010 RDI=00000000000002bc RBP=0000000000107f70 RSP=0000000000107f58
R8 =0000000000000000 R9 =0000000000000000 R10=0000000000000000 R11=0000000000000000
R12=0000000000000000 R13=0000000000000000 R14=0000000000000000 R15=0000000000000000
RIP=00000000001015d5 RFL=00000293 [--S-A-C] CPL=0 II=0 A20=1 SMM=0 HLT=0
ES =0010 0000000000000000 ffffffff 00cf9300 DPL=0 DS   [-WA]
CS =0008 0000000000000000 ffffffff 00af9a00 DPL=0 CS64 [-R-]
SS =0010 0000000000000000 ffffffff 00cf9300 DPL=0 DS   [-WA]
DS =0010 0000000000000000 ffffffff 00cf9300 DPL=0 DS   [-WA]
FS =0010 0000000000000000 ffffffff 00cf9300 DPL=0 DS   [-WA]
GS =0010 0000000000000000 ffffffff 00cf9300 DPL=0 DS   [-WA]
LDT=0000 0000000000000000 0000ffff 00008200 DPL=0 LDT
TR =0000 0000000000000000 0000ffff 00008b00 DPL=0 TSS64-busy
GDT=     00000000001918c0 00000017
IDT=     00000000001900a0 00000fff
CR0=80000011 CR2=0000000000000000 CR3=0000000000104000 CR4=00000020
DR0=0000000000000000 DR1=0000000000000000 DR2=0000000000000000 DR3=0000000000000000 
DR6=00000000ffff0ff0 DR7=0000000000000400
CCS=0000000000000091 CCD=ffffffffffffffbf CCO=EFLAGS
EFER=0000000000000500
Servicing hardware INT=0x20
   113: v=20 e=0000 i=0 cpl=0 IP=0008:00000000001015d5 pc=00000000001015d5 SP=0010:0000000000107f58 env->regs[R_EAX]=0000000000000006
RAX=0000000000000006 RBX=0000000000000000 RCX=000000000000005d RDX=0000000000000061
RSI=0000000000000010 RDI=00000000000002bc RBP=0000000000107f70 RSP=0000000000107f58
R8 =0000000000000000 R9 =0000000000000000 R10=0000000000000000 R11=0000000000000000
R12=0000000000000000 R13=0000000000000000 R14=0000000000000000 R15=0000000000000000
RIP=00000000001015d5 RFL=00000287 [--S--PC] CPL=0 II=0 A20=1 SMM=0 HLT=0
ES =0010 0000000000000000 ffffffff 00cf9300 DPL=0 DS   [-WA]
CS =0008 0000000000000000 ffffffff 00af9a00 DPL=0 CS64 [-R-]
SS =0010 0000000000000000 ffffffff 00cf9300 DPL=0 DS   [-WA]
DS =0010 0000000000000000 ffffffff 00cf9300 DPL=0 DS   [-WA]
FS =0010 0000000000000000 ffffffff 00cf9300 DPL=0 DS   [-WA]
GS =0010 0000000000000000 ffffffff 00cf9300 DPL=0 DS   [-WA]
LDT=0000 0000000000000000 0000ffff 00008200 DPL=0 LDT
TR =0000 0000000000000000 0000ffff 00008b00 DPL=0 TSS64-busy
GDT=     00000000001918c0 00000017
IDT=     00000000001900a0 00000fff
CR0=80000011 CR2=0000000000000000 CR3=0000000000104000 CR4=00000020
DR0=0000000000000000 DR1=0000000000000000 DR2=0000000000000000 DR3=0000000000000000 
DR6=00000000ffff0ff0 DR7=0000000000000400
CCS=0000000000000085 CCD=ffffffffffffffc0 CCO=EFLAGS
EFER=0000000000000500
Servicing hardware INT=0x20
   114: v=20 e=0000 i=0 cpl=0 IP=0008:00000000001015d5 pc=00000000001015d5 SP=0010:0000000000107f58 env->regs[R_EAX]=0000000000000007
RAX=0000000000000007 RBX=0000000000000000 RCX=000000000000005d RDX=0000000000000061
RSI=0000000000000010 RDI=00000000000002bc RBP=0000000000107f70 RSP=0000000000107f58
R8 =0000000000000000 R9 =0000000000000000 R10=0000000000000000 R11=0000000000000000
R12=0000000000000000 R13=0000000000000000 R14=0000000000000000 R15=0000000000000000
RIP=00000000001015d5 RFL=00000283 [--S---C] CPL=0 II=0 A20=1 SMM=0 HLT=0
ES =0010 0000000000000000 ffffffff 00cf9300 DPL=0 DS   [-WA]
CS =0008 0000000000000000 ffffffff 00af9a00 DPL=0 CS64 [-R-]
SS =0010 0000000000000000 ffffffff 00cf9300 DPL=0 DS   [-WA]
DS =0010 0000000000000000 ffffffff 00cf9300 DPL=0 DS   [-WA]
FS =0010 0000000000000000 ffffffff 00cf9300 DPL=0 DS   [-WA]
GS =0010 0000000000000000 ffffffff 00cf9300 DPL=0 DS   [-WA]
LDT=0000 0000000000000000 0000ffff 00008200 DPL=0 LDT
TR =0000 0000000000000000 0000ffff 00008b00 DPL=0 TSS64-busy
GDT=     00000000001918c0 00000017
IDT=     00000000001900a0 00000fff
CR0=80000011 CR2=0000000000000000 CR3=0000000000104000 CR4=00000020
DR0=0000000000000000 DR1=0000000000000000 DR2=0000000000000000 DR3=0000000000000000 
DR6=00000000ffff0ff0 DR7=0000000000000400
CCS=0000000000000081 CCD=ffffffffffffffc1 CCO=EFLAGS
EFER=0000000000000500
Servicing hardware INT=0x20
   115: v=20 e=0000 i=0 cpl=0 IP=0008:00000000001015d5 pc=00000000001015d5 SP=0010:0000000000107f58 env->regs[R_EAX]=0000000000000008
RAX=0000000000000008 RBX=0000000000000000 RCX=000000000000005d RDX=0000000000000061
RSI=0000000000000010 RDI=00000000000002bc RBP=0000000000107f70 RSP=0000000000107f58
R8 =0000000000000000 R9 =0000000000000000 R10=0000000000000000 R11=0000000000000000
R12=0000000000000000 R13=0000000000000000 R14=0000000000000000 R15=0000000000000000
RIP=00000000001015d5 RFL=00000283 [--S---C] CPL=0 II=0 A20=1 SMM=0 HLT=0
ES =0010 0000000000000000 ffffffff 00cf9300 DPL=0 DS   [-WA]
CS =0008 0000000000000000 ffffffff 00af9a00 DPL=0 CS64 [-R-]
SS =0010 0000000000000000 ffffffff 00cf9300 DPL=0 DS   [-WA]
DS =0010 0000000000000000 ffffffff 00cf9300 DPL=0 DS   [-WA]
FS =0010 0000000000000000 ffffffff 00cf9300 DPL=0 DS   [-WA]
GS =0010 0000000000000000 ffffffff 00cf9300 DPL=0 DS   [-WA]
LDT=0000 0000000000000000 0000ffff 00008200 DPL=0 LDT
TR =0000 0000000000000000 0000ffff 00008b00 DPL=0 TSS64-busy
GDT=     00000000001918c0 00000017
IDT=     00000000001900a0 00000fff
CR0=80000011 CR2=0000000000000000 CR3=0000000000104000 CR4=00000020
DR0=0000000000000000 DR1=0000000000000000 DR2=0000000000000000 DR3=0000000000000000 
DR6=00000000ffff0ff0 DR7=0000000000000400
CCS=0000000000000081 CCD=ffffffffffffffc2 CCO=EFLAGS
EFER=0000000000000500
Servicing hardware INT=0x20
   116: v=20 e=0000 i=0 cpl=0 IP=0008:00000000001015d5 pc=00000000001015d5 SP=0010:0000000000107f58 env->regs[R_EAX]=0000000000000009
RAX=0000000000000009 RBX=0000000000000000 RCX=000000000000005d RDX=0000000000000061
RSI=0000000000000010 RDI=00000000000002bc RBP=0000000000107f70 RSP=0000000000107f58
R8 =0000000000000000 R9 =0000000000000000 R10=0000000000000000 R11=0000000000000000
R12=0000000000000000 R13=0000000000000000 R14=0000000000000000 R15=0000000000000000
RIP=00000000001015d5 RFL=00000287 [--S--PC] CPL=0 II=0 A20=1 SMM=0 HLT=0
ES =0010 0000000000000000 ffffffff 00cf9300 DPL=0 DS   [-WA]
CS =0008 0000000000000000 ffffffff 00af9a00 DPL=0 CS64 [-R-]
SS =0010 0000000000000000 ffffffff 00cf9300 DPL=0 DS   [-WA]
DS =0010 0000000000000000 ffffffff 00cf9300 DPL=0 DS   [-WA]
FS =0010 0000000000000000 ffffffff 00cf9300 DPL=0 DS   [-WA]
GS =0010 0000000000000000 ffffffff 00cf9300 DPL=0 DS   [-WA]
LDT=0000 0000000000000000 0000ffff 00008200 DPL=0 LDT
TR =0000 0000000000000000 0000ffff 00008b00 DPL=0 TSS64-busy
GDT=     00000000001918c0 00000017
IDT=     00000000001900a0 00000fff
CR0=80000011 CR2=0000000000000000 CR3=0000000000104000 CR4=00000020
DR0=0000000000000000 DR1=0000000000000000 DR2=0000000000000000 DR3=0000000000000000 
DR6=00000000ffff0ff0 DR7=0000000000000400
CCS=0000000000000085 CCD=ffffffffffffffc3 CCO=EFLAGS
EFER=0000000000000500
Servicing hardware INT=0x20
   117: v=20 e=0000 i=0 cpl=0 IP=0008:00000000001015d5 pc=00000000001015d5 SP=0010:0000000000107f58 env->regs[R_EAX]=000000000000000a
RAX=000000000000000a RBX=0000000000000000 RCX=000000000000005d RDX=0000000000000061
RSI=0000000000000010 RDI=00000000000002bc RBP=0000000000107f70 RSP=0000000000107f58
R8 =0000000000000000 R9 =0000000000000000 R10=0000000000000000 R11=0000000000000000
R12=0000000000000000 R13=0000000000000000 R14=0000000000000000 R15=0000000000000000
RIP=00000000001015d5 RFL=00000283 [--S---C] CPL=0 II=0 A20=1 SMM=0 HLT=0
ES =0010 0000000000000000 ffffffff 00cf9300 DPL=0 DS   [-WA]
CS =0008 0000000000000000 ffffffff 00af9a00 DPL=0 CS64 [-R-]
SS =0010 0000000000000000 ffffffff 00cf9300 DPL=0 DS   [-WA]
DS =0010 0000000000000000 ffffffff 00cf9300 DPL=0 DS   [-WA]
FS =0010 0000000000000000 ffffffff 00cf9300 DPL=0 DS   [-WA]
GS =0010 0000000000000000 ffffffff 00cf9300 DPL=0 DS   [-WA]
LDT=0000 0000000000000000 0000ffff 00008200 DPL=0 LDT
TR =0000 0000000000000000 0000ffff 00008b00 DPL=0 TSS64-busy
GDT=     00000000001918c0 00000017
IDT=     00000000001900a0 00000fff
CR0=80000011 CR2=0000000000000000 CR3=0000000000104000 CR4=00000020
DR0=0000000000000000 DR1=0000000000000000 DR2=0000000000000000 DR3=0000000000000000 
DR6=00000000ffff0ff0 DR7=0000000000000400
CCS=0000000000000081 CCD=ffffffffffffffc4 CCO=EFLAGS
EFER=0000000000000500
Servicing hardware INT=0x20
   118: v=20 e=0000 i=0 cpl=0 IP=0008:00000000001015d5 pc=00000000001015d5 SP=0010:0000000000107f58 env->regs[R_EAX]=000000000000000b
RAX=000000000000000b RBX=0000000000000000 RCX=000000000000005d RDX=0000000000000061
RSI=0000000000000010 RDI=00000000000002bc RBP=0000000000107f70 RSP=0000000000107f58
R8 =0000000000000000 R9 =0000000000000000 R10=0000000000000000 R11=0000000000000000
R12=0000000000000000 R13=0000000000000000 R14=0000000000000000 R15=0000000000000000
RIP=00000000001015d5 RFL=00000287 [--S--PC] CPL=0 II=0 A20=1 SMM=0 HLT=0
ES =0010 0000000000000000 ffffffff 00cf9300 DPL=0 DS   [-WA]
CS =0008 0000000000000000 ffffffff 00af9a00 DPL=0 CS64 [-R-]
SS =0010 0000000000000000 ffffffff 00cf9300 DPL=0 DS   [-WA]
DS =0010 0000000000000000 ffffffff 00cf9300 DPL=0 DS   [-WA]
FS =0010 0000000000000000 ffffffff 00cf9300 DPL=0 DS   [-WA]
GS =0010 0000000000000000 ffffffff 00cf9300 DPL=0 DS   [-WA]
LDT=0000 0000000000000000 0000ffff 00008200 DPL=0 LDT
TR =0000 0000000000000000 0000ffff 00008b00 DPL=0 TSS64-busy
GDT=     00000000001918c0 00000017
IDT=     00000000001900a0 00000fff
CR0=80000011 CR2=0000000000000000 CR3=0000000000104000 CR4=00000020
DR0=0000000000000000 DR1=0000000000000000 DR2=0000000000000000 DR3=0000000000000000 
DR6=00000000ffff0ff0 DR7=0000000000000400
CCS=0000000000000085 CCD=ffffffffffffffc5 CCO=EFLAGS
EFER=0000000000000500
Servicing hardware INT=0x20
   119: v=20 e=0000 i=0 cpl=0 IP=0008:00000000001015d5 pc=00000000001015d5 SP=0010:0000000000107f58 env->regs[R_EAX]=000000000000000c
RAX=000000000000000c RBX=0000000000000000 RCX=000000000000005d RDX=0000000000000061
RSI=0000000000000010 RDI=00000000000002bc RBP=0000000000107f70 RSP=0000000000107f58
R8 =0000000000000000 R9 =0000000000000000 R10=0000000000000000 R11=0000000000000000
R12=0000000000000000 R13=0000000000000000 R14=0000000000000000 R15=0000000000000000
RIP=00000000001015d5 RFL=00000287 [--S--PC] CPL=0 II=0 A20=1 SMM=0 HLT=0
ES =0010 0000000000000000 ffffffff 00cf9300 DPL=0 DS   [-WA]
CS =0008 0000000000000000 ffffffff 00af9a00 DPL=0 CS64 [-R-]
SS =0010 0000000000000000 ffffffff 00cf9300 DPL=0 DS   [-WA]
DS =0010 0000000000000000 ffffffff 00cf9300 DPL=0 DS   [-WA]
FS =0010 0000000000000000 ffffffff 00cf9300 DPL=0 DS   [-WA]
GS =0010 0000000000000000 ffffffff 00cf9300 DPL=0 DS   [-WA]
LDT=0000 0000000000000000 0000ffff 00008200 DPL=0 LDT
TR =0000 0000000000000000 0000ffff 00008b00 DPL=0 TSS64-busy
GDT=     00000000001918c0 00000017
IDT=     00000000001900a0 00000fff
CR0=80000011 CR2=0000000000000000 CR3=0000000000104000 CR4=00000020
DR0=0000000000000000 DR1=0000000000000000 DR2=0000000000000000 DR3=0000000000000000 
DR6=00000000ffff0ff0 DR7=0000000000000400
CCS=0000000000000085 CCD=ffffffffffffffc6 CCO=EFLAGS
EFER=0000000000000500
Servicing hardware INT=0x20
   120: v=20 e=0000 i=0 cpl=0 IP=0008:00000000001015d5 pc=00000000001015d5 SP=0010:0000000000107f58 env->regs[R_EAX]=000000000000000d
RAX=000000000000000d RBX=0000000000000000 RCX=000000000000005d RDX=0000000000000061
RSI=0000000000000010 RDI=00000000000002bc RBP=0000000000107f70 RSP=0000000000107f58
R8 =0000000000000000 R9 =0000000000000000 R10=0000000000000000 R11=0000000000000000
R12=0000000000000000 R13=0000000000000000 R14=0000000000000000 R15=0000000000000000
RIP=00000000001015d5 RFL=00000283 [--S---C] CPL=0 II=0 A20=1 SMM=0 HLT=0
ES =0010 0000000000000000 ffffffff 00cf9300 DPL=0 DS   [-WA]
CS =0008 0000000000000000 ffffffff 00af9a00 DPL=0 CS64 [-R-]
SS =0010 0000000000000000 ffffffff 00cf9300 DPL=0 DS   [-WA]
DS =0010 0000000000000000 ffffffff 00cf9300 DPL=0 DS   [-WA]
FS =0010 0000000000000000 ffffffff 00cf9300 DPL=0 DS   [-WA]
GS =0010 0000000000000000 ffffffff 00cf9300 DPL=0 DS   [-WA]
LDT=0000 0000000000000000 0000ffff 00008200 DPL=0 LDT
TR =0000 0000000000000000 0000ffff 00008b00 DPL=0 TSS64-busy
GDT=     00000000001918c0 00000017
IDT=     00000000001900a0 00000fff
CR0=80000011 CR2=0000000000000000 CR3=0000000000104000 CR4=00000020
DR0=0000000000000000 DR1=0000000000000000 DR2=0000000000000000 DR3=0000000000000000 
DR6=00000000ffff0ff0 DR7=0000000000000400
CCS=0000000000000081 CCD=ffffffffffffffc7 CCO=EFLAGS
EFER=0000000000000500
Servicing hardware INT=0x20
   121: v=20 e=0000 i=0 cpl=0 IP=0008:00000000001015d5 pc=00000000001015d5 SP=0010:0000000000107f58 env->regs[R_EAX]=000000000000000e
RAX=000000000000000e RBX=0000000000000000 RCX=000000000000005d RDX=0000000000000061
RSI=0000000000000010 RDI=00000000000002bc RBP=0000000000107f70 RSP=0000000000107f58
R8 =0000000000000000 R9 =0000000000000000 R10=0000000000000000 R11=0000000000000000
R12=0000000000000000 R13=0000000000000000 R14=0000000000000000 R15=0000000000000000
RIP=00000000001015d5 RFL=00000283 [--S---C] CPL=0 II=0 A20=1 SMM=0 HLT=0
ES =0010 0000000000000000 ffffffff 00cf9300 DPL=0 DS   [-WA]
CS =0008 0000000000000000 ffffffff 00af9a00 DPL=0 CS64 [-R-]
SS =0010 0000000000000000 ffffffff 00cf9300 DPL=0 DS   [-WA]
DS =0010 0000000000000000 ffffffff 00cf9300 DPL=0 DS   [-WA]
FS =0010 0000000000000000 ffffffff 00cf9300 DPL=0 DS   [-WA]
GS =0010 0000000000000000 ffffffff 00cf9300 DPL=0 DS   [-WA]
LDT=0000 0000000000000000 0000ffff 00008200 DPL=0 LDT
TR =0000 0000000000000000 0000ffff 00008b00 DPL=0 TSS64-busy
GDT=     00000000001918c0 00000017
IDT=     00000000001900a0 00000fff
CR0=80000011 CR2=0000000000000000 CR3=0000000000104000 CR4=00000020
DR0=0000000000000000 DR1=0000000000000000 DR2=0000000000000000 DR3=0000000000000000 
DR6=00000000ffff0ff0 DR7=0000000000000400
CCS=0000000000000081 CCD=ffffffffffffffc8 CCO=EFLAGS
EFER=0000000000000500
Servicing hardware INT=0x20
   122: v=20 e=0000 i=0 cpl=0 IP=0008:00000000001015d5 pc=00000000001015d5 SP=0010:0000000000107f58 env->regs[R_EAX]=000000000000000f
RAX=000000000000000f RBX=0000000000000000 RCX=000000000000005d RDX=0000000000000061
RSI=0000000000000010 RDI=00000000000002bc RBP=0000000000107f70 RSP=0000000000107f58
R8 =0000000000000000 R9 =0000000000000000 R10=0000000000000000 R11=0000000000000000
R12=0000000000000000 R13=0000000000000000 R14=0000000000000000 R15=0000000000000000
RIP=00000000001015d5 RFL=00000287 [--S--PC] CPL=0 II=0 A20=1 SMM=0 HLT=0
ES =0010 0000000000000000 ffffffff 00cf9300 DPL=0 DS   [-WA]
CS =0008 0000000000000000 ffffffff 00af9a00 DPL=0 CS64 [-R-]
SS =0010 0000000000000000 ffffffff 00cf9300 DPL=0 DS   [-WA]
DS =0010 0000000000000000 ffffffff 00cf9300 DPL=0 DS   [-WA]
FS =0010 0000000000000000 ffffffff 00cf9300 DPL=0 DS   [-WA]
GS =0010 0000000000000000 ffffffff 00cf9300 DPL=0 DS   [-WA]
LDT=0000 0000000000000000 0000ffff 00008200 DPL=0 LDT
TR =0000 0000000000000000 0000ffff 00008b00 DPL=0 TSS64-busy
GDT=     00000000001918c0 00000017
IDT=     00000000001900a0 00000fff
CR0=80000011 CR2=0000000000000000 CR3=0000000000104000 CR4=00000020
DR0=0000000000000000 DR1=0000000000000000 DR2=0000000000000000 DR3=0000000000000000 
DR6=00000000ffff0ff0 DR7=0000000000000400
CCS=0000000000000085 CCD=ffffffffffffffc9 CCO=EFLAGS
EFER=0000000000000500
Servicing hardware INT=0x20
   123: v=20 e=0000 i=0 cpl=0 IP=0008:00000000001015d5 pc=00000000001015d5 SP=0010:0000000000107f58 env->regs[R_EAX]=0000000000000010
RAX=0000000000000010 RBX=0000000000000000 RCX=000000000000005d RDX=0000000000000061
RSI=0000000000000010 RDI=00000000000002bc RBP=0000000000107f70 RSP=0000000000107f58
R8 =0000000000000000 R9 =0000000000000000 R10=0000000000000000 R11=0000000000000000
R12=0000000000000000 R13=0000000000000000 R14=0000000000000000 R15=0000000000000000
RIP=00000000001015d5 RFL=00000297 [--S-APC] CPL=0 II=0 A20=1 SMM=0 HLT=0
ES =0010 0000000000000000 ffffffff 00cf9300 DPL=0 DS   [-WA]
CS =0008 0000000000000000 ffffffff 00af9a00 DPL=0 CS64 [-R-]
SS =0010 0000000000000000 ffffffff 00cf9300 DPL=0 DS   [-WA]
DS =0010 0000000000000000 ffffffff 00cf9300 DPL=0 DS   [-WA]
FS =0010 0000000000000000 ffffffff 00cf9300 DPL=0 DS   [-WA]
GS =0010 0000000000000000 ffffffff 00cf9300 DPL=0 DS   [-WA]
LDT=0000 0000000000000000 0000ffff 00008200 DPL=0 LDT
TR =0000 0000000000000000 0000ffff 00008b00 DPL=0 TSS64-busy
GDT=     00000000001918c0 00000017
IDT=     00000000001900a0 00000fff
CR0=80000011 CR2=0000000000000000 CR3=0000000000104000 CR4=00000020
DR0=0000000000000000 DR1=0000000000000000 DR2=0000000000000000 DR3=0000000000000000 
DR6=00000000ffff0ff0 DR7=0000000000000400
CCS=0000000000000095 CCD=ffffffffffffffca CCO=EFLAGS
EFER=0000000000000500
Servicing hardware INT=0x20
   124: v=20 e=0000 i=0 cpl=0 IP=0008:00000000001015d5 pc=00000000001015d5 SP=0010:0000000000107f58 env->regs[R_EAX]=0000000000000011
RAX=0000000000000011 RBX=0000000000000000 RCX=000000000000005d RDX=0000000000000061
RSI=0000000000000010 RDI=00000000000002bc RBP=0000000000107f70 RSP=0000000000107f58
R8 =0000000000000000 R9 =0000000000000000 R10=0000000000000000 R11=0000000000000000
R12=0000000000000000 R13=0000000000000000 R14=0000000000000000 R15=0000000000000000
RIP=00000000001015d5 RFL=00000293 [--S-A-C] CPL=0 II=0 A20=1 SMM=0 HLT=0
ES =0010 0000000000000000 ffffffff 00cf9300 DPL=0 DS   [-WA]
CS =0008 0000000000000000 ffffffff 00af9a00 DPL=0 CS64 [-R-]
SS =0010 0000000000000000 ffffffff 00cf9300 DPL=0 DS   [-WA]
DS =0010 0000000000000000 ffffffff 00cf9300 DPL=0 DS   [-WA]
FS =0010 0000000000000000 ffffffff 00cf9300 DPL=0 DS   [-WA]
GS =0010 0000000000000000 ffffffff 00cf9300 DPL=0 DS   [-WA]
LDT=0000 0000000000000000 0000ffff 00008200 DPL=0 LDT
TR =0000 0000000000000000 0000ffff 00008b00 DPL=0 TSS64-busy
GDT=     00000000001918c0 00000017
IDT=     00000000001900a0 00000fff
CR0=80000011 CR2=0000000000000000 CR3=0000000000104000 CR4=00000020
DR0=0000000000000000 DR1=0000000000000000 DR2=0000000000000000 DR3=0000000000000000 
DR6=00000000ffff0ff0 DR7=0000000000000400
CCS=0000000000000091 CCD=ffffffffffffffcb CCO=EFLAGS
EFER=0000000000000500
Servicing hardware INT=0x20
   125: v=20 e=0000 i=0 cpl=0 IP=0008:00000000001015d5 pc=00000000001015d5 SP=0010:0000000000107f58 env->regs[R_EAX]=0000000000000012
RAX=0000000000000012 RBX=0000000000000000 RCX=000000000000005d RDX=0000000000000061
RSI=0000000000000010 RDI=00000000000002bc RBP=0000000000107f70 RSP=0000000000107f58
R8 =0000000000000000 R9 =0000000000000000 R10=0000000000000000 R11=0000000000000000
R12=0000000000000000 R13=0000000000000000 R14=0000000000000000 R15=0000000000000000
RIP=00000000001015d5 RFL=00000297 [--S-APC] CPL=0 II=0 A20=1 SMM=0 HLT=0
ES =0010 0000000000000000 ffffffff 00cf9300 DPL=0 DS   [-WA]
CS =0008 0000000000000000 ffffffff 00af9a00 DPL=0 CS64 [-R-]
SS =0010 0000000000000000 ffffffff 00cf9300 DPL=0 DS   [-WA]
DS =0010 0000000000000000 ffffffff 00cf9300 DPL=0 DS   [-WA]
FS =0010 0000000000000000 ffffffff 00cf9300 DPL=0 DS   [-WA]
GS =0010 0000000000000000 ffffffff 00cf9300 DPL=0 DS   [-WA]
LDT=0000 0000000000000000 0000ffff 00008200 DPL=0 LDT
TR =0000 0000000000000000 0000ffff 00008b00 DPL=0 TSS64-busy
GDT=     00000000001918c0 00000017
IDT=     00000000001900a0 00000fff
CR0=80000011 CR2=0000000000000000 CR3=0000000000104000 CR4=00000020
DR0=0000000000000000 DR1=0000000000000000 DR2=0000000000000000 DR3=0000000000000000 
DR6=00000000ffff0ff0 DR7=0000000000000400
CCS=0000000000000095 CCD=ffffffffffffffcc CCO=EFLAGS
EFER=0000000000000500
Servicing hardware INT=0x20
   126: v=20 e=0000 i=0 cpl=0 IP=0008:00000000001015d5 pc=00000000001015d5 SP=0010:0000000000107f58 env->regs[R_EAX]=0000000000000013
RAX=0000000000000013 RBX=0000000000000000 RCX=000000000000005d RDX=0000000000000061
RSI=0000000000000010 RDI=00000000000002bc RBP=0000000000107f70 RSP=0000000000107f58
R8 =0000000000000000 R9 =0000000000000000 R10=0000000000000000 R11=0000000000000000
R12=0000000000000000 R13=0000000000000000 R14=0000000000000000 R15=0000000000000000
RIP=00000000001015d5 RFL=00000293 [--S-A-C] CPL=0 II=0 A20=1 SMM=0 HLT=0
ES =0010 0000000000000000 ffffffff 00cf9300 DPL=0 DS   [-WA]
CS =0008 0000000000000000 ffffffff 00af9a00 DPL=0 CS64 [-R-]
SS =0010 0000000000000000 ffffffff 00cf9300 DPL=0 DS   [-WA]
DS =0010 0000000000000000 ffffffff 00cf9300 DPL=0 DS   [-WA]
FS =0010 0000000000000000 ffffffff 00cf9300 DPL=0 DS   [-WA]
GS =0010 0000000000000000 ffffffff 00cf9300 DPL=0 DS   [-WA]
LDT=0000 0000000000000000 0000ffff 00008200 DPL=0 LDT
TR =0000 0000000000000000 0000ffff 00008b00 DPL=0 TSS64-busy
GDT=     00000000001918c0 00000017
IDT=     00000000001900a0 00000fff
CR0=80000011 CR2=0000000000000000 CR3=0000000000104000 CR4=00000020
DR0=0000000000000000 DR1=0000000000000000 DR2=0000000000000000 DR3=0000000000000000 
DR6=00000000ffff0ff0 DR7=0000000000000400
CCS=0000000000000091 CCD=ffffffffffffffcd CCO=EFLAGS
EFER=0000000000000500
Servicing hardware INT=0x20
   127: v=20 e=0000 i=0 cpl=0 IP=0008:00000000001015d5 pc=00000000001015d5 SP=0010:0000000000107f58 env->regs[R_EAX]=0000000000000014
RAX=0000000000000014 RBX=0000000000000000 RCX=000000000000005d RDX=0000000000000061
RSI=0000000000000010 RDI=00000000000002bc RBP=0000000000107f70 RSP=0000000000107f58
R8 =0000000000000000 R9 =0000000000000000 R10=0000000000000000 R11=0000000000000000
R12=0000000000000000 R13=0000000000000000 R14=0000000000000000 R15=0000000000000000
RIP=00000000001015d5 RFL=00000293 [--S-A-C] CPL=0 II=0 A20=1 SMM=0 HLT=0
ES =0010 0000000000000000 ffffffff 00cf9300 DPL=0 DS   [-WA]
CS =0008 0000000000000000 ffffffff 00af9a00 DPL=0 CS64 [-R-]
SS =0010 0000000000000000 ffffffff 00cf9300 DPL=0 DS   [-WA]
DS =0010 0000000000000000 ffffffff 00cf9300 DPL=0 DS   [-WA]
FS =0010 0000000000000000 ffffffff 00cf9300 DPL=0 DS   [-WA]
GS =0010 0000000000000000 ffffffff 00cf9300 DPL=0 DS   [-WA]
LDT=0000 0000000000000000 0000ffff 00008200 DPL=0 LDT
TR =0000 0000000000000000 0000ffff 00008b00 DPL=0 TSS64-busy
GDT=     00000000001918c0 00000017
IDT=     00000000001900a0 00000fff
CR0=80000011 CR2=0000000000000000 CR3=0000000000104000 CR4=00000020
DR0=0000000000000000 DR1=0000000000000000 DR2=0000000000000000 DR3=0000000000000000 
DR6=00000000ffff0ff0 DR7=0000000000000400
CCS=0000000000000091 CCD=ffffffffffffffce CCO=EFLAGS
EFER=0000000000000500
Servicing hardware INT=0x20
   128: v=20 e=0000 i=0 cpl=0 IP=0008:00000000001015d5 pc=00000000001015d5 SP=0010:0000000000107f58 env->regs[R_EAX]=0000000000000015
RAX=0000000000000015 RBX=0000000000000000 RCX=000000000000005d RDX=0000000000000061
RSI=0000000000000010 RDI=00000000000002bc RBP=0000000000107f70 RSP=0000000000107f58
R8 =0000000000000000 R9 =0000000000000000 R10=0000000000000000 R11=0000000000000000
R12=0000000000000000 R13=0000000000000000 R14=0000000000000000 R15=0000000000000000
RIP=00000000001015d5 RFL=00000297 [--S-APC] CPL=0 II=0 A20=1 SMM=0 HLT=0
ES =0010 0000000000000000 ffffffff 00cf9300 DPL=0 DS   [-WA]
CS =0008 0000000000000000 ffffffff 00af9a00 DPL=0 CS64 [-R-]
SS =0010 0000000000000000 ffffffff 00cf9300 DPL=0 DS   [-WA]
DS =0010 0000000000000000 ffffffff 00cf9300 DPL=0 DS   [-WA]
FS =0010 0000000000000000 ffffffff 00cf9300 DPL=0 DS   [-WA]
GS =0010 0000000000000000 ffffffff 00cf9300 DPL=0 DS   [-WA]
LDT=0000 0000000000000000 0000ffff 00008200 DPL=0 LDT
TR =0000 0000000000000000 0000ffff 00008b00 DPL=0 TSS64-busy
GDT=     00000000001918c0 00000017
IDT=     00000000001900a0 00000fff
CR0=80000011 CR2=0000000000000000 CR3=0000000000104000 CR4=00000020
DR0=0000000000000000 DR1=0000000000000000 DR2=0000000000000000 DR3=0000000000000000 
DR6=00000000ffff0ff0 DR7=0000000000000400
CCS=0000000000000095 CCD=ffffffffffffffcf CCO=EFLAGS
EFER=0000000000000500
Servicing hardware INT=0x20
   129: v=20 e=0000 i=0 cpl=0 IP=0008:00000000001015d5 pc=00000000001015d5 SP=0010:0000000000107f58 env->regs[R_EAX]=0000000000000016
RAX=0000000000000016 RBX=0000000000000000 RCX=000000000000005d RDX=0000000000000061
RSI=0000000000000010 RDI=00000000000002bc RBP=0000000000107f70 RSP=0000000000107f58
R8 =0000000000000000 R9 =0000000000000000 R10=0000000000000000 R11=0000000000000000
R12=0000000000000000 R13=0000000000000000 R14=0000000000000000 R15=0000000000000000
RIP=00000000001015d5 RFL=00000283 [--S---C] CPL=0 II=0 A20=1 SMM=0 HLT=0
ES =0010 0000000000000000 ffffffff 00cf9300 DPL=0 DS   [-WA]
CS =0008 0000000000000000 ffffffff 00af9a00 DPL=0 CS64 [-R-]
SS =0010 0000000000000000 ffffffff 00cf9300 DPL=0 DS   [-WA]
DS =0010 0000000000000000 ffffffff 00cf9300 DPL=0 DS   [-WA]
FS =0010 0000000000000000 ffffffff 00cf9300 DPL=0 DS   [-WA]
GS =0010 0000000000000000 ffffffff 00cf9300 DPL=0 DS   [-WA]
LDT=0000 0000000000000000 0000ffff 00008200 DPL=0 LDT
TR =0000 0000000000000000 0000ffff 00008b00 DPL=0 TSS64-busy
GDT=     00000000001918c0 00000017
IDT=     00000000001900a0 00000fff
CR0=80000011 CR2=0000000000000000 CR3=0000000000104000 CR4=00000020
DR0=0000000000000000 DR1=0000000000000000 DR2=0000000000000000 DR3=0000000000000000 
DR6=00000000ffff0ff0 DR7=0000000000000400
CCS=0000000000000081 CCD=ffffffffffffffd0 CCO=EFLAGS
EFER=0000000000000500
Servicing hardware INT=0x20
   130: v=20 e=0000 i=0 cpl=0 IP=0008:00000000001015d5 pc=00000000001015d5 SP=0010:0000000000107f58 env->regs[R_EAX]=0000000000000017
RAX=0000000000000017 RBX=0000000000000000 RCX=000000000000005d RDX=0000000000000061
RSI=0000000000000010 RDI=00000000000002bc RBP=0000000000107f70 RSP=0000000000107f58
R8 =0000000000000000 R9 =0000000000000000 R10=0000000000000000 R11=0000000000000000
R12=0000000000000000 R13=0000000000000000 R14=0000000000000000 R15=0000000000000000
RIP=00000000001015d5 RFL=00000287 [--S--PC] CPL=0 II=0 A20=1 SMM=0 HLT=0
ES =0010 0000000000000000 ffffffff 00cf9300 DPL=0 DS   [-WA]
CS =0008 0000000000000000 ffffffff 00af9a00 DPL=0 CS64 [-R-]
SS =0010 0000000000000000 ffffffff 00cf9300 DPL=0 DS   [-WA]
DS =0010 0000000000000000 ffffffff 00cf9300 DPL=0 DS   [-WA]
FS =0010 0000000000000000 ffffffff 00cf9300 DPL=0 DS   [-WA]
GS =0010 0000000000000000 ffffffff 00cf9300 DPL=0 DS   [-WA]
LDT=0000 0000000000000000 0000ffff 00008200 DPL=0 LDT
TR =0000 0000000000000000 0000ffff 00008b00 DPL=0 TSS64-busy
GDT=     00000000001918c0 00000017
IDT=     00000000001900a0 00000fff
CR0=80000011 CR2=0000000000000000 CR3=0000000000104000 CR4=00000020
DR0=0000000000000000 DR1=0000000000000000 DR2=0000000000000000 DR3=0000000000000000 
DR6=00000000ffff0ff0 DR7=0000000000000400
CCS=0000000000000085 CCD=ffffffffffffffd1 CCO=EFLAGS
EFER=0000000000000500
Servicing hardware INT=0x20
   131: v=20 e=0000 i=0 cpl=0 IP=0008:00000000001015d5 pc=00000000001015d5 SP=0010:0000000000107f58 env->regs[R_EAX]=0000000000000018
RAX=0000000000000018 RBX=0000000000000000 RCX=000000000000005d RDX=0000000000000061
RSI=0000000000000010 RDI=00000000000002bc RBP=0000000000107f70 RSP=0000000000107f58
R8 =0000000000000000 R9 =0000000000000000 R10=0000000000000000 R11=0000000000000000
R12=0000000000000000 R13=0000000000000000 R14=0000000000000000 R15=0000000000000000
RIP=00000000001015d5 RFL=00000287 [--S--PC] CPL=0 II=0 A20=1 SMM=0 HLT=0
ES =0010 0000000000000000 ffffffff 00cf9300 DPL=0 DS   [-WA]
CS =0008 0000000000000000 ffffffff 00af9a00 DPL=0 CS64 [-R-]
SS =0010 0000000000000000 ffffffff 00cf9300 DPL=0 DS   [-WA]
DS =0010 0000000000000000 ffffffff 00cf9300 DPL=0 DS   [-WA]
FS =0010 0000000000000000 ffffffff 00cf9300 DPL=0 DS   [-WA]
GS =0010 0000000000000000 ffffffff 00cf9300 DPL=0 DS   [-WA]
LDT=0000 0000000000000000 0000ffff 00008200 DPL=0 LDT
TR =0000 0000000000000000 0000ffff 00008b00 DPL=0 TSS64-busy
GDT=     00000000001918c0 00000017
IDT=     00000000001900a0 00000fff
CR0=80000011 CR2=0000000000000000 CR3=0000000000104000 CR4=00000020
DR0=0000000000000000 DR1=0000000000000000 DR2=0000000000000000 DR3=0000000000000000 
DR6=00000000ffff0ff0 DR7=0000000000000400
CCS=0000000000000085 CCD=ffffffffffffffd2 CCO=EFLAGS
EFER=0000000000000500
Servicing hardware INT=0x20
   132: v=20 e=0000 i=0 cpl=0 IP=0008:00000000001015d5 pc=00000000001015d5 SP=0010:0000000000107f58 env->regs[R_EAX]=0000000000000019
RAX=0000000000000019 RBX=0000000000000000 RCX=000000000000005d RDX=0000000000000061
RSI=0000000000000010 RDI=00000000000002bc RBP=0000000000107f70 RSP=0000000000107f58
R8 =0000000000000000 R9 =0000000000000000 R10=0000000000000000 R11=0000000000000000
R12=0000000000000000 R13=0000000000000000 R14=0000000000000000 R15=0000000000000000
RIP=00000000001015d5 RFL=00000283 [--S---C] CPL=0 II=0 A20=1 SMM=0 HLT=0
ES =0010 0000000000000000 ffffffff 00cf9300 DPL=0 DS   [-WA]
CS =0008 0000000000000000 ffffffff 00af9a00 DPL=0 CS64 [-R-]
SS =0010 0000000000000000 ffffffff 00cf9300 DPL=0 DS   [-WA]
DS =0010 0000000000000000 ffffffff 00cf9300 DPL=0 DS   [-WA]
FS =0010 0000000000000000 ffffffff 00cf9300 DPL=0 DS   [-WA]
GS =0010 0000000000000000 ffffffff 00cf9300 DPL=0 DS   [-WA]
LDT=0000 0000000000000000 0000ffff 00008200 DPL=0 LDT
TR =0000 0000000000000000 0000ffff 00008b00 DPL=0 TSS64-busy
GDT=     00000000001918c0 00000017
IDT=     00000000001900a0 00000fff
CR0=80000011 CR2=0000000000000000 CR3=0000000000104000 CR4=00000020
DR0=0000000000000000 DR1=0000000000000000 DR2=0000000000000000 DR3=0000000000000000 
DR6=00000000ffff0ff0 DR7=0000000000000400
CCS=0000000000000081 CCD=ffffffffffffffd3 CCO=EFLAGS
EFER=0000000000000500
Servicing hardware INT=0x20
   133: v=20 e=0000 i=0 cpl=0 IP=0008:00000000001015d5 pc=00000000001015d5 SP=0010:0000000000107f58 env->regs[R_EAX]=000000000000001a
RAX=000000000000001a RBX=0000000000000000 RCX=000000000000005d RDX=0000000000000061
RSI=0000000000000010 RDI=00000000000002bc RBP=0000000000107f70 RSP=0000000000107f58
R8 =0000000000000000 R9 =0000000000000000 R10=0000000000000000 R11=0000000000000000
R12=0000000000000000 R13=0000000000000000 R14=0000000000000000 R15=0000000000000000
RIP=00000000001015d5 RFL=00000287 [--S--PC] CPL=0 II=0 A20=1 SMM=0 HLT=0
ES =0010 0000000000000000 ffffffff 00cf9300 DPL=0 DS   [-WA]
CS =0008 0000000000000000 ffffffff 00af9a00 DPL=0 CS64 [-R-]
SS =0010 0000000000000000 ffffffff 00cf9300 DPL=0 DS   [-WA]
DS =0010 0000000000000000 ffffffff 00cf9300 DPL=0 DS   [-WA]
FS =0010 0000000000000000 ffffffff 00cf9300 DPL=0 DS   [-WA]
GS =0010 0000000000000000 ffffffff 00cf9300 DPL=0 DS   [-WA]
LDT=0000 0000000000000000 0000ffff 00008200 DPL=0 LDT
TR =0000 0000000000000000 0000ffff 00008b00 DPL=0 TSS64-busy
GDT=     00000000001918c0 00000017
IDT=     00000000001900a0 00000fff
CR0=80000011 CR2=0000000000000000 CR3=0000000000104000 CR4=00000020
DR0=0000000000000000 DR1=0000000000000000 DR2=0000000000000000 DR3=0000000000000000 
DR6=00000000ffff0ff0 DR7=0000000000000400
CCS=0000000000000085 CCD=ffffffffffffffd4 CCO=EFLAGS
EFER=0000000000000500
Servicing hardware INT=0x20
   134: v=20 e=0000 i=0 cpl=0 IP=0008:00000000001015d5 pc=00000000001015d5 SP=0010:0000000000107f58 env->regs[R_EAX]=000000000000001b
RAX=000000000000001b RBX=0000000000000000 RCX=000000000000005d RDX=0000000000000061
RSI=0000000000000010 RDI=00000000000002bc RBP=0000000000107f70 RSP=0000000000107f58
R8 =0000000000000000 R9 =0000000000000000 R10=0000000000000000 R11=0000000000000000
R12=0000000000000000 R13=0000000000000000 R14=0000000000000000 R15=0000000000000000
RIP=00000000001015d5 RFL=00000283 [--S---C] CPL=0 II=0 A20=1 SMM=0 HLT=0
ES =0010 0000000000000000 ffffffff 00cf9300 DPL=0 DS   [-WA]
CS =0008 0000000000000000 ffffffff 00af9a00 DPL=0 CS64 [-R-]
SS =0010 0000000000000000 ffffffff 00cf9300 DPL=0 DS   [-WA]
DS =0010 0000000000000000 ffffffff 00cf9300 DPL=0 DS   [-WA]
FS =0010 0000000000000000 ffffffff 00cf9300 DPL=0 DS   [-WA]
GS =0010 0000000000000000 ffffffff 00cf9300 DPL=0 DS   [-WA]
LDT=0000 0000000000000000 0000ffff 00008200 DPL=0 LDT
TR =0000 0000000000000000 0000ffff 00008b00 DPL=0 TSS64-busy
GDT=     00000000001918c0 00000017
IDT=     00000000001900a0 00000fff
CR0=80000011 CR2=0000000000000000 CR3=0000000000104000 CR4=00000020
DR0=0000000000000000 DR1=0000000000000000 DR2=0000000000000000 DR3=0000000000000000 
DR6=00000000ffff0ff0 DR7=0000000000000400
CCS=0000000000000081 CCD=ffffffffffffffd5 CCO=EFLAGS
EFER=0000000000000500
Servicing hardware INT=0x20
   135: v=20 e=0000 i=0 cpl=0 IP=0008:00000000001015d5 pc=00000000001015d5 SP=0010:0000000000107f58 env->regs[R_EAX]=000000000000001c
RAX=000000000000001c RBX=0000000000000000 RCX=000000000000005d RDX=0000000000000061
RSI=0000000000000010 RDI=00000000000002bc RBP=0000000000107f70 RSP=0000000000107f58
R8 =0000000000000000 R9 =0000000000000000 R10=0000000000000000 R11=0000000000000000
R12=0000000000000000 R13=0000000000000000 R14=0000000000000000 R15=0000000000000000
RIP=00000000001015d5 RFL=00000283 [--S---C] CPL=0 II=0 A20=1 SMM=0 HLT=0
ES =0010 0000000000000000 ffffffff 00cf9300 DPL=0 DS   [-WA]
CS =0008 0000000000000000 ffffffff 00af9a00 DPL=0 CS64 [-R-]
SS =0010 0000000000000000 ffffffff 00cf9300 DPL=0 DS   [-WA]
DS =0010 0000000000000000 ffffffff 00cf9300 DPL=0 DS   [-WA]
FS =0010 0000000000000000 ffffffff 00cf9300 DPL=0 DS   [-WA]
GS =0010 0000000000000000 ffffffff 00cf9300 DPL=0 DS   [-WA]
LDT=0000 0000000000000000 0000ffff 00008200 DPL=0 LDT
TR =0000 0000000000000000 0000ffff 00008b00 DPL=0 TSS64-busy
GDT=     00000000001918c0 00000017
IDT=     00000000001900a0 00000fff
CR0=80000011 CR2=0000000000000000 CR3=0000000000104000 CR4=00000020
DR0=0000000000000000 DR1=0000000000000000 DR2=0000000000000000 DR3=0000000000000000 
DR6=00000000ffff0ff0 DR7=0000000000000400
CCS=0000000000000081 CCD=ffffffffffffffd6 CCO=EFLAGS
EFER=0000000000000500
Servicing hardware INT=0x20
   136: v=20 e=0000 i=0 cpl=0 IP=0008:00000000001015d5 pc=00000000001015d5 SP=0010:0000000000107f58 env->regs[R_EAX]=000000000000001d
RAX=000000000000001d RBX=0000000000000000 RCX=000000000000005d RDX=0000000000000061
RSI=0000000000000010 RDI=00000000000002bc RBP=0000000000107f70 RSP=0000000000107f58
R8 =0000000000000000 R9 =0000000000000000 R10=0000000000000000 R11=0000000000000000
R12=0000000000000000 R13=0000000000000000 R14=0000000000000000 R15=0000000000000000
RIP=00000000001015d5 RFL=00000287 [--S--PC] CPL=0 II=0 A20=1 SMM=0 HLT=0
ES =0010 0000000000000000 ffffffff 00cf9300 DPL=0 DS   [-WA]
CS =0008 0000000000000000 ffffffff 00af9a00 DPL=0 CS64 [-R-]
SS =0010 0000000000000000 ffffffff 00cf9300 DPL=0 DS   [-WA]
DS =0010 0000000000000000 ffffffff 00cf9300 DPL=0 DS   [-WA]
FS =0010 0000000000000000 ffffffff 00cf9300 DPL=0 DS   [-WA]
GS =0010 0000000000000000 ffffffff 00cf9300 DPL=0 DS   [-WA]
LDT=0000 0000000000000000 0000ffff 00008200 DPL=0 LDT
TR =0000 0000000000000000 0000ffff 00008b00 DPL=0 TSS64-busy
GDT=     00000000001918c0 00000017
IDT=     00000000001900a0 00000fff
CR0=80000011 CR2=0000000000000000 CR3=0000000000104000 CR4=00000020
DR0=0000000000000000 DR1=0000000000000000 DR2=0000000000000000 DR3=0000000000000000 
DR6=00000000ffff0ff0 DR7=0000000000000400
CCS=0000000000000085 CCD=ffffffffffffffd7 CCO=EFLAGS
EFER=0000000000000500
Servicing hardware INT=0x20
   137: v=20 e=0000 i=0 cpl=0 IP=0008:00000000001015d5 pc=00000000001015d5 SP=0010:0000000000107f58 env->regs[R_EAX]=000000000000001e
RAX=000000000000001e RBX=0000000000000000 RCX=000000000000005d RDX=0000000000000061
RSI=0000000000000010 RDI=00000000000002bc RBP=0000000000107f70 RSP=0000000000107f58
R8 =0000000000000000 R9 =0000000000000000 R10=0000000000000000 R11=0000000000000000
R12=0000000000000000 R13=0000000000000000 R14=0000000000000000 R15=0000000000000000
RIP=00000000001015d5 RFL=00000287 [--S--PC] CPL=0 II=0 A20=1 SMM=0 HLT=0
ES =0010 0000000000000000 ffffffff 00cf9300 DPL=0 DS   [-WA]
CS =0008 0000000000000000 ffffffff 00af9a00 DPL=0 CS64 [-R-]
SS =0010 0000000000000000 ffffffff 00cf9300 DPL=0 DS   [-WA]
DS =0010 0000000000000000 ffffffff 00cf9300 DPL=0 DS   [-WA]
FS =0010 0000000000000000 ffffffff 00cf9300 DPL=0 DS   [-WA]
GS =0010 0000000000000000 ffffffff 00cf9300 DPL=0 DS   [-WA]
LDT=0000 0000000000000000 0000ffff 00008200 DPL=0 LDT
TR =0000 0000000000000000 0000ffff 00008b00 DPL=0 TSS64-busy
GDT=     00000000001918c0 00000017
IDT=     00000000001900a0 00000fff
CR0=80000011 CR2=0000000000000000 CR3=0000000000104000 CR4=00000020
DR0=0000000000000000 DR1=0000000000000000 DR2=0000000000000000 DR3=0000000000000000 
DR6=00000000ffff0ff0 DR7=0000000000000400
CCS=0000000000000085 CCD=ffffffffffffffd8 CCO=EFLAGS
EFER=0000000000000500
Servicing hardware INT=0x20
   138: v=20 e=0000 i=0 cpl=0 IP=0008:00000000001015d5 pc=00000000001015d5 SP=0010:0000000000107f58 env->regs[R_EAX]=000000000000001f
RAX=000000000000001f RBX=0000000000000000 RCX=000000000000005d RDX=0000000000000061
RSI=0000000000000010 RDI=00000000000002bc RBP=0000000000107f70 RSP=0000000000107f58
R8 =0000000000000000 R9 =0000000000000000 R10=0000000000000000 R11=0000000000000000
R12=0000000000000000 R13=0000000000000000 R14=0000000000000000 R15=0000000000000000
RIP=00000000001015d5 RFL=00000283 [--S---C] CPL=0 II=0 A20=1 SMM=0 HLT=0
ES =0010 0000000000000000 ffffffff 00cf9300 DPL=0 DS   [-WA]
CS =0008 0000000000000000 ffffffff 00af9a00 DPL=0 CS64 [-R-]
SS =0010 0000000000000000 ffffffff 00cf9300 DPL=0 DS   [-WA]
DS =0010 0000000000000000 ffffffff 00cf9300 DPL=0 DS   [-WA]
FS =0010 0000000000000000 ffffffff 00cf9300 DPL=0 DS   [-WA]
GS =0010 0000000000000000 ffffffff 00cf9300 DPL=0 DS   [-WA]
LDT=0000 0000000000000000 0000ffff 00008200 DPL=0 LDT
TR =0000 0000000000000000 0000ffff 00008b00 DPL=0 TSS64-busy
GDT=     00000000001918c0 00000017
IDT=     00000000001900a0 00000fff
CR0=80000011 CR2=0000000000000000 CR3=0000000000104000 CR4=00000020
DR0=0000000000000000 DR1=0000000000000000 DR2=0000000000000000 DR3=0000000000000000 
DR6=00000000ffff0ff0 DR7=0000000000000400
CCS=0000000000000081 CCD=ffffffffffffffd9 CCO=EFLAGS
EFER=0000000000000500
Servicing hardware INT=0x20
   139: v=20 e=0000 i=0 cpl=0 IP=0008:00000000001015d5 pc=00000000001015d5 SP=0010:0000000000107f58 env->regs[R_EAX]=0000000000000020
RAX=0000000000000020 RBX=0000000000000000 RCX=000000000000005d RDX=0000000000000061
RSI=0000000000000010 RDI=00000000000002bc RBP=0000000000107f70 RSP=0000000000107f58
R8 =0000000000000000 R9 =0000000000000000 R10=0000000000000000 R11=0000000000000000
R12=0000000000000000 R13=0000000000000000 R14=0000000000000000 R15=0000000000000000
RIP=00000000001015d5 RFL=00000293 [--S-A-C] CPL=0 II=0 A20=1 SMM=0 HLT=0
ES =0010 0000000000000000 ffffffff 00cf9300 DPL=0 DS   [-WA]
CS =0008 0000000000000000 ffffffff 00af9a00 DPL=0 CS64 [-R-]
SS =0010 0000000000000000 ffffffff 00cf9300 DPL=0 DS   [-WA]
DS =0010 0000000000000000 ffffffff 00cf9300 DPL=0 DS   [-WA]
FS =0010 0000000000000000 ffffffff 00cf9300 DPL=0 DS   [-WA]
GS =0010 0000000000000000 ffffffff 00cf9300 DPL=0 DS   [-WA]
LDT=0000 0000000000000000 0000ffff 00008200 DPL=0 LDT
TR =0000 0000000000000000 0000ffff 00008b00 DPL=0 TSS64-busy
GDT=     00000000001918c0 00000017
IDT=     00000000001900a0 00000fff
CR0=80000011 CR2=0000000000000000 CR3=0000000000104000 CR4=00000020
DR0=0000000000000000 DR1=0000000000000000 DR2=0000000000000000 DR3=0000000000000000 
DR6=00000000ffff0ff0 DR7=0000000000000400
CCS=0000000000000091 CCD=ffffffffffffffda CCO=EFLAGS
EFER=0000000000000500
Servicing hardware INT=0x20
   140: v=20 e=0000 i=0 cpl=0 IP=0008:00000000001015d5 pc=00000000001015d5 SP=0010:0000000000107f58 env->regs[R_EAX]=0000000000000021
RAX=0000000000000021 RBX=0000000000000000 RCX=000000000000005d RDX=0000000000000061
RSI=0000000000000010 RDI=00000000000002bc RBP=0000000000107f70 RSP=0000000000107f58
R8 =0000000000000000 R9 =0000000000000000 R10=0000000000000000 R11=0000000000000000
R12=0000000000000000 R13=0000000000000000 R14=0000000000000000 R15=0000000000000000
RIP=00000000001015d5 RFL=00000297 [--S-APC] CPL=0 II=0 A20=1 SMM=0 HLT=0
ES =0010 0000000000000000 ffffffff 00cf9300 DPL=0 DS   [-WA]
CS =0008 0000000000000000 ffffffff 00af9a00 DPL=0 CS64 [-R-]
SS =0010 0000000000000000 ffffffff 00cf9300 DPL=0 DS   [-WA]
DS =0010 0000000000000000 ffffffff 00cf9300 DPL=0 DS   [-WA]
FS =0010 0000000000000000 ffffffff 00cf9300 DPL=0 DS   [-WA]
GS =0010 0000000000000000 ffffffff 00cf9300 DPL=0 DS   [-WA]
LDT=0000 0000000000000000 0000ffff 00008200 DPL=0 LDT
TR =0000 0000000000000000 0000ffff 00008b00 DPL=0 TSS64-busy
GDT=     00000000001918c0 00000017
IDT=     00000000001900a0 00000fff
CR0=80000011 CR2=0000000000000000 CR3=0000000000104000 CR4=00000020
DR0=0000000000000000 DR1=0000000000000000 DR2=0000000000000000 DR3=0000000000000000 
DR6=00000000ffff0ff0 DR7=0000000000000400
CCS=0000000000000095 CCD=ffffffffffffffdb CCO=EFLAGS
EFER=0000000000000500
Servicing hardware INT=0x20
   141: v=20 e=0000 i=0 cpl=0 IP=0008:00000000001015d5 pc=00000000001015d5 SP=0010:0000000000107f58 env->regs[R_EAX]=0000000000000022
RAX=0000000000000022 RBX=0000000000000000 RCX=000000000000005d RDX=0000000000000061
RSI=0000000000000010 RDI=00000000000002bc RBP=0000000000107f70 RSP=0000000000107f58
R8 =0000000000000000 R9 =0000000000000000 R10=0000000000000000 R11=0000000000000000
R12=0000000000000000 R13=0000000000000000 R14=0000000000000000 R15=0000000000000000
RIP=00000000001015d5 RFL=00000293 [--S-A-C] CPL=0 II=0 A20=1 SMM=0 HLT=0
ES =0010 0000000000000000 ffffffff 00cf9300 DPL=0 DS   [-WA]
CS =0008 0000000000000000 ffffffff 00af9a00 DPL=0 CS64 [-R-]
SS =0010 0000000000000000 ffffffff 00cf9300 DPL=0 DS   [-WA]
DS =0010 0000000000000000 ffffffff 00cf9300 DPL=0 DS   [-WA]
FS =0010 0000000000000000 ffffffff 00cf9300 DPL=0 DS   [-WA]
GS =0010 0000000000000000 ffffffff 00cf9300 DPL=0 DS   [-WA]
LDT=0000 0000000000000000 0000ffff 00008200 DPL=0 LDT
TR =0000 0000000000000000 0000ffff 00008b00 DPL=0 TSS64-busy
GDT=     00000000001918c0 00000017
IDT=     00000000001900a0 00000fff
CR0=80000011 CR2=0000000000000000 CR3=0000000000104000 CR4=00000020
DR0=0000000000000000 DR1=0000000000000000 DR2=0000000000000000 DR3=0000000000000000 
DR6=00000000ffff0ff0 DR7=0000000000000400
CCS=0000000000000091 CCD=ffffffffffffffdc CCO=EFLAGS
EFER=0000000000000500
Servicing hardware INT=0x20
   142: v=20 e=0000 i=0 cpl=0 IP=0008:00000000001015d5 pc=00000000001015d5 SP=0010:0000000000107f58 env->regs[R_EAX]=0000000000000023
RAX=0000000000000023 RBX=0000000000000000 RCX=000000000000005d RDX=0000000000000061
RSI=0000000000000010 RDI=00000000000002bc RBP=0000000000107f70 RSP=0000000000107f58
R8 =0000000000000000 R9 =0000000000000000 R10=0000000000000000 R11=0000000000000000
R12=0000000000000000 R13=0000000000000000 R14=0000000000000000 R15=0000000000000000
RIP=00000000001015d5 RFL=00000297 [--S-APC] CPL=0 II=0 A20=1 SMM=0 HLT=0
ES =0010 0000000000000000 ffffffff 00cf9300 DPL=0 DS   [-WA]
CS =0008 0000000000000000 ffffffff 00af9a00 DPL=0 CS64 [-R-]
SS =0010 0000000000000000 ffffffff 00cf9300 DPL=0 DS   [-WA]
DS =0010 0000000000000000 ffffffff 00cf9300 DPL=0 DS   [-WA]
FS =0010 0000000000000000 ffffffff 00cf9300 DPL=0 DS   [-WA]
GS =0010 0000000000000000 ffffffff 00cf9300 DPL=0 DS   [-WA]
LDT=0000 0000000000000000 0000ffff 00008200 DPL=0 LDT
TR =0000 0000000000000000 0000ffff 00008b00 DPL=0 TSS64-busy
GDT=     00000000001918c0 00000017
IDT=     00000000001900a0 00000fff
CR0=80000011 CR2=0000000000000000 CR3=0000000000104000 CR4=00000020
DR0=0000000000000000 DR1=0000000000000000 DR2=0000000000000000 DR3=0000000000000000 
DR6=00000000ffff0ff0 DR7=0000000000000400
CCS=0000000000000095 CCD=ffffffffffffffdd CCO=EFLAGS
EFER=0000000000000500
Servicing hardware INT=0x20
   143: v=20 e=0000 i=0 cpl=0 IP=0008:00000000001015d5 pc=00000000001015d5 SP=0010:0000000000107f58 env->regs[R_EAX]=0000000000000024
RAX=0000000000000024 RBX=0000000000000000 RCX=000000000000005d RDX=0000000000000061
RSI=0000000000000010 RDI=00000000000002bc RBP=0000000000107f70 RSP=0000000000107f58
R8 =0000000000000000 R9 =0000000000000000 R10=0000000000000000 R11=0000000000000000
R12=0000000000000000 R13=0000000000000000 R14=0000000000000000 R15=0000000000000000
RIP=00000000001015d5 RFL=00000297 [--S-APC] CPL=0 II=0 A20=1 SMM=0 HLT=0
ES =0010 0000000000000000 ffffffff 00cf9300 DPL=0 DS   [-WA]
CS =0008 0000000000000000 ffffffff 00af9a00 DPL=0 CS64 [-R-]
SS =0010 0000000000000000 ffffffff 00cf9300 DPL=0 DS   [-WA]
DS =0010 0000000000000000 ffffffff 00cf9300 DPL=0 DS   [-WA]
FS =0010 0000000000000000 ffffffff 00cf9300 DPL=0 DS   [-WA]
GS =0010 0000000000000000 ffffffff 00cf9300 DPL=0 DS   [-WA]
LDT=0000 0000000000000000 0000ffff 00008200 DPL=0 LDT
TR =0000 0000000000000000 0000ffff 00008b00 DPL=0 TSS64-busy
GDT=     00000000001918c0 00000017
IDT=     00000000001900a0 00000fff
CR0=80000011 CR2=0000000000000000 CR3=0000000000104000 CR4=00000020
DR0=0000000000000000 DR1=0000000000000000 DR2=0000000000000000 DR3=0000000000000000 
DR6=00000000ffff0ff0 DR7=0000000000000400
CCS=0000000000000095 CCD=ffffffffffffffde CCO=EFLAGS
EFER=0000000000000500
Servicing hardware INT=0x20
   144: v=20 e=0000 i=0 cpl=0 IP=0008:00000000001015d5 pc=00000000001015d5 SP=0010:0000000000107f58 env->regs[R_EAX]=0000000000000025
RAX=0000000000000025 RBX=0000000000000000 RCX=000000000000005d RDX=0000000000000061
RSI=0000000000000010 RDI=00000000000002bc RBP=0000000000107f70 RSP=0000000000107f58
R8 =0000000000000000 R9 =0000000000000000 R10=0000000000000000 R11=0000000000000000
R12=0000000000000000 R13=0000000000000000 R14=0000000000000000 R15=0000000000000000
RIP=00000000001015d5 RFL=00000293 [--S-A-C] CPL=0 II=0 A20=1 SMM=0 HLT=0
ES =0010 0000000000000000 ffffffff 00cf9300 DPL=0 DS   [-WA]
CS =0008 0000000000000000 ffffffff 00af9a00 DPL=0 CS64 [-R-]
SS =0010 0000000000000000 ffffffff 00cf9300 DPL=0 DS   [-WA]
DS =0010 0000000000000000 ffffffff 00cf9300 DPL=0 DS   [-WA]
FS =0010 0000000000000000 ffffffff 00cf9300 DPL=0 DS   [-WA]
GS =0010 0000000000000000 ffffffff 00cf9300 DPL=0 DS   [-WA]
LDT=0000 0000000000000000 0000ffff 00008200 DPL=0 LDT
TR =0000 0000000000000000 0000ffff 00008b00 DPL=0 TSS64-busy
GDT=     00000000001918c0 00000017
IDT=     00000000001900a0 00000fff
CR0=80000011 CR2=0000000000000000 CR3=0000000000104000 CR4=00000020
DR0=0000000000000000 DR1=0000000000000000 DR2=0000000000000000 DR3=0000000000000000 
DR6=00000000ffff0ff0 DR7=0000000000000400
CCS=0000000000000091 CCD=ffffffffffffffdf CCO=EFLAGS
EFER=0000000000000500
Servicing hardware INT=0x20
   145: v=20 e=0000 i=0 cpl=0 IP=0008:00000000001015d5 pc=00000000001015d5 SP=0010:0000000000107f58 env->regs[R_EAX]=0000000000000026
RAX=0000000000000026 RBX=0000000000000000 RCX=000000000000005d RDX=0000000000000061
RSI=0000000000000010 RDI=00000000000002bc RBP=0000000000107f70 RSP=0000000000107f58
R8 =0000000000000000 R9 =0000000000000000 R10=0000000000000000 R11=0000000000000000
R12=0000000000000000 R13=0000000000000000 R14=0000000000000000 R15=0000000000000000
RIP=00000000001015d5 RFL=00000283 [--S---C] CPL=0 II=0 A20=1 SMM=0 HLT=0
ES =0010 0000000000000000 ffffffff 00cf9300 DPL=0 DS   [-WA]
CS =0008 0000000000000000 ffffffff 00af9a00 DPL=0 CS64 [-R-]
SS =0010 0000000000000000 ffffffff 00cf9300 DPL=0 DS   [-WA]
DS =0010 0000000000000000 ffffffff 00cf9300 DPL=0 DS   [-WA]
FS =0010 0000000000000000 ffffffff 00cf9300 DPL=0 DS   [-WA]
GS =0010 0000000000000000 ffffffff 00cf9300 DPL=0 DS   [-WA]
LDT=0000 0000000000000000 0000ffff 00008200 DPL=0 LDT
TR =0000 0000000000000000 0000ffff 00008b00 DPL=0 TSS64-busy
GDT=     00000000001918c0 00000017
IDT=     00000000001900a0 00000fff
CR0=80000011 CR2=0000000000000000 CR3=0000000000104000 CR4=00000020
DR0=0000000000000000 DR1=0000000000000000 DR2=0000000000000000 DR3=0000000000000000 
DR6=00000000ffff0ff0 DR7=0000000000000400
CCS=0000000000000081 CCD=ffffffffffffffe0 CCO=EFLAGS
EFER=0000000000000500
Servicing hardware INT=0x20
   146: v=20 e=0000 i=0 cpl=0 IP=0008:00000000001015d5 pc=00000000001015d5 SP=0010:0000000000107f58 env->regs[R_EAX]=0000000000000027
RAX=0000000000000027 RBX=0000000000000000 RCX=000000000000005d RDX=0000000000000061
RSI=0000000000000010 RDI=00000000000002bc RBP=0000000000107f70 RSP=0000000000107f58
R8 =0000000000000000 R9 =0000000000000000 R10=0000000000000000 R11=0000000000000000
R12=0000000000000000 R13=0000000000000000 R14=0000000000000000 R15=0000000000000000
RIP=00000000001015d5 RFL=00000287 [--S--PC] CPL=0 II=0 A20=1 SMM=0 HLT=0
ES =0010 0000000000000000 ffffffff 00cf9300 DPL=0 DS   [-WA]
CS =0008 0000000000000000 ffffffff 00af9a00 DPL=0 CS64 [-R-]
SS =0010 0000000000000000 ffffffff 00cf9300 DPL=0 DS   [-WA]
DS =0010 0000000000000000 ffffffff 00cf9300 DPL=0 DS   [-WA]
FS =0010 0000000000000000 ffffffff 00cf9300 DPL=0 DS   [-WA]
GS =0010 0000000000000000 ffffffff 00cf9300 DPL=0 DS   [-WA]
LDT=0000 0000000000000000 0000ffff 00008200 DPL=0 LDT
TR =0000 0000000000000000 0000ffff 00008b00 DPL=0 TSS64-busy
GDT=     00000000001918c0 00000017
IDT=     00000000001900a0 00000fff
CR0=80000011 CR2=0000000000000000 CR3=0000000000104000 CR4=00000020
DR0=0000000000000000 DR1=0000000000000000 DR2=0000000000000000 DR3=0000000000000000 
DR6=00000000ffff0ff0 DR7=0000000000000400
CCS=0000000000000085 CCD=ffffffffffffffe1 CCO=EFLAGS
EFER=0000000000000500
Servicing hardware INT=0x20
   147: v=20 e=0000 i=0 cpl=0 IP=0008:00000000001015d5 pc=00000000001015d5 SP=0010:0000000000107f58 env->regs[R_EAX]=0000000000000028
RAX=0000000000000028 RBX=0000000000000000 RCX=000000000000005d RDX=0000000000000061
RSI=0000000000000010 RDI=00000000000002bc RBP=0000000000107f70 RSP=0000000000107f58
R8 =0000000000000000 R9 =0000000000000000 R10=0000000000000000 R11=0000000000000000
R12=0000000000000000 R13=0000000000000000 R14=0000000000000000 R15=0000000000000000
RIP=00000000001015d5 RFL=00000287 [--S--PC] CPL=0 II=0 A20=1 SMM=0 HLT=0
ES =0010 0000000000000000 ffffffff 00cf9300 DPL=0 DS   [-WA]
CS =0008 0000000000000000 ffffffff 00af9a00 DPL=0 CS64 [-R-]
SS =0010 0000000000000000 ffffffff 00cf9300 DPL=0 DS   [-WA]
DS =0010 0000000000000000 ffffffff 00cf9300 DPL=0 DS   [-WA]
FS =0010 0000000000000000 ffffffff 00cf9300 DPL=0 DS   [-WA]
GS =0010 0000000000000000 ffffffff 00cf9300 DPL=0 DS   [-WA]
LDT=0000 0000000000000000 0000ffff 00008200 DPL=0 LDT
TR =0000 0000000000000000 0000ffff 00008b00 DPL=0 TSS64-busy
GDT=     00000000001918c0 00000017
IDT=     00000000001900a0 00000fff
CR0=80000011 CR2=0000000000000000 CR3=0000000000104000 CR4=00000020
DR0=0000000000000000 DR1=0000000000000000 DR2=0000000000000000 DR3=0000000000000000 
DR6=00000000ffff0ff0 DR7=0000000000000400
CCS=0000000000000085 CCD=ffffffffffffffe2 CCO=EFLAGS
EFER=0000000000000500
Servicing hardware INT=0x20
   148: v=20 e=0000 i=0 cpl=0 IP=0008:00000000001015d5 pc=00000000001015d5 SP=0010:0000000000107f58 env->regs[R_EAX]=0000000000000029
RAX=0000000000000029 RBX=0000000000000000 RCX=000000000000005d RDX=0000000000000061
RSI=0000000000000010 RDI=00000000000002bc RBP=0000000000107f70 RSP=0000000000107f58
R8 =0000000000000000 R9 =0000000000000000 R10=0000000000000000 R11=0000000000000000
R12=0000000000000000 R13=0000000000000000 R14=0000000000000000 R15=0000000000000000
RIP=00000000001015d5 RFL=00000283 [--S---C] CPL=0 II=0 A20=1 SMM=0 HLT=0
ES =0010 0000000000000000 ffffffff 00cf9300 DPL=0 DS   [-WA]
CS =0008 0000000000000000 ffffffff 00af9a00 DPL=0 CS64 [-R-]
SS =0010 0000000000000000 ffffffff 00cf9300 DPL=0 DS   [-WA]
DS =0010 0000000000000000 ffffffff 00cf9300 DPL=0 DS   [-WA]
FS =0010 0000000000000000 ffffffff 00cf9300 DPL=0 DS   [-WA]
GS =0010 0000000000000000 ffffffff 00cf9300 DPL=0 DS   [-WA]
LDT=0000 0000000000000000 0000ffff 00008200 DPL=0 LDT
TR =0000 0000000000000000 0000ffff 00008b00 DPL=0 TSS64-busy
GDT=     00000000001918c0 00000017
IDT=     00000000001900a0 00000fff
CR0=80000011 CR2=0000000000000000 CR3=0000000000104000 CR4=00000020
DR0=0000000000000000 DR1=0000000000000000 DR2=0000000000000000 DR3=0000000000000000 
DR6=00000000ffff0ff0 DR7=0000000000000400
CCS=0000000000000081 CCD=ffffffffffffffe3 CCO=EFLAGS
EFER=0000000000000500
Servicing hardware INT=0x20
   149: v=20 e=0000 i=0 cpl=0 IP=0008:00000000001015d5 pc=00000000001015d5 SP=0010:0000000000107f58 env->regs[R_EAX]=000000000000002a
RAX=000000000000002a RBX=0000000000000000 RCX=000000000000005d RDX=0000000000000061
RSI=0000000000000010 RDI=00000000000002bc RBP=0000000000107f70 RSP=0000000000107f58
R8 =0000000000000000 R9 =0000000000000000 R10=0000000000000000 R11=0000000000000000
R12=0000000000000000 R13=0000000000000000 R14=0000000000000000 R15=0000000000000000
RIP=00000000001015d5 RFL=00000287 [--S--PC] CPL=0 II=0 A20=1 SMM=0 HLT=0
ES =0010 0000000000000000 ffffffff 00cf9300 DPL=0 DS   [-WA]
CS =0008 0000000000000000 ffffffff 00af9a00 DPL=0 CS64 [-R-]
SS =0010 0000000000000000 ffffffff 00cf9300 DPL=0 DS   [-WA]
DS =0010 0000000000000000 ffffffff 00cf9300 DPL=0 DS   [-WA]
FS =0010 0000000000000000 ffffffff 00cf9300 DPL=0 DS   [-WA]
GS =0010 0000000000000000 ffffffff 00cf9300 DPL=0 DS   [-WA]
LDT=0000 0000000000000000 0000ffff 00008200 DPL=0 LDT
TR =0000 0000000000000000 0000ffff 00008b00 DPL=0 TSS64-busy
GDT=     00000000001918c0 00000017
IDT=     00000000001900a0 00000fff
CR0=80000011 CR2=0000000000000000 CR3=0000000000104000 CR4=00000020
DR0=0000000000000000 DR1=0000000000000000 DR2=0000000000000000 DR3=0000000000000000 
DR6=00000000ffff0ff0 DR7=0000000000000400
CCS=0000000000000085 CCD=ffffffffffffffe4 CCO=EFLAGS
EFER=0000000000000500
Servicing hardware INT=0x20
   150: v=20 e=0000 i=0 cpl=0 IP=0008:00000000001015d5 pc=00000000001015d5 SP=0010:0000000000107f58 env->regs[R_EAX]=000000000000002b
RAX=000000000000002b RBX=0000000000000000 RCX=000000000000005d RDX=0000000000000061
RSI=0000000000000010 RDI=00000000000002bc RBP=0000000000107f70 RSP=0000000000107f58
R8 =0000000000000000 R9 =0000000000000000 R10=0000000000000000 R11=0000000000000000
R12=0000000000000000 R13=0000000000000000 R14=0000000000000000 R15=0000000000000000
RIP=00000000001015d5 RFL=00000283 [--S---C] CPL=0 II=0 A20=1 SMM=0 HLT=0
ES =0010 0000000000000000 ffffffff 00cf9300 DPL=0 DS   [-WA]
CS =0008 0000000000000000 ffffffff 00af9a00 DPL=0 CS64 [-R-]
SS =0010 0000000000000000 ffffffff 00cf9300 DPL=0 DS   [-WA]
DS =0010 0000000000000000 ffffffff 00cf9300 DPL=0 DS   [-WA]
FS =0010 0000000000000000 ffffffff 00cf9300 DPL=0 DS   [-WA]
GS =0010 0000000000000000 ffffffff 00cf9300 DPL=0 DS   [-WA]
LDT=0000 0000000000000000 0000ffff 00008200 DPL=0 LDT
TR =0000 0000000000000000 0000ffff 00008b00 DPL=0 TSS64-busy
GDT=     00000000001918c0 00000017
IDT=     00000000001900a0 00000fff
CR0=80000011 CR2=0000000000000000 CR3=0000000000104000 CR4=00000020
DR0=0000000000000000 DR1=0000000000000000 DR2=0000000000000000 DR3=0000000000000000 
DR6=00000000ffff0ff0 DR7=0000000000000400
CCS=0000000000000081 CCD=ffffffffffffffe5 CCO=EFLAGS
EFER=0000000000000500
Servicing hardware INT=0x20
   151: v=20 e=0000 i=0 cpl=0 IP=0008:00000000001015d5 pc=00000000001015d5 SP=0010:0000000000107f58 env->regs[R_EAX]=000000000000002c
RAX=000000000000002c RBX=0000000000000000 RCX=000000000000005d RDX=0000000000000061
RSI=0000000000000010 RDI=00000000000002bc RBP=0000000000107f70 RSP=0000000000107f58
R8 =0000000000000000 R9 =0000000000000000 R10=0000000000000000 R11=0000000000000000
R12=0000000000000000 R13=0000000000000000 R14=0000000000000000 R15=0000000000000000
RIP=00000000001015d5 RFL=00000283 [--S---C] CPL=0 II=0 A20=1 SMM=0 HLT=0
ES =0010 0000000000000000 ffffffff 00cf9300 DPL=0 DS   [-WA]
CS =0008 0000000000000000 ffffffff 00af9a00 DPL=0 CS64 [-R-]
SS =0010 0000000000000000 ffffffff 00cf9300 DPL=0 DS   [-WA]
DS =0010 0000000000000000 ffffffff 00cf9300 DPL=0 DS   [-WA]
FS =0010 0000000000000000 ffffffff 00cf9300 DPL=0 DS   [-WA]
GS =0010 0000000000000000 ffffffff 00cf9300 DPL=0 DS   [-WA]
LDT=0000 0000000000000000 0000ffff 00008200 DPL=0 LDT
TR =0000 0000000000000000 0000ffff 00008b00 DPL=0 TSS64-busy
GDT=     00000000001918c0 00000017
IDT=     00000000001900a0 00000fff
CR0=80000011 CR2=0000000000000000 CR3=0000000000104000 CR4=00000020
DR0=0000000000000000 DR1=0000000000000000 DR2=0000000000000000 DR3=0000000000000000 
DR6=00000000ffff0ff0 DR7=0000000000000400
CCS=0000000000000081 CCD=ffffffffffffffe6 CCO=EFLAGS
EFER=0000000000000500
Servicing hardware INT=0x20
   152: v=20 e=0000 i=0 cpl=0 IP=0008:00000000001015d5 pc=00000000001015d5 SP=0010:0000000000107f58 env->regs[R_EAX]=000000000000002d
RAX=000000000000002d RBX=0000000000000000 RCX=000000000000005d RDX=0000000000000061
RSI=0000000000000010 RDI=00000000000002bc RBP=0000000000107f70 RSP=0000000000107f58
R8 =0000000000000000 R9 =0000000000000000 R10=0000000000000000 R11=0000000000000000
R12=0000000000000000 R13=0000000000000000 R14=0000000000000000 R15=0000000000000000
RIP=00000000001015d5 RFL=00000287 [--S--PC] CPL=0 II=0 A20=1 SMM=0 HLT=0
ES =0010 0000000000000000 ffffffff 00cf9300 DPL=0 DS   [-WA]
CS =0008 0000000000000000 ffffffff 00af9a00 DPL=0 CS64 [-R-]
SS =0010 0000000000000000 ffffffff 00cf9300 DPL=0 DS   [-WA]
DS =0010 0000000000000000 ffffffff 00cf9300 DPL=0 DS   [-WA]
FS =0010 0000000000000000 ffffffff 00cf9300 DPL=0 DS   [-WA]
GS =0010 0000000000000000 ffffffff 00cf9300 DPL=0 DS   [-WA]
LDT=0000 0000000000000000 0000ffff 00008200 DPL=0 LDT
TR =0000 0000000000000000 0000ffff 00008b00 DPL=0 TSS64-busy
GDT=     00000000001918c0 00000017
IDT=     00000000001900a0 00000fff
CR0=80000011 CR2=0000000000000000 CR3=0000000000104000 CR4=00000020
DR0=0000000000000000 DR1=0000000000000000 DR2=0000000000000000 DR3=0000000000000000 
DR6=00000000ffff0ff0 DR7=0000000000000400
CCS=0000000000000085 CCD=ffffffffffffffe7 CCO=EFLAGS
EFER=0000000000000500
Servicing hardware INT=0x20
   153: v=20 e=0000 i=0 cpl=0 IP=0008:00000000001015d5 pc=00000000001015d5 SP=0010:0000000000107f58 env->regs[R_EAX]=000000000000002e
RAX=000000000000002e RBX=0000000000000000 RCX=000000000000005d RDX=0000000000000061
RSI=0000000000000010 RDI=00000000000002bc RBP=0000000000107f70 RSP=0000000000107f58
R8 =0000000000000000 R9 =0000000000000000 R10=0000000000000000 R11=0000000000000000
R12=0000000000000000 R13=0000000000000000 R14=0000000000000000 R15=0000000000000000
RIP=00000000001015d5 RFL=00000287 [--S--PC] CPL=0 II=0 A20=1 SMM=0 HLT=0
ES =0010 0000000000000000 ffffffff 00cf9300 DPL=0 DS   [-WA]
CS =0008 0000000000000000 ffffffff 00af9a00 DPL=0 CS64 [-R-]
SS =0010 0000000000000000 ffffffff 00cf9300 DPL=0 DS   [-WA]
DS =0010 0000000000000000 ffffffff 00cf9300 DPL=0 DS   [-WA]
FS =0010 0000000000000000 ffffffff 00cf9300 DPL=0 DS   [-WA]
GS =0010 0000000000000000 ffffffff 00cf9300 DPL=0 DS   [-WA]
LDT=0000 0000000000000000 0000ffff 00008200 DPL=0 LDT
TR =0000 0000000000000000 0000ffff 00008b00 DPL=0 TSS64-busy
GDT=     00000000001918c0 00000017
IDT=     00000000001900a0 00000fff
CR0=80000011 CR2=0000000000000000 CR3=0000000000104000 CR4=00000020
DR0=0000000000000000 DR1=0000000000000000 DR2=0000000000000000 DR3=0000000000000000 
DR6=00000000ffff0ff0 DR7=0000000000000400
CCS=0000000000000085 CCD=ffffffffffffffe8 CCO=EFLAGS
EFER=0000000000000500
Servicing hardware INT=0x20
   154: v=20 e=0000 i=0 cpl=0 IP=0008:00000000001015d5 pc=00000000001015d5 SP=0010:0000000000107f58 env->regs[R_EAX]=000000000000002f
RAX=000000000000002f RBX=0000000000000000 RCX=000000000000005d RDX=0000000000000061
RSI=0000000000000010 RDI=00000000000002bc RBP=0000000000107f70 RSP=0000000000107f58
R8 =0000000000000000 R9 =0000000000000000 R10=0000000000000000 R11=0000000000000000
R12=0000000000000000 R13=0000000000000000 R14=0000000000000000 R15=0000000000000000
RIP=00000000001015d5 RFL=00000283 [--S---C] CPL=0 II=0 A20=1 SMM=0 HLT=0
ES =0010 0000000000000000 ffffffff 00cf9300 DPL=0 DS   [-WA]
CS =0008 0000000000000000 ffffffff 00af9a00 DPL=0 CS64 [-R-]
SS =0010 0000000000000000 ffffffff 00cf9300 DPL=0 DS   [-WA]
DS =0010 0000000000000000 ffffffff 00cf9300 DPL=0 DS   [-WA]
FS =0010 0000000000000000 ffffffff 00cf9300 DPL=0 DS   [-WA]
GS =0010 0000000000000000 ffffffff 00cf9300 DPL=0 DS   [-WA]
LDT=0000 0000000000000000 0000ffff 00008200 DPL=0 LDT
TR =0000 0000000000000000 0000ffff 00008b00 DPL=0 TSS64-busy
GDT=     00000000001918c0 00000017
IDT=     00000000001900a0 00000fff
CR0=80000011 CR2=0000000000000000 CR3=0000000000104000 CR4=00000020
DR0=0000000000000000 DR1=0000000000000000 DR2=0000000000000000 DR3=0000000000000000 
DR6=00000000ffff0ff0 DR7=0000000000000400
CCS=0000000000000081 CCD=ffffffffffffffe9 CCO=EFLAGS
EFER=0000000000000500
Servicing hardware INT=0x20
   155: v=20 e=0000 i=0 cpl=0 IP=0008:00000000001015d5 pc=00000000001015d5 SP=0010:0000000000107f58 env->regs[R_EAX]=0000000000000030
RAX=0000000000000030 RBX=0000000000000000 RCX=000000000000005d RDX=0000000000000061
RSI=0000000000000010 RDI=00000000000002bc RBP=0000000000107f70 RSP=0000000000107f58
R8 =0000000000000000 R9 =0000000000000000 R10=0000000000000000 R11=0000000000000000
R12=0000000000000000 R13=0000000000000000 R14=0000000000000000 R15=0000000000000000
RIP=00000000001015d5 RFL=00000293 [--S-A-C] CPL=0 II=0 A20=1 SMM=0 HLT=0
ES =0010 0000000000000000 ffffffff 00cf9300 DPL=0 DS   [-WA]
CS =0008 0000000000000000 ffffffff 00af9a00 DPL=0 CS64 [-R-]
SS =0010 0000000000000000 ffffffff 00cf9300 DPL=0 DS   [-WA]
DS =0010 0000000000000000 ffffffff 00cf9300 DPL=0 DS   [-WA]
FS =0010 0000000000000000 ffffffff 00cf9300 DPL=0 DS   [-WA]
GS =0010 0000000000000000 ffffffff 00cf9300 DPL=0 DS   [-WA]
LDT=0000 0000000000000000 0000ffff 00008200 DPL=0 LDT
TR =0000 0000000000000000 0000ffff 00008b00 DPL=0 TSS64-busy
GDT=     00000000001918c0 00000017
IDT=     00000000001900a0 00000fff
CR0=80000011 CR2=0000000000000000 CR3=0000000000104000 CR4=00000020
DR0=0000000000000000 DR1=0000000000000000 DR2=0000000000000000 DR3=0000000000000000 
DR6=00000000ffff0ff0 DR7=0000000000000400
CCS=0000000000000091 CCD=ffffffffffffffea CCO=EFLAGS
EFER=0000000000000500
Servicing hardware INT=0x20
   156: v=20 e=0000 i=0 cpl=0 IP=0008:00000000001015d5 pc=00000000001015d5 SP=0010:0000000000107f58 env->regs[R_EAX]=0000000000000031
RAX=0000000000000031 RBX=0000000000000000 RCX=000000000000005d RDX=0000000000000061
RSI=0000000000000010 RDI=00000000000002bc RBP=0000000000107f70 RSP=0000000000107f58
R8 =0000000000000000 R9 =0000000000000000 R10=0000000000000000 R11=0000000000000000
R12=0000000000000000 R13=0000000000000000 R14=0000000000000000 R15=0000000000000000
RIP=00000000001015d5 RFL=00000297 [--S-APC] CPL=0 II=0 A20=1 SMM=0 HLT=0
ES =0010 0000000000000000 ffffffff 00cf9300 DPL=0 DS   [-WA]
CS =0008 0000000000000000 ffffffff 00af9a00 DPL=0 CS64 [-R-]
SS =0010 0000000000000000 ffffffff 00cf9300 DPL=0 DS   [-WA]
DS =0010 0000000000000000 ffffffff 00cf9300 DPL=0 DS   [-WA]
FS =0010 0000000000000000 ffffffff 00cf9300 DPL=0 DS   [-WA]
GS =0010 0000000000000000 ffffffff 00cf9300 DPL=0 DS   [-WA]
LDT=0000 0000000000000000 0000ffff 00008200 DPL=0 LDT
TR =0000 0000000000000000 0000ffff 00008b00 DPL=0 TSS64-busy
GDT=     00000000001918c0 00000017
IDT=     00000000001900a0 00000fff
CR0=80000011 CR2=0000000000000000 CR3=0000000000104000 CR4=00000020
DR0=0000000000000000 DR1=0000000000000000 DR2=0000000000000000 DR3=0000000000000000 
DR6=00000000ffff0ff0 DR7=0000000000000400
CCS=0000000000000095 CCD=ffffffffffffffeb CCO=EFLAGS
EFER=0000000000000500
Servicing hardware INT=0x20
   157: v=20 e=0000 i=0 cpl=0 IP=0008:00000000001015d5 pc=00000000001015d5 SP=0010:0000000000107f58 env->regs[R_EAX]=0000000000000032
RAX=0000000000000032 RBX=0000000000000000 RCX=000000000000005d RDX=0000000000000061
RSI=0000000000000010 RDI=00000000000002bc RBP=0000000000107f70 RSP=0000000000107f58
R8 =0000000000000000 R9 =0000000000000000 R10=0000000000000000 R11=0000000000000000
R12=0000000000000000 R13=0000000000000000 R14=0000000000000000 R15=0000000000000000
RIP=00000000001015d5 RFL=00000293 [--S-A-C] CPL=0 II=0 A20=1 SMM=0 HLT=0
ES =0010 0000000000000000 ffffffff 00cf9300 DPL=0 DS   [-WA]
CS =0008 0000000000000000 ffffffff 00af9a00 DPL=0 CS64 [-R-]
SS =0010 0000000000000000 ffffffff 00cf9300 DPL=0 DS   [-WA]
DS =0010 0000000000000000 ffffffff 00cf9300 DPL=0 DS   [-WA]
FS =0010 0000000000000000 ffffffff 00cf9300 DPL=0 DS   [-WA]
GS =0010 0000000000000000 ffffffff 00cf9300 DPL=0 DS   [-WA]
LDT=0000 0000000000000000 0000ffff 00008200 DPL=0 LDT
TR =0000 0000000000000000 0000ffff 00008b00 DPL=0 TSS64-busy
GDT=     00000000001918c0 00000017
IDT=     00000000001900a0 00000fff
CR0=80000011 CR2=0000000000000000 CR3=0000000000104000 CR4=00000020
DR0=0000000000000000 DR1=0000000000000000 DR2=0000000000000000 DR3=0000000000000000 
DR6=00000000ffff0ff0 DR7=0000000000000400
CCS=0000000000000091 CCD=ffffffffffffffec CCO=EFLAGS
EFER=0000000000000500
Servicing hardware INT=0x20
   158: v=20 e=0000 i=0 cpl=0 IP=0008:00000000001015d5 pc=00000000001015d5 SP=0010:0000000000107f58 env->regs[R_EAX]=0000000000000033
RAX=0000000000000033 RBX=0000000000000000 RCX=000000000000005d RDX=0000000000000061
RSI=0000000000000010 RDI=00000000000002bc RBP=0000000000107f70 RSP=0000000000107f58
R8 =0000000000000000 R9 =0000000000000000 R10=0000000000000000 R11=0000000000000000
R12=0000000000000000 R13=0000000000000000 R14=0000000000000000 R15=0000000000000000
RIP=00000000001015d5 RFL=00000297 [--S-APC] CPL=0 II=0 A20=1 SMM=0 HLT=0
ES =0010 0000000000000000 ffffffff 00cf9300 DPL=0 DS   [-WA]
CS =0008 0000000000000000 ffffffff 00af9a00 DPL=0 CS64 [-R-]
SS =0010 0000000000000000 ffffffff 00cf9300 DPL=0 DS   [-WA]
DS =0010 0000000000000000 ffffffff 00cf9300 DPL=0 DS   [-WA]
FS =0010 0000000000000000 ffffffff 00cf9300 DPL=0 DS   [-WA]
GS =0010 0000000000000000 ffffffff 00cf9300 DPL=0 DS   [-WA]
LDT=0000 0000000000000000 0000ffff 00008200 DPL=0 LDT
TR =0000 0000000000000000 0000ffff 00008b00 DPL=0 TSS64-busy
GDT=     00000000001918c0 00000017
IDT=     00000000001900a0 00000fff
CR0=80000011 CR2=0000000000000000 CR3=0000000000104000 CR4=00000020
DR0=0000000000000000 DR1=0000000000000000 DR2=0000000000000000 DR3=0000000000000000 
DR6=00000000ffff0ff0 DR7=0000000000000400
CCS=0000000000000095 CCD=ffffffffffffffed CCO=EFLAGS
EFER=0000000000000500
Servicing hardware INT=0x20
   159: v=20 e=0000 i=0 cpl=0 IP=0008:00000000001015d5 pc=00000000001015d5 SP=0010:0000000000107f58 env->regs[R_EAX]=0000000000000034
RAX=0000000000000034 RBX=0000000000000000 RCX=000000000000005d RDX=0000000000000061
RSI=0000000000000010 RDI=00000000000002bc RBP=0000000000107f70 RSP=0000000000107f58
R8 =0000000000000000 R9 =0000000000000000 R10=0000000000000000 R11=0000000000000000
R12=0000000000000000 R13=0000000000000000 R14=0000000000000000 R15=0000000000000000
RIP=00000000001015d5 RFL=00000297 [--S-APC] CPL=0 II=0 A20=1 SMM=0 HLT=0
ES =0010 0000000000000000 ffffffff 00cf9300 DPL=0 DS   [-WA]
CS =0008 0000000000000000 ffffffff 00af9a00 DPL=0 CS64 [-R-]
SS =0010 0000000000000000 ffffffff 00cf9300 DPL=0 DS   [-WA]
DS =0010 0000000000000000 ffffffff 00cf9300 DPL=0 DS   [-WA]
FS =0010 0000000000000000 ffffffff 00cf9300 DPL=0 DS   [-WA]
GS =0010 0000000000000000 ffffffff 00cf9300 DPL=0 DS   [-WA]
LDT=0000 0000000000000000 0000ffff 00008200 DPL=0 LDT
TR =0000 0000000000000000 0000ffff 00008b00 DPL=0 TSS64-busy
GDT=     00000000001918c0 00000017
IDT=     00000000001900a0 00000fff
CR0=80000011 CR2=0000000000000000 CR3=0000000000104000 CR4=00000020
DR0=0000000000000000 DR1=0000000000000000 DR2=0000000000000000 DR3=0000000000000000 
DR6=00000000ffff0ff0 DR7=0000000000000400
CCS=0000000000000095 CCD=ffffffffffffffee CCO=EFLAGS
EFER=0000000000000500
Servicing hardware INT=0x20
   160: v=20 e=0000 i=0 cpl=0 IP=0008:00000000001015d5 pc=00000000001015d5 SP=0010:0000000000107f58 env->regs[R_EAX]=0000000000000035
RAX=0000000000000035 RBX=0000000000000000 RCX=000000000000005d RDX=0000000000000061
RSI=0000000000000010 RDI=00000000000002bc RBP=0000000000107f70 RSP=0000000000107f58
R8 =0000000000000000 R9 =0000000000000000 R10=0000000000000000 R11=0000000000000000
R12=0000000000000000 R13=0000000000000000 R14=0000000000000000 R15=0000000000000000
RIP=00000000001015d5 RFL=00000293 [--S-A-C] CPL=0 II=0 A20=1 SMM=0 HLT=0
ES =0010 0000000000000000 ffffffff 00cf9300 DPL=0 DS   [-WA]
CS =0008 0000000000000000 ffffffff 00af9a00 DPL=0 CS64 [-R-]
SS =0010 0000000000000000 ffffffff 00cf9300 DPL=0 DS   [-WA]
DS =0010 0000000000000000 ffffffff 00cf9300 DPL=0 DS   [-WA]
FS =0010 0000000000000000 ffffffff 00cf9300 DPL=0 DS   [-WA]
GS =0010 0000000000000000 ffffffff 00cf9300 DPL=0 DS   [-WA]
LDT=0000 0000000000000000 0000ffff 00008200 DPL=0 LDT
TR =0000 0000000000000000 0000ffff 00008b00 DPL=0 TSS64-busy
GDT=     00000000001918c0 00000017
IDT=     00000000001900a0 00000fff
CR0=80000011 CR2=0000000000000000 CR3=0000000000104000 CR4=00000020
DR0=0000000000000000 DR1=0000000000000000 DR2=0000000000000000 DR3=0000000000000000 
DR6=00000000ffff0ff0 DR7=0000000000000400
CCS=0000000000000091 CCD=ffffffffffffffef CCO=EFLAGS
EFER=0000000000000500
Servicing hardware INT=0x20
   161: v=20 e=0000 i=0 cpl=0 IP=0008:00000000001015d5 pc=00000000001015d5 SP=0010:0000000000107f58 env->regs[R_EAX]=0000000000000036
RAX=0000000000000036 RBX=0000000000000000 RCX=000000000000005d RDX=0000000000000061
RSI=0000000000000010 RDI=00000000000002bc RBP=0000000000107f70 RSP=0000000000107f58
R8 =0000000000000000 R9 =0000000000000000 R10=0000000000000000 R11=0000000000000000
R12=0000000000000000 R13=0000000000000000 R14=0000000000000000 R15=0000000000000000
RIP=00000000001015d5 RFL=00000287 [--S--PC] CPL=0 II=0 A20=1 SMM=0 HLT=0
ES =0010 0000000000000000 ffffffff 00cf9300 DPL=0 DS   [-WA]
CS =0008 0000000000000000 ffffffff 00af9a00 DPL=0 CS64 [-R-]
SS =0010 0000000000000000 ffffffff 00cf9300 DPL=0 DS   [-WA]
DS =0010 0000000000000000 ffffffff 00cf9300 DPL=0 DS   [-WA]
FS =0010 0000000000000000 ffffffff 00cf9300 DPL=0 DS   [-WA]
GS =0010 0000000000000000 ffffffff 00cf9300 DPL=0 DS   [-WA]
LDT=0000 0000000000000000 0000ffff 00008200 DPL=0 LDT
TR =0000 0000000000000000 0000ffff 00008b00 DPL=0 TSS64-busy
GDT=     00000000001918c0 00000017
IDT=     00000000001900a0 00000fff
CR0=80000011 CR2=0000000000000000 CR3=0000000000104000 CR4=00000020
DR0=0000000000000000 DR1=0000000000000000 DR2=0000000000000000 DR3=0000000000000000 
DR6=00000000ffff0ff0 DR7=0000000000000400
CCS=0000000000000085 CCD=fffffffffffffff0 CCO=EFLAGS
EFER=0000000000000500
Servicing hardware INT=0x20
   162: v=20 e=0000 i=0 cpl=0 IP=0008:00000000001015d5 pc=00000000001015d5 SP=0010:0000000000107f58 env->regs[R_EAX]=0000000000000037
RAX=0000000000000037 RBX=0000000000000000 RCX=000000000000005d RDX=0000000000000061
RSI=0000000000000010 RDI=00000000000002bc RBP=0000000000107f70 RSP=0000000000107f58
R8 =0000000000000000 R9 =0000000000000000 R10=0000000000000000 R11=0000000000000000
R12=0000000000000000 R13=0000000000000000 R14=0000000000000000 R15=0000000000000000
RIP=00000000001015d5 RFL=00000283 [--S---C] CPL=0 II=0 A20=1 SMM=0 HLT=0
ES =0010 0000000000000000 ffffffff 00cf9300 DPL=0 DS   [-WA]
CS =0008 0000000000000000 ffffffff 00af9a00 DPL=0 CS64 [-R-]
SS =0010 0000000000000000 ffffffff 00cf9300 DPL=0 DS   [-WA]
DS =0010 0000000000000000 ffffffff 00cf9300 DPL=0 DS   [-WA]
FS =0010 0000000000000000 ffffffff 00cf9300 DPL=0 DS   [-WA]
GS =0010 0000000000000000 ffffffff 00cf9300 DPL=0 DS   [-WA]
LDT=0000 0000000000000000 0000ffff 00008200 DPL=0 LDT
TR =0000 0000000000000000 0000ffff 00008b00 DPL=0 TSS64-busy
GDT=     00000000001918c0 00000017
IDT=     00000000001900a0 00000fff
CR0=80000011 CR2=0000000000000000 CR3=0000000000104000 CR4=00000020
DR0=0000000000000000 DR1=0000000000000000 DR2=0000000000000000 DR3=0000000000000000 
DR6=00000000ffff0ff0 DR7=0000000000000400
CCS=0000000000000081 CCD=fffffffffffffff1 CCO=EFLAGS
EFER=0000000000000500
Servicing hardware INT=0x20
   163: v=20 e=0000 i=0 cpl=0 IP=0008:00000000001015d5 pc=00000000001015d5 SP=0010:0000000000107f58 env->regs[R_EAX]=0000000000000038
RAX=0000000000000038 RBX=0000000000000000 RCX=000000000000005d RDX=0000000000000061
RSI=0000000000000010 RDI=00000000000002bc RBP=0000000000107f70 RSP=0000000000107f58
R8 =0000000000000000 R9 =0000000000000000 R10=0000000000000000 R11=0000000000000000
R12=0000000000000000 R13=0000000000000000 R14=0000000000000000 R15=0000000000000000
RIP=00000000001015d5 RFL=00000283 [--S---C] CPL=0 II=0 A20=1 SMM=0 HLT=0
ES =0010 0000000000000000 ffffffff 00cf9300 DPL=0 DS   [-WA]
CS =0008 0000000000000000 ffffffff 00af9a00 DPL=0 CS64 [-R-]
SS =0010 0000000000000000 ffffffff 00cf9300 DPL=0 DS   [-WA]
DS =0010 0000000000000000 ffffffff 00cf9300 DPL=0 DS   [-WA]
FS =0010 0000000000000000 ffffffff 00cf9300 DPL=0 DS   [-WA]
GS =0010 0000000000000000 ffffffff 00cf9300 DPL=0 DS   [-WA]
LDT=0000 0000000000000000 0000ffff 00008200 DPL=0 LDT
TR =0000 0000000000000000 0000ffff 00008b00 DPL=0 TSS64-busy
GDT=     00000000001918c0 00000017
IDT=     00000000001900a0 00000fff
CR0=80000011 CR2=0000000000000000 CR3=0000000000104000 CR4=00000020
DR0=0000000000000000 DR1=0000000000000000 DR2=0000000000000000 DR3=0000000000000000 
DR6=00000000ffff0ff0 DR7=0000000000000400
CCS=0000000000000081 CCD=fffffffffffffff2 CCO=EFLAGS
EFER=0000000000000500
Servicing hardware INT=0x20
   164: v=20 e=0000 i=0 cpl=0 IP=0008:00000000001015d5 pc=00000000001015d5 SP=0010:0000000000107f58 env->regs[R_EAX]=0000000000000039
RAX=0000000000000039 RBX=0000000000000000 RCX=000000000000005d RDX=0000000000000061
RSI=0000000000000010 RDI=00000000000002bc RBP=0000000000107f70 RSP=0000000000107f58
R8 =0000000000000000 R9 =0000000000000000 R10=0000000000000000 R11=0000000000000000
R12=0000000000000000 R13=0000000000000000 R14=0000000000000000 R15=0000000000000000
RIP=00000000001015d5 RFL=00000287 [--S--PC] CPL=0 II=0 A20=1 SMM=0 HLT=0
ES =0010 0000000000000000 ffffffff 00cf9300 DPL=0 DS   [-WA]
CS =0008 0000000000000000 ffffffff 00af9a00 DPL=0 CS64 [-R-]
SS =0010 0000000000000000 ffffffff 00cf9300 DPL=0 DS   [-WA]
DS =0010 0000000000000000 ffffffff 00cf9300 DPL=0 DS   [-WA]
FS =0010 0000000000000000 ffffffff 00cf9300 DPL=0 DS   [-WA]
GS =0010 0000000000000000 ffffffff 00cf9300 DPL=0 DS   [-WA]
LDT=0000 0000000000000000 0000ffff 00008200 DPL=0 LDT
TR =0000 0000000000000000 0000ffff 00008b00 DPL=0 TSS64-busy
GDT=     00000000001918c0 00000017
IDT=     00000000001900a0 00000fff
CR0=80000011 CR2=0000000000000000 CR3=0000000000104000 CR4=00000020
DR0=0000000000000000 DR1=0000000000000000 DR2=0000000000000000 DR3=0000000000000000 
DR6=00000000ffff0ff0 DR7=0000000000000400
CCS=0000000000000085 CCD=fffffffffffffff3 CCO=EFLAGS
EFER=0000000000000500
Servicing hardware INT=0x20
   165: v=20 e=0000 i=0 cpl=0 IP=0008:00000000001015d5 pc=00000000001015d5 SP=0010:0000000000107f58 env->regs[R_EAX]=000000000000003a
RAX=000000000000003a RBX=0000000000000000 RCX=000000000000005d RDX=0000000000000061
RSI=0000000000000010 RDI=00000000000002bc RBP=0000000000107f70 RSP=0000000000107f58
R8 =0000000000000000 R9 =0000000000000000 R10=0000000000000000 R11=0000000000000000
R12=0000000000000000 R13=0000000000000000 R14=0000000000000000 R15=0000000000000000
RIP=00000000001015d5 RFL=00000283 [--S---C] CPL=0 II=0 A20=1 SMM=0 HLT=0
ES =0010 0000000000000000 ffffffff 00cf9300 DPL=0 DS   [-WA]
CS =0008 0000000000000000 ffffffff 00af9a00 DPL=0 CS64 [-R-]
SS =0010 0000000000000000 ffffffff 00cf9300 DPL=0 DS   [-WA]
DS =0010 0000000000000000 ffffffff 00cf9300 DPL=0 DS   [-WA]
FS =0010 0000000000000000 ffffffff 00cf9300 DPL=0 DS   [-WA]
GS =0010 0000000000000000 ffffffff 00cf9300 DPL=0 DS   [-WA]
LDT=0000 0000000000000000 0000ffff 00008200 DPL=0 LDT
TR =0000 0000000000000000 0000ffff 00008b00 DPL=0 TSS64-busy
GDT=     00000000001918c0 00000017
IDT=     00000000001900a0 00000fff
CR0=80000011 CR2=0000000000000000 CR3=0000000000104000 CR4=00000020
DR0=0000000000000000 DR1=0000000000000000 DR2=0000000000000000 DR3=0000000000000000 
DR6=00000000ffff0ff0 DR7=0000000000000400
CCS=0000000000000081 CCD=fffffffffffffff4 CCO=EFLAGS
EFER=0000000000000500
Servicing hardware INT=0x20
   166: v=20 e=0000 i=0 cpl=0 IP=0008:00000000001015d5 pc=00000000001015d5 SP=0010:0000000000107f58 env->regs[R_EAX]=000000000000003b
RAX=000000000000003b RBX=0000000000000000 RCX=000000000000005d RDX=0000000000000061
RSI=0000000000000010 RDI=00000000000002bc RBP=0000000000107f70 RSP=0000000000107f58
R8 =0000000000000000 R9 =0000000000000000 R10=0000000000000000 R11=0000000000000000
R12=0000000000000000 R13=0000000000000000 R14=0000000000000000 R15=0000000000000000
RIP=00000000001015d5 RFL=00000287 [--S--PC] CPL=0 II=0 A20=1 SMM=0 HLT=0
ES =0010 0000000000000000 ffffffff 00cf9300 DPL=0 DS   [-WA]
CS =0008 0000000000000000 ffffffff 00af9a00 DPL=0 CS64 [-R-]
SS =0010 0000000000000000 ffffffff 00cf9300 DPL=0 DS   [-WA]
DS =0010 0000000000000000 ffffffff 00cf9300 DPL=0 DS   [-WA]
FS =0010 0000000000000000 ffffffff 00cf9300 DPL=0 DS   [-WA]
GS =0010 0000000000000000 ffffffff 00cf9300 DPL=0 DS   [-WA]
LDT=0000 0000000000000000 0000ffff 00008200 DPL=0 LDT
TR =0000 0000000000000000 0000ffff 00008b00 DPL=0 TSS64-busy
GDT=     00000000001918c0 00000017
IDT=     00000000001900a0 00000fff
CR0=80000011 CR2=0000000000000000 CR3=0000000000104000 CR4=00000020
DR0=0000000000000000 DR1=0000000000000000 DR2=0000000000000000 DR3=0000000000000000 
DR6=00000000ffff0ff0 DR7=0000000000000400
CCS=0000000000000085 CCD=fffffffffffffff5 CCO=EFLAGS
EFER=0000000000000500
Servicing hardware INT=0x20
   167: v=20 e=0000 i=0 cpl=0 IP=0008:00000000001015d5 pc=00000000001015d5 SP=0010:0000000000107f58 env->regs[R_EAX]=000000000000003c
RAX=000000000000003c RBX=0000000000000000 RCX=000000000000005d RDX=0000000000000061
RSI=0000000000000010 RDI=00000000000002bc RBP=0000000000107f70 RSP=0000000000107f58
R8 =0000000000000000 R9 =0000000000000000 R10=0000000000000000 R11=0000000000000000
R12=0000000000000000 R13=0000000000000000 R14=0000000000000000 R15=0000000000000000
RIP=00000000001015d5 RFL=00000287 [--S--PC] CPL=0 II=0 A20=1 SMM=0 HLT=0
ES =0010 0000000000000000 ffffffff 00cf9300 DPL=0 DS   [-WA]
CS =0008 0000000000000000 ffffffff 00af9a00 DPL=0 CS64 [-R-]
SS =0010 0000000000000000 ffffffff 00cf9300 DPL=0 DS   [-WA]
DS =0010 0000000000000000 ffffffff 00cf9300 DPL=0 DS   [-WA]
FS =0010 0000000000000000 ffffffff 00cf9300 DPL=0 DS   [-WA]
GS =0010 0000000000000000 ffffffff 00cf9300 DPL=0 DS   [-WA]
LDT=0000 0000000000000000 0000ffff 00008200 DPL=0 LDT
TR =0000 0000000000000000 0000ffff 00008b00 DPL=0 TSS64-busy
GDT=     00000000001918c0 00000017
IDT=     00000000001900a0 00000fff
CR0=80000011 CR2=0000000000000000 CR3=0000000000104000 CR4=00000020
DR0=0000000000000000 DR1=0000000000000000 DR2=0000000000000000 DR3=0000000000000000 
DR6=00000000ffff0ff0 DR7=0000000000000400
CCS=0000000000000085 CCD=fffffffffffffff6 CCO=EFLAGS
EFER=0000000000000500
Servicing hardware INT=0x20
   168: v=20 e=0000 i=0 cpl=0 IP=0008:00000000001015d5 pc=00000000001015d5 SP=0010:0000000000107f58 env->regs[R_EAX]=000000000000003d
RAX=000000000000003d RBX=0000000000000000 RCX=000000000000005d RDX=0000000000000061
RSI=0000000000000010 RDI=00000000000002bc RBP=0000000000107f70 RSP=0000000000107f58
R8 =0000000000000000 R9 =0000000000000000 R10=0000000000000000 R11=0000000000000000
R12=0000000000000000 R13=0000000000000000 R14=0000000000000000 R15=0000000000000000
RIP=00000000001015d5 RFL=00000283 [--S---C] CPL=0 II=0 A20=1 SMM=0 HLT=0
ES =0010 0000000000000000 ffffffff 00cf9300 DPL=0 DS   [-WA]
CS =0008 0000000000000000 ffffffff 00af9a00 DPL=0 CS64 [-R-]
SS =0010 0000000000000000 ffffffff 00cf9300 DPL=0 DS   [-WA]
DS =0010 0000000000000000 ffffffff 00cf9300 DPL=0 DS   [-WA]
FS =0010 0000000000000000 ffffffff 00cf9300 DPL=0 DS   [-WA]
GS =0010 0000000000000000 ffffffff 00cf9300 DPL=0 DS   [-WA]
LDT=0000 0000000000000000 0000ffff 00008200 DPL=0 LDT
TR =0000 0000000000000000 0000ffff 00008b00 DPL=0 TSS64-busy
GDT=     00000000001918c0 00000017
IDT=     00000000001900a0 00000fff
CR0=80000011 CR2=0000000000000000 CR3=0000000000104000 CR4=00000020
DR0=0000000000000000 DR1=0000000000000000 DR2=0000000000000000 DR3=0000000000000000 
DR6=00000000ffff0ff0 DR7=0000000000000400
CCS=0000000000000081 CCD=fffffffffffffff7 CCO=EFLAGS
EFER=0000000000000500
Servicing hardware INT=0x20
   169: v=20 e=0000 i=0 cpl=0 IP=0008:00000000001015d5 pc=00000000001015d5 SP=0010:0000000000107f58 env->regs[R_EAX]=000000000000003e
RAX=000000000000003e RBX=0000000000000000 RCX=000000000000005d RDX=0000000000000061
RSI=0000000000000010 RDI=00000000000002bc RBP=0000000000107f70 RSP=0000000000107f58
R8 =0000000000000000 R9 =0000000000000000 R10=0000000000000000 R11=0000000000000000
R12=0000000000000000 R13=0000000000000000 R14=0000000000000000 R15=0000000000000000
RIP=00000000001015d5 RFL=00000283 [--S---C] CPL=0 II=0 A20=1 SMM=0 HLT=0
ES =0010 0000000000000000 ffffffff 00cf9300 DPL=0 DS   [-WA]
CS =0008 0000000000000000 ffffffff 00af9a00 DPL=0 CS64 [-R-]
SS =0010 0000000000000000 ffffffff 00cf9300 DPL=0 DS   [-WA]
DS =0010 0000000000000000 ffffffff 00cf9300 DPL=0 DS   [-WA]
FS =0010 0000000000000000 ffffffff 00cf9300 DPL=0 DS   [-WA]
GS =0010 0000000000000000 ffffffff 00cf9300 DPL=0 DS   [-WA]
LDT=0000 0000000000000000 0000ffff 00008200 DPL=0 LDT
TR =0000 0000000000000000 0000ffff 00008b00 DPL=0 TSS64-busy
GDT=     00000000001918c0 00000017
IDT=     00000000001900a0 00000fff
CR0=80000011 CR2=0000000000000000 CR3=0000000000104000 CR4=00000020
DR0=0000000000000000 DR1=0000000000000000 DR2=0000000000000000 DR3=0000000000000000 
DR6=00000000ffff0ff0 DR7=0000000000000400
CCS=0000000000000081 CCD=fffffffffffffff8 CCO=EFLAGS
EFER=0000000000000500
Servicing hardware INT=0x20
   170: v=20 e=0000 i=0 cpl=0 IP=0008:00000000001015d5 pc=00000000001015d5 SP=0010:0000000000107f58 env->regs[R_EAX]=000000000000003f
RAX=000000000000003f RBX=0000000000000000 RCX=000000000000005d RDX=0000000000000061
RSI=0000000000000010 RDI=00000000000002bc RBP=0000000000107f70 RSP=0000000000107f58
R8 =0000000000000000 R9 =0000000000000000 R10=0000000000000000 R11=0000000000000000
R12=0000000000000000 R13=0000000000000000 R14=0000000000000000 R15=0000000000000000
RIP=00000000001015d5 RFL=00000287 [--S--PC] CPL=0 II=0 A20=1 SMM=0 HLT=0
ES =0010 0000000000000000 ffffffff 00cf9300 DPL=0 DS   [-WA]
CS =0008 0000000000000000 ffffffff 00af9a00 DPL=0 CS64 [-R-]
SS =0010 0000000000000000 ffffffff 00cf9300 DPL=0 DS   [-WA]
DS =0010 0000000000000000 ffffffff 00cf9300 DPL=0 DS   [-WA]
FS =0010 0000000000000000 ffffffff 00cf9300 DPL=0 DS   [-WA]
GS =0010 0000000000000000 ffffffff 00cf9300 DPL=0 DS   [-WA]
LDT=0000 0000000000000000 0000ffff 00008200 DPL=0 LDT
TR =0000 0000000000000000 0000ffff 00008b00 DPL=0 TSS64-busy
GDT=     00000000001918c0 00000017
IDT=     00000000001900a0 00000fff
CR0=80000011 CR2=0000000000000000 CR3=0000000000104000 CR4=00000020
DR0=0000000000000000 DR1=0000000000000000 DR2=0000000000000000 DR3=0000000000000000 
DR6=00000000ffff0ff0 DR7=0000000000000400
CCS=0000000000000085 CCD=fffffffffffffff9 CCO=EFLAGS
EFER=0000000000000500
Servicing hardware INT=0x20
   171: v=20 e=0000 i=0 cpl=0 IP=0008:00000000001015d5 pc=00000000001015d5 SP=0010:0000000000107f58 env->regs[R_EAX]=0000000000000040
RAX=0000000000000040 RBX=0000000000000000 RCX=000000000000005d RDX=0000000000000061
RSI=0000000000000010 RDI=00000000000002bc RBP=0000000000107f70 RSP=0000000000107f58
R8 =0000000000000000 R9 =0000000000000000 R10=0000000000000000 R11=0000000000000000
R12=0000000000000000 R13=0000000000000000 R14=0000000000000000 R15=0000000000000000
RIP=00000000001015d5 RFL=00000297 [--S-APC] CPL=0 II=0 A20=1 SMM=0 HLT=0
ES =0010 0000000000000000 ffffffff 00cf9300 DPL=0 DS   [-WA]
CS =0008 0000000000000000 ffffffff 00af9a00 DPL=0 CS64 [-R-]
SS =0010 0000000000000000 ffffffff 00cf9300 DPL=0 DS   [-WA]
DS =0010 0000000000000000 ffffffff 00cf9300 DPL=0 DS   [-WA]
FS =0010 0000000000000000 ffffffff 00cf9300 DPL=0 DS   [-WA]
GS =0010 0000000000000000 ffffffff 00cf9300 DPL=0 DS   [-WA]
LDT=0000 0000000000000000 0000ffff 00008200 DPL=0 LDT
TR =0000 0000000000000000 0000ffff 00008b00 DPL=0 TSS64-busy
GDT=     00000000001918c0 00000017
IDT=     00000000001900a0 00000fff
CR0=80000011 CR2=0000000000000000 CR3=0000000000104000 CR4=00000020
DR0=0000000000000000 DR1=0000000000000000 DR2=0000000000000000 DR3=0000000000000000 
DR6=00000000ffff0ff0 DR7=0000000000000400
CCS=0000000000000095 CCD=fffffffffffffffa CCO=EFLAGS
EFER=0000000000000500
Servicing hardware INT=0x20
   172: v=20 e=0000 i=0 cpl=0 IP=0008:00000000001015d5 pc=00000000001015d5 SP=0010:0000000000107f58 env->regs[R_EAX]=0000000000000041
RAX=0000000000000041 RBX=0000000000000000 RCX=000000000000005d RDX=0000000000000061
RSI=0000000000000010 RDI=00000000000002bc RBP=0000000000107f70 RSP=0000000000107f58
R8 =0000000000000000 R9 =0000000000000000 R10=0000000000000000 R11=0000000000000000
R12=0000000000000000 R13=0000000000000000 R14=0000000000000000 R15=0000000000000000
RIP=00000000001015d5 RFL=00000293 [--S-A-C] CPL=0 II=0 A20=1 SMM=0 HLT=0
ES =0010 0000000000000000 ffffffff 00cf9300 DPL=0 DS   [-WA]
CS =0008 0000000000000000 ffffffff 00af9a00 DPL=0 CS64 [-R-]
SS =0010 0000000000000000 ffffffff 00cf9300 DPL=0 DS   [-WA]
DS =0010 0000000000000000 ffffffff 00cf9300 DPL=0 DS   [-WA]
FS =0010 0000000000000000 ffffffff 00cf9300 DPL=0 DS   [-WA]
GS =0010 0000000000000000 ffffffff 00cf9300 DPL=0 DS   [-WA]
LDT=0000 0000000000000000 0000ffff 00008200 DPL=0 LDT
TR =0000 0000000000000000 0000ffff 00008b00 DPL=0 TSS64-busy
GDT=     00000000001918c0 00000017
IDT=     00000000001900a0 00000fff
CR0=80000011 CR2=0000000000000000 CR3=0000000000104000 CR4=00000020
DR0=0000000000000000 DR1=0000000000000000 DR2=0000000000000000 DR3=0000000000000000 
DR6=00000000ffff0ff0 DR7=0000000000000400
CCS=0000000000000091 CCD=fffffffffffffffb CCO=EFLAGS
EFER=0000000000000500
Servicing hardware INT=0x20
   173: v=20 e=0000 i=0 cpl=0 IP=0008:00000000001015d5 pc=00000000001015d5 SP=0010:0000000000107f58 env->regs[R_EAX]=0000000000000042
RAX=0000000000000042 RBX=0000000000000000 RCX=000000000000005d RDX=0000000000000061
RSI=0000000000000010 RDI=00000000000002bc RBP=0000000000107f70 RSP=0000000000107f58
R8 =0000000000000000 R9 =0000000000000000 R10=0000000000000000 R11=0000000000000000
R12=0000000000000000 R13=0000000000000000 R14=0000000000000000 R15=0000000000000000
RIP=00000000001015d5 RFL=00000297 [--S-APC] CPL=0 II=0 A20=1 SMM=0 HLT=0
ES =0010 0000000000000000 ffffffff 00cf9300 DPL=0 DS   [-WA]
CS =0008 0000000000000000 ffffffff 00af9a00 DPL=0 CS64 [-R-]
SS =0010 0000000000000000 ffffffff 00cf9300 DPL=0 DS   [-WA]
DS =0010 0000000000000000 ffffffff 00cf9300 DPL=0 DS   [-WA]
FS =0010 0000000000000000 ffffffff 00cf9300 DPL=0 DS   [-WA]
GS =0010 0000000000000000 ffffffff 00cf9300 DPL=0 DS   [-WA]
LDT=0000 0000000000000000 0000ffff 00008200 DPL=0 LDT
TR =0000 0000000000000000 0000ffff 00008b00 DPL=0 TSS64-busy
GDT=     00000000001918c0 00000017
IDT=     00000000001900a0 00000fff
CR0=80000011 CR2=0000000000000000 CR3=0000000000104000 CR4=00000020
DR0=0000000000000000 DR1=0000000000000000 DR2=0000000000000000 DR3=0000000000000000 
DR6=00000000ffff0ff0 DR7=0000000000000400
CCS=0000000000000095 CCD=fffffffffffffffc CCO=EFLAGS
EFER=0000000000000500
Servicing hardware INT=0x20
   174: v=20 e=0000 i=0 cpl=0 IP=0008:00000000001015d5 pc=00000000001015d5 SP=0010:0000000000107f58 env->regs[R_EAX]=0000000000000043
RAX=0000000000000043 RBX=0000000000000000 RCX=000000000000005d RDX=0000000000000061
RSI=0000000000000010 RDI=00000000000002bc RBP=0000000000107f70 RSP=0000000000107f58
R8 =0000000000000000 R9 =0000000000000000 R10=0000000000000000 R11=0000000000000000
R12=0000000000000000 R13=0000000000000000 R14=0000000000000000 R15=0000000000000000
RIP=00000000001015d5 RFL=00000293 [--S-A-C] CPL=0 II=0 A20=1 SMM=0 HLT=0
ES =0010 0000000000000000 ffffffff 00cf9300 DPL=0 DS   [-WA]
CS =0008 0000000000000000 ffffffff 00af9a00 DPL=0 CS64 [-R-]
SS =0010 0000000000000000 ffffffff 00cf9300 DPL=0 DS   [-WA]
DS =0010 0000000000000000 ffffffff 00cf9300 DPL=0 DS   [-WA]
FS =0010 0000000000000000 ffffffff 00cf9300 DPL=0 DS   [-WA]
GS =0010 0000000000000000 ffffffff 00cf9300 DPL=0 DS   [-WA]
LDT=0000 0000000000000000 0000ffff 00008200 DPL=0 LDT
TR =0000 0000000000000000 0000ffff 00008b00 DPL=0 TSS64-busy
GDT=     00000000001918c0 00000017
IDT=     00000000001900a0 00000fff
CR0=80000011 CR2=0000000000000000 CR3=0000000000104000 CR4=00000020
DR0=0000000000000000 DR1=0000000000000000 DR2=0000000000000000 DR3=0000000000000000 
DR6=00000000ffff0ff0 DR7=0000000000000400
CCS=0000000000000091 CCD=fffffffffffffffd CCO=EFLAGS
EFER=0000000000000500
Servicing hardware INT=0x20
   175: v=20 e=0000 i=0 cpl=0 IP=0008:00000000001015d5 pc=00000000001015d5 SP=0010:0000000000107f58 env->regs[R_EAX]=0000000000000044
RAX=0000000000000044 RBX=0000000000000000 RCX=000000000000005d RDX=0000000000000061
RSI=0000000000000010 RDI=00000000000002bc RBP=0000000000107f70 RSP=0000000000107f58
R8 =0000000000000000 R9 =0000000000000000 R10=0000000000000000 R11=0000000000000000
R12=0000000000000000 R13=0000000000000000 R14=0000000000000000 R15=0000000000000000
RIP=00000000001015d5 RFL=00000293 [--S-A-C] CPL=0 II=0 A20=1 SMM=0 HLT=0
ES =0010 0000000000000000 ffffffff 00cf9300 DPL=0 DS   [-WA]
CS =0008 0000000000000000 ffffffff 00af9a00 DPL=0 CS64 [-R-]
SS =0010 0000000000000000 ffffffff 00cf9300 DPL=0 DS   [-WA]
DS =0010 0000000000000000 ffffffff 00cf9300 DPL=0 DS   [-WA]
FS =0010 0000000000000000 ffffffff 00cf9300 DPL=0 DS   [-WA]
GS =0010 0000000000000000 ffffffff 00cf9300 DPL=0 DS   [-WA]
LDT=0000 0000000000000000 0000ffff 00008200 DPL=0 LDT
TR =0000 0000000000000000 0000ffff 00008b00 DPL=0 TSS64-busy
GDT=     00000000001918c0 00000017
IDT=     00000000001900a0 00000fff
CR0=80000011 CR2=0000000000000000 CR3=0000000000104000 CR4=00000020
DR0=0000000000000000 DR1=0000000000000000 DR2=0000000000000000 DR3=0000000000000000 
DR6=00000000ffff0ff0 DR7=0000000000000400
CCS=0000000000000091 CCD=fffffffffffffffe CCO=EFLAGS
EFER=0000000000000500
Servicing hardware INT=0x20
   176: v=20 e=0000 i=0 cpl=0 IP=0008:00000000001015d5 pc=00000000001015d5 SP=0010:0000000000107f58 env->regs[R_EAX]=0000000000000045
RAX=0000000000000045 RBX=0000000000000000 RCX=000000000000005d RDX=0000000000000061
RSI=0000000000000010 RDI=00000000000002bc RBP=0000000000107f70 RSP=0000000000107f58
R8 =0000000000000000 R9 =0000000000000000 R10=0000000000000000 R11=0000000000000000
R12=0000000000000000 R13=0000000000000000 R14=0000000000000000 R15=0000000000000000
RIP=00000000001015d5 RFL=00000297 [--S-APC] CPL=0 II=0 A20=1 SMM=0 HLT=0
ES =0010 0000000000000000 ffffffff 00cf9300 DPL=0 DS   [-WA]
CS =0008 0000000000000000 ffffffff 00af9a00 DPL=0 CS64 [-R-]
SS =0010 0000000000000000 ffffffff 00cf9300 DPL=0 DS   [-WA]
DS =0010 0000000000000000 ffffffff 00cf9300 DPL=0 DS   [-WA]
FS =0010 0000000000000000 ffffffff 00cf9300 DPL=0 DS   [-WA]
GS =0010 0000000000000000 ffffffff 00cf9300 DPL=0 DS   [-WA]
LDT=0000 0000000000000000 0000ffff 00008200 DPL=0 LDT
TR =0000 0000000000000000 0000ffff 00008b00 DPL=0 TSS64-busy
GDT=     00000000001918c0 00000017
IDT=     00000000001900a0 00000fff
CR0=80000011 CR2=0000000000000000 CR3=0000000000104000 CR4=00000020
DR0=0000000000000000 DR1=0000000000000000 DR2=0000000000000000 DR3=0000000000000000 
DR6=00000000ffff0ff0 DR7=0000000000000400
CCS=0000000000000095 CCD=ffffffffffffffff CCO=EFLAGS
EFER=0000000000000500
Servicing hardware INT=0x20
   177: v=20 e=0000 i=0 cpl=0 IP=0008:00000000001015d5 pc=00000000001015d5 SP=0010:0000000000107f58 env->regs[R_EAX]=0000000000000000
RAX=0000000000000000 RBX=0000000000000000 RCX=000000000000005d RDX=0000000000000000
RSI=000000000000000b RDI=0000000000000064 RBP=0000000000107f70 RSP=0000000000107f58
R8 =0000000000000000 R9 =0000000000000000 R10=0000000000000000 R11=0000000000000000
R12=0000000000000000 R13=0000000000000000 R14=0000000000000000 R15=0000000000000000
RIP=00000000001015d5 RFL=00000297 [--S-APC] CPL=0 II=0 A20=1 SMM=0 HLT=0
ES =0010 0000000000000000 ffffffff 00cf9300 DPL=0 DS   [-WA]
CS =0008 0000000000000000 ffffffff 00af9a00 DPL=0 CS64 [-R-]
SS =0010 0000000000000000 ffffffff 00cf9300 DPL=0 DS   [-WA]
DS =0010 0000000000000000 ffffffff 00cf9300 DPL=0 DS   [-WA]
FS =0010 0000000000000000 ffffffff 00cf9300 DPL=0 DS   [-WA]
GS =0010 0000000000000000 ffffffff 00cf9300 DPL=0 DS   [-WA]
LDT=0000 0000000000000000 0000ffff 00008200 DPL=0 LDT
TR =0000 0000000000000000 0000ffff 00008b00 DPL=0 TSS64-busy
GDT=     00000000001918c0 00000017
IDT=     00000000001900a0 00000fff
CR0=80000011 CR2=0000000000000000 CR3=0000000000104000 CR4=00000020
DR0=0000000000000000 DR1=0000000000000000 DR2=0000000000000000 DR3=0000000000000000 
DR6=00000000ffff0ff0 DR7=0000000000000400
CCS=0000000000000095 CCD=fffffffffffffff6 CCO=EFLAGS
EFER=0000000000000500
Servicing hardware INT=0x20
   178: v=20 e=0000 i=0 cpl=0 IP=0008:00000000001015d5 pc=00000000001015d5 SP=0010:0000000000107f58 env->regs[R_EAX]=0000000000000001
RAX=0000000000000001 RBX=0000000000000000 RCX=000000000000005d RDX=0000000000000000
RSI=000000000000000b RDI=0000000000000064 RBP=0000000000107f70 RSP=0000000000107f58
R8 =0000000000000000 R9 =0000000000000000 R10=0000000000000000 R11=0000000000000000
R12=0000000000000000 R13=0000000000000000 R14=0000000000000000 R15=0000000000000000
RIP=00000000001015d5 RFL=00000293 [--S-A-C] CPL=0 II=0 A20=1 SMM=0 HLT=0
ES =0010 0000000000000000 ffffffff 00cf9300 DPL=0 DS   [-WA]
CS =0008 0000000000000000 ffffffff 00af9a00 DPL=0 CS64 [-R-]
SS =0010 0000000000000000 ffffffff 00cf9300 DPL=0 DS   [-WA]
DS =0010 0000000000000000 ffffffff 00cf9300 DPL=0 DS   [-WA]
FS =0010 0000000000000000 ffffffff 00cf9300 DPL=0 DS   [-WA]
GS =0010 0000000000000000 ffffffff 00cf9300 DPL=0 DS   [-WA]
LDT=0000 0000000000000000 0000ffff 00008200 DPL=0 LDT
TR =0000 0000000000000000 0000ffff 00008b00 DPL=0 TSS64-busy
GDT=     00000000001918c0 00000017
IDT=     00000000001900a0 00000fff
CR0=80000011 CR2=0000000000000000 CR3=0000000000104000 CR4=00000020
DR0=0000000000000000 DR1=0000000000000000 DR2=0000000000000000 DR3=0000000000000000 
DR6=00000000ffff0ff0 DR7=0000000000000400
CCS=0000000000000091 CCD=fffffffffffffff7 CCO=EFLAGS
EFER=0000000000000500
Servicing hardware INT=0x20
   179: v=20 e=0000 i=0 cpl=0 IP=0008:00000000001015d5 pc=00000000001015d5 SP=0010:0000000000107f58 env->regs[R_EAX]=0000000000000002
RAX=0000000000000002 RBX=0000000000000000 RCX=000000000000005d RDX=0000000000000000
RSI=000000000000000b RDI=0000000000000064 RBP=0000000000107f70 RSP=0000000000107f58
R8 =0000000000000000 R9 =0000000000000000 R10=0000000000000000 R11=0000000000000000
R12=0000000000000000 R13=0000000000000000 R14=0000000000000000 R15=0000000000000000
RIP=00000000001015d5 RFL=00000293 [--S-A-C] CPL=0 II=0 A20=1 SMM=0 HLT=0
ES =0010 0000000000000000 ffffffff 00cf9300 DPL=0 DS   [-WA]
CS =0008 0000000000000000 ffffffff 00af9a00 DPL=0 CS64 [-R-]
SS =0010 0000000000000000 ffffffff 00cf9300 DPL=0 DS   [-WA]
DS =0010 0000000000000000 ffffffff 00cf9300 DPL=0 DS   [-WA]
FS =0010 0000000000000000 ffffffff 00cf9300 DPL=0 DS   [-WA]
GS =0010 0000000000000000 ffffffff 00cf9300 DPL=0 DS   [-WA]
LDT=0000 0000000000000000 0000ffff 00008200 DPL=0 LDT
TR =0000 0000000000000000 0000ffff 00008b00 DPL=0 TSS64-busy
GDT=     00000000001918c0 00000017
IDT=     00000000001900a0 00000fff
CR0=80000011 CR2=0000000000000000 CR3=0000000000104000 CR4=00000020
DR0=0000000000000000 DR1=0000000000000000 DR2=0000000000000000 DR3=0000000000000000 
DR6=00000000ffff0ff0 DR7=0000000000000400
CCS=0000000000000091 CCD=fffffffffffffff8 CCO=EFLAGS
EFER=0000000000000500
Servicing hardware INT=0x20
   180: v=20 e=0000 i=0 cpl=0 IP=0008:00000000001015d5 pc=00000000001015d5 SP=0010:0000000000107f58 env->regs[R_EAX]=0000000000000003
RAX=0000000000000003 RBX=0000000000000000 RCX=000000000000005d RDX=0000000000000000
RSI=000000000000000b RDI=0000000000000064 RBP=0000000000107f70 RSP=0000000000107f58
R8 =0000000000000000 R9 =0000000000000000 R10=0000000000000000 R11=0000000000000000
R12=0000000000000000 R13=0000000000000000 R14=0000000000000000 R15=0000000000000000
RIP=00000000001015d5 RFL=00000297 [--S-APC] CPL=0 II=0 A20=1 SMM=0 HLT=0
ES =0010 0000000000000000 ffffffff 00cf9300 DPL=0 DS   [-WA]
CS =0008 0000000000000000 ffffffff 00af9a00 DPL=0 CS64 [-R-]
SS =0010 0000000000000000 ffffffff 00cf9300 DPL=0 DS   [-WA]
DS =0010 0000000000000000 ffffffff 00cf9300 DPL=0 DS   [-WA]
FS =0010 0000000000000000 ffffffff 00cf9300 DPL=0 DS   [-WA]
GS =0010 0000000000000000 ffffffff 00cf9300 DPL=0 DS   [-WA]
LDT=0000 0000000000000000 0000ffff 00008200 DPL=0 LDT
TR =0000 0000000000000000 0000ffff 00008b00 DPL=0 TSS64-busy
GDT=     00000000001918c0 00000017
IDT=     00000000001900a0 00000fff
CR0=80000011 CR2=0000000000000000 CR3=0000000000104000 CR4=00000020
DR0=0000000000000000 DR1=0000000000000000 DR2=0000000000000000 DR3=0000000000000000 
DR6=00000000ffff0ff0 DR7=0000000000000400
CCS=0000000000000095 CCD=fffffffffffffff9 CCO=EFLAGS
EFER=0000000000000500
Servicing hardware INT=0x20
   181: v=20 e=0000 i=0 cpl=0 IP=0008:00000000001015d5 pc=00000000001015d5 SP=0010:0000000000107f58 env->regs[R_EAX]=0000000000000004
RAX=0000000000000004 RBX=0000000000000000 RCX=000000000000005d RDX=0000000000000000
RSI=000000000000000b RDI=0000000000000064 RBP=0000000000107f70 RSP=0000000000107f58
R8 =0000000000000000 R9 =0000000000000000 R10=0000000000000000 R11=0000000000000000
R12=0000000000000000 R13=0000000000000000 R14=0000000000000000 R15=0000000000000000
RIP=00000000001015d5 RFL=00000297 [--S-APC] CPL=0 II=0 A20=1 SMM=0 HLT=0
ES =0010 0000000000000000 ffffffff 00cf9300 DPL=0 DS   [-WA]
CS =0008 0000000000000000 ffffffff 00af9a00 DPL=0 CS64 [-R-]
SS =0010 0000000000000000 ffffffff 00cf9300 DPL=0 DS   [-WA]
DS =0010 0000000000000000 ffffffff 00cf9300 DPL=0 DS   [-WA]
FS =0010 0000000000000000 ffffffff 00cf9300 DPL=0 DS   [-WA]
GS =0010 0000000000000000 ffffffff 00cf9300 DPL=0 DS   [-WA]
LDT=0000 0000000000000000 0000ffff 00008200 DPL=0 LDT
TR =0000 0000000000000000 0000ffff 00008b00 DPL=0 TSS64-busy
GDT=     00000000001918c0 00000017
IDT=     00000000001900a0 00000fff
CR0=80000011 CR2=0000000000000000 CR3=0000000000104000 CR4=00000020
DR0=0000000000000000 DR1=0000000000000000 DR2=0000000000000000 DR3=0000000000000000 
DR6=00000000ffff0ff0 DR7=0000000000000400
CCS=0000000000000095 CCD=fffffffffffffffa CCO=EFLAGS
EFER=0000000000000500
Servicing hardware INT=0x20
   182: v=20 e=0000 i=0 cpl=0 IP=0008:00000000001015d5 pc=00000000001015d5 SP=0010:0000000000107f58 env->regs[R_EAX]=0000000000000005
RAX=0000000000000005 RBX=0000000000000000 RCX=000000000000005d RDX=0000000000000000
RSI=000000000000000b RDI=0000000000000064 RBP=0000000000107f70 RSP=0000000000107f58
R8 =0000000000000000 R9 =0000000000000000 R10=0000000000000000 R11=0000000000000000
R12=0000000000000000 R13=0000000000000000 R14=0000000000000000 R15=0000000000000000
RIP=00000000001015d5 RFL=00000293 [--S-A-C] CPL=0 II=0 A20=1 SMM=0 HLT=0
ES =0010 0000000000000000 ffffffff 00cf9300 DPL=0 DS   [-WA]
CS =0008 0000000000000000 ffffffff 00af9a00 DPL=0 CS64 [-R-]
SS =0010 0000000000000000 ffffffff 00cf9300 DPL=0 DS   [-WA]
DS =0010 0000000000000000 ffffffff 00cf9300 DPL=0 DS   [-WA]
FS =0010 0000000000000000 ffffffff 00cf9300 DPL=0 DS   [-WA]
GS =0010 0000000000000000 ffffffff 00cf9300 DPL=0 DS   [-WA]
LDT=0000 0000000000000000 0000ffff 00008200 DPL=0 LDT
TR =0000 0000000000000000 0000ffff 00008b00 DPL=0 TSS64-busy
GDT=     00000000001918c0 00000017
IDT=     00000000001900a0 00000fff
CR0=80000011 CR2=0000000000000000 CR3=0000000000104000 CR4=00000020
DR0=0000000000000000 DR1=0000000000000000 DR2=0000000000000000 DR3=0000000000000000 
DR6=00000000ffff0ff0 DR7=0000000000000400
CCS=0000000000000091 CCD=fffffffffffffffb CCO=EFLAGS
EFER=0000000000000500
Servicing hardware INT=0x20
   183: v=20 e=0000 i=0 cpl=0 IP=0008:00000000001015d5 pc=00000000001015d5 SP=0010:0000000000107f58 env->regs[R_EAX]=0000000000000006
RAX=0000000000000006 RBX=0000000000000000 RCX=000000000000005d RDX=0000000000000000
RSI=000000000000000b RDI=0000000000000064 RBP=0000000000107f70 RSP=0000000000107f58
R8 =0000000000000000 R9 =0000000000000000 R10=0000000000000000 R11=0000000000000000
R12=0000000000000000 R13=0000000000000000 R14=0000000000000000 R15=0000000000000000
RIP=00000000001015d5 RFL=00000297 [--S-APC] CPL=0 II=0 A20=1 SMM=0 HLT=0
ES =0010 0000000000000000 ffffffff 00cf9300 DPL=0 DS   [-WA]
CS =0008 0000000000000000 ffffffff 00af9a00 DPL=0 CS64 [-R-]
SS =0010 0000000000000000 ffffffff 00cf9300 DPL=0 DS   [-WA]
DS =0010 0000000000000000 ffffffff 00cf9300 DPL=0 DS   [-WA]
FS =0010 0000000000000000 ffffffff 00cf9300 DPL=0 DS   [-WA]
GS =0010 0000000000000000 ffffffff 00cf9300 DPL=0 DS   [-WA]
LDT=0000 0000000000000000 0000ffff 00008200 DPL=0 LDT
TR =0000 0000000000000000 0000ffff 00008b00 DPL=0 TSS64-busy
GDT=     00000000001918c0 00000017
IDT=     00000000001900a0 00000fff
CR0=80000011 CR2=0000000000000000 CR3=0000000000104000 CR4=00000020
DR0=0000000000000000 DR1=0000000000000000 DR2=0000000000000000 DR3=0000000000000000 
DR6=00000000ffff0ff0 DR7=0000000000000400
CCS=0000000000000095 CCD=fffffffffffffffc CCO=EFLAGS
EFER=0000000000000500
Servicing hardware INT=0x20
   184: v=20 e=0000 i=0 cpl=0 IP=0008:00000000001015d5 pc=00000000001015d5 SP=0010:0000000000107f58 env->regs[R_EAX]=0000000000000007
RAX=0000000000000007 RBX=0000000000000000 RCX=000000000000005d RDX=0000000000000000
RSI=000000000000000b RDI=0000000000000064 RBP=0000000000107f70 RSP=0000000000107f58
R8 =0000000000000000 R9 =0000000000000000 R10=0000000000000000 R11=0000000000000000
R12=0000000000000000 R13=0000000000000000 R14=0000000000000000 R15=0000000000000000
RIP=00000000001015d5 RFL=00000293 [--S-A-C] CPL=0 II=0 A20=1 SMM=0 HLT=0
ES =0010 0000000000000000 ffffffff 00cf9300 DPL=0 DS   [-WA]
CS =0008 0000000000000000 ffffffff 00af9a00 DPL=0 CS64 [-R-]
SS =0010 0000000000000000 ffffffff 00cf9300 DPL=0 DS   [-WA]
DS =0010 0000000000000000 ffffffff 00cf9300 DPL=0 DS   [-WA]
FS =0010 0000000000000000 ffffffff 00cf9300 DPL=0 DS   [-WA]
GS =0010 0000000000000000 ffffffff 00cf9300 DPL=0 DS   [-WA]
LDT=0000 0000000000000000 0000ffff 00008200 DPL=0 LDT
TR =0000 0000000000000000 0000ffff 00008b00 DPL=0 TSS64-busy
GDT=     00000000001918c0 00000017
IDT=     00000000001900a0 00000fff
CR0=80000011 CR2=0000000000000000 CR3=0000000000104000 CR4=00000020
DR0=0000000000000000 DR1=0000000000000000 DR2=0000000000000000 DR3=0000000000000000 
DR6=00000000ffff0ff0 DR7=0000000000000400
CCS=0000000000000091 CCD=fffffffffffffffd CCO=EFLAGS
EFER=0000000000000500
Servicing hardware INT=0x20
   185: v=20 e=0000 i=0 cpl=0 IP=0008:00000000001015d5 pc=00000000001015d5 SP=0010:0000000000107f58 env->regs[R_EAX]=0000000000000008
RAX=0000000000000008 RBX=0000000000000000 RCX=000000000000005d RDX=0000000000000000
RSI=000000000000000b RDI=0000000000000064 RBP=0000000000107f70 RSP=0000000000107f58
R8 =0000000000000000 R9 =0000000000000000 R10=0000000000000000 R11=0000000000000000
R12=0000000000000000 R13=0000000000000000 R14=0000000000000000 R15=0000000000000000
RIP=00000000001015d5 RFL=00000293 [--S-A-C] CPL=0 II=0 A20=1 SMM=0 HLT=0
ES =0010 0000000000000000 ffffffff 00cf9300 DPL=0 DS   [-WA]
CS =0008 0000000000000000 ffffffff 00af9a00 DPL=0 CS64 [-R-]
SS =0010 0000000000000000 ffffffff 00cf9300 DPL=0 DS   [-WA]
DS =0010 0000000000000000 ffffffff 00cf9300 DPL=0 DS   [-WA]
FS =0010 0000000000000000 ffffffff 00cf9300 DPL=0 DS   [-WA]
GS =0010 0000000000000000 ffffffff 00cf9300 DPL=0 DS   [-WA]
LDT=0000 0000000000000000 0000ffff 00008200 DPL=0 LDT
TR =0000 0000000000000000 0000ffff 00008b00 DPL=0 TSS64-busy
GDT=     00000000001918c0 00000017
IDT=     00000000001900a0 00000fff
CR0=80000011 CR2=0000000000000000 CR3=0000000000104000 CR4=00000020
DR0=0000000000000000 DR1=0000000000000000 DR2=0000000000000000 DR3=0000000000000000 
DR6=00000000ffff0ff0 DR7=0000000000000400
CCS=0000000000000091 CCD=fffffffffffffffe CCO=EFLAGS
EFER=0000000000000500
Servicing hardware INT=0x20
   186: v=20 e=0000 i=0 cpl=0 IP=0008:00000000001015d5 pc=00000000001015d5 SP=0010:0000000000107f58 env->regs[R_EAX]=0000000000000009
RAX=0000000000000009 RBX=0000000000000000 RCX=000000000000005d RDX=0000000000000000
RSI=000000000000000b RDI=0000000000000064 RBP=0000000000107f70 RSP=0000000000107f58
R8 =0000000000000000 R9 =0000000000000000 R10=0000000000000000 R11=0000000000000000
R12=0000000000000000 R13=0000000000000000 R14=0000000000000000 R15=0000000000000000
RIP=00000000001015d5 RFL=00000297 [--S-APC] CPL=0 II=0 A20=1 SMM=0 HLT=0
ES =0010 0000000000000000 ffffffff 00cf9300 DPL=0 DS   [-WA]
CS =0008 0000000000000000 ffffffff 00af9a00 DPL=0 CS64 [-R-]
SS =0010 0000000000000000 ffffffff 00cf9300 DPL=0 DS   [-WA]
DS =0010 0000000000000000 ffffffff 00cf9300 DPL=0 DS   [-WA]
FS =0010 0000000000000000 ffffffff 00cf9300 DPL=0 DS   [-WA]
GS =0010 0000000000000000 ffffffff 00cf9300 DPL=0 DS   [-WA]
LDT=0000 0000000000000000 0000ffff 00008200 DPL=0 LDT
TR =0000 0000000000000000 0000ffff 00008b00 DPL=0 TSS64-busy
GDT=     00000000001918c0 00000017
IDT=     00000000001900a0 00000fff
CR0=80000011 CR2=0000000000000000 CR3=0000000000104000 CR4=00000020
DR0=0000000000000000 DR1=0000000000000000 DR2=0000000000000000 DR3=0000000000000000 
DR6=00000000ffff0ff0 DR7=0000000000000400
CCS=0000000000000095 CCD=ffffffffffffffff CCO=EFLAGS
EFER=0000000000000500
Servicing hardware INT=0x20
   187: v=20 e=0000 i=0 cpl=0 IP=0008:00000000001015d5 pc=00000000001015d5 SP=0010:0000000000107f58 env->regs[R_EAX]=0000000000000000
RAX=0000000000000000 RBX=0000000000000000 RCX=000000000000004b RDX=0000000000000001
RSI=000000000000000a RDI=0000000000000064 RBP=0000000000107f70 RSP=0000000000107f58
R8 =0000000000000000 R9 =0000000000000000 R10=0000000000000000 R11=0000000000000000
R12=0000000000000000 R13=0000000000000000 R14=0000000000000000 R15=0000000000000000
RIP=00000000001015d5 RFL=00000297 [--S-APC] CPL=0 II=0 A20=1 SMM=0 HLT=0
ES =0010 0000000000000000 ffffffff 00cf9300 DPL=0 DS   [-WA]
CS =0008 0000000000000000 ffffffff 00af9a00 DPL=0 CS64 [-R-]
SS =0010 0000000000000000 ffffffff 00cf9300 DPL=0 DS   [-WA]
DS =0010 0000000000000000 ffffffff 00cf9300 DPL=0 DS   [-WA]
FS =0010 0000000000000000 ffffffff 00cf9300 DPL=0 DS   [-WA]
GS =0010 0000000000000000 ffffffff 00cf9300 DPL=0 DS   [-WA]
LDT=0000 0000000000000000 0000ffff 00008200 DPL=0 LDT
TR =0000 0000000000000000 0000ffff 00008b00 DPL=0 TSS64-busy
GDT=     00000000001918c0 00000017
IDT=     00000000001900a0 00000fff
CR0=80000011 CR2=0000000000000000 CR3=0000000000104000 CR4=00000020
DR0=0000000000000000 DR1=0000000000000000 DR2=0000000000000000 DR3=0000000000000000 
DR6=00000000ffff0ff0 DR7=0000000000000400
CCS=0000000000000095 CCD=fffffffffffffff6 CCO=EFLAGS
EFER=0000000000000500
Servicing hardware INT=0x20
   188: v=20 e=0000 i=0 cpl=0 IP=0008:00000000001015d5 pc=00000000001015d5 SP=0010:0000000000107f58 env->regs[R_EAX]=0000000000000001
RAX=0000000000000001 RBX=0000000000000000 RCX=000000000000004b RDX=0000000000000001
RSI=000000000000000a RDI=0000000000000064 RBP=0000000000107f70 RSP=0000000000107f58
R8 =0000000000000000 R9 =0000000000000000 R10=0000000000000000 R11=0000000000000000
R12=0000000000000000 R13=0000000000000000 R14=0000000000000000 R15=0000000000000000
RIP=00000000001015d5 RFL=00000293 [--S-A-C] CPL=0 II=0 A20=1 SMM=0 HLT=0
ES =0010 0000000000000000 ffffffff 00cf9300 DPL=0 DS   [-WA]
CS =0008 0000000000000000 ffffffff 00af9a00 DPL=0 CS64 [-R-]
SS =0010 0000000000000000 ffffffff 00cf9300 DPL=0 DS   [-WA]
DS =0010 0000000000000000 ffffffff 00cf9300 DPL=0 DS   [-WA]
FS =0010 0000000000000000 ffffffff 00cf9300 DPL=0 DS   [-WA]
GS =0010 0000000000000000 ffffffff 00cf9300 DPL=0 DS   [-WA]
LDT=0000 0000000000000000 0000ffff 00008200 DPL=0 LDT
TR =0000 0000000000000000 0000ffff 00008b00 DPL=0 TSS64-busy
GDT=     00000000001918c0 00000017
IDT=     00000000001900a0 00000fff
CR0=80000011 CR2=0000000000000000 CR3=0000000000104000 CR4=00000020
DR0=0000000000000000 DR1=0000000000000000 DR2=0000000000000000 DR3=0000000000000000 
DR6=00000000ffff0ff0 DR7=0000000000000400
CCS=0000000000000091 CCD=fffffffffffffff7 CCO=EFLAGS
EFER=0000000000000500
Servicing hardware INT=0x20
   189: v=20 e=0000 i=0 cpl=0 IP=0008:00000000001015d5 pc=00000000001015d5 SP=0010:0000000000107f58 env->regs[R_EAX]=0000000000000002
RAX=0000000000000002 RBX=0000000000000000 RCX=000000000000004b RDX=0000000000000001
RSI=000000000000000a RDI=0000000000000064 RBP=0000000000107f70 RSP=0000000000107f58
R8 =0000000000000000 R9 =0000000000000000 R10=0000000000000000 R11=0000000000000000
R12=0000000000000000 R13=0000000000000000 R14=0000000000000000 R15=0000000000000000
RIP=00000000001015d5 RFL=00000293 [--S-A-C] CPL=0 II=0 A20=1 SMM=0 HLT=0
ES =0010 0000000000000000 ffffffff 00cf9300 DPL=0 DS   [-WA]
CS =0008 0000000000000000 ffffffff 00af9a00 DPL=0 CS64 [-R-]
SS =0010 0000000000000000 ffffffff 00cf9300 DPL=0 DS   [-WA]
DS =0010 0000000000000000 ffffffff 00cf9300 DPL=0 DS   [-WA]
FS =0010 0000000000000000 ffffffff 00cf9300 DPL=0 DS   [-WA]
GS =0010 0000000000000000 ffffffff 00cf9300 DPL=0 DS   [-WA]
LDT=0000 0000000000000000 0000ffff 00008200 DPL=0 LDT
TR =0000 0000000000000000 0000ffff 00008b00 DPL=0 TSS64-busy
GDT=     00000000001918c0 00000017
IDT=     00000000001900a0 00000fff
CR0=80000011 CR2=0000000000000000 CR3=0000000000104000 CR4=00000020
DR0=0000000000000000 DR1=0000000000000000 DR2=0000000000000000 DR3=0000000000000000 
DR6=00000000ffff0ff0 DR7=0000000000000400
CCS=0000000000000091 CCD=fffffffffffffff8 CCO=EFLAGS
EFER=0000000000000500
Servicing hardware INT=0x20
   190: v=20 e=0000 i=0 cpl=0 IP=0008:00000000001015d5 pc=00000000001015d5 SP=0010:0000000000107f58 env->regs[R_EAX]=0000000000000003
RAX=0000000000000003 RBX=0000000000000000 RCX=000000000000004b RDX=0000000000000001
RSI=000000000000000a RDI=0000000000000064 RBP=0000000000107f70 RSP=0000000000107f58
R8 =0000000000000000 R9 =0000000000000000 R10=0000000000000000 R11=0000000000000000
R12=0000000000000000 R13=0000000000000000 R14=0000000000000000 R15=0000000000000000
RIP=00000000001015d5 RFL=00000297 [--S-APC] CPL=0 II=0 A20=1 SMM=0 HLT=0
ES =0010 0000000000000000 ffffffff 00cf9300 DPL=0 DS   [-WA]
CS =0008 0000000000000000 ffffffff 00af9a00 DPL=0 CS64 [-R-]
SS =0010 0000000000000000 ffffffff 00cf9300 DPL=0 DS   [-WA]
DS =0010 0000000000000000 ffffffff 00cf9300 DPL=0 DS   [-WA]
FS =0010 0000000000000000 ffffffff 00cf9300 DPL=0 DS   [-WA]
GS =0010 0000000000000000 ffffffff 00cf9300 DPL=0 DS   [-WA]
LDT=0000 0000000000000000 0000ffff 00008200 DPL=0 LDT
TR =0000 0000000000000000 0000ffff 00008b00 DPL=0 TSS64-busy
GDT=     00000000001918c0 00000017
IDT=     00000000001900a0 00000fff
CR0=80000011 CR2=0000000000000000 CR3=0000000000104000 CR4=00000020
DR0=0000000000000000 DR1=0000000000000000 DR2=0000000000000000 DR3=0000000000000000 
DR6=00000000ffff0ff0 DR7=0000000000000400
CCS=0000000000000095 CCD=fffffffffffffff9 CCO=EFLAGS
EFER=0000000000000500
Servicing hardware INT=0x20
   191: v=20 e=0000 i=0 cpl=0 IP=0008:00000000001015d5 pc=00000000001015d5 SP=0010:0000000000107f58 env->regs[R_EAX]=0000000000000004
RAX=0000000000000004 RBX=0000000000000000 RCX=000000000000004b RDX=0000000000000001
RSI=000000000000000a RDI=0000000000000064 RBP=0000000000107f70 RSP=0000000000107f58
R8 =0000000000000000 R9 =0000000000000000 R10=0000000000000000 R11=0000000000000000
R12=0000000000000000 R13=0000000000000000 R14=0000000000000000 R15=0000000000000000
RIP=00000000001015d5 RFL=00000297 [--S-APC] CPL=0 II=0 A20=1 SMM=0 HLT=0
ES =0010 0000000000000000 ffffffff 00cf9300 DPL=0 DS   [-WA]
CS =0008 0000000000000000 ffffffff 00af9a00 DPL=0 CS64 [-R-]
SS =0010 0000000000000000 ffffffff 00cf9300 DPL=0 DS   [-WA]
DS =0010 0000000000000000 ffffffff 00cf9300 DPL=0 DS   [-WA]
FS =0010 0000000000000000 ffffffff 00cf9300 DPL=0 DS   [-WA]
GS =0010 0000000000000000 ffffffff 00cf9300 DPL=0 DS   [-WA]
LDT=0000 0000000000000000 0000ffff 00008200 DPL=0 LDT
TR =0000 0000000000000000 0000ffff 00008b00 DPL=0 TSS64-busy
GDT=     00000000001918c0 00000017
IDT=     00000000001900a0 00000fff
CR0=80000011 CR2=0000000000000000 CR3=0000000000104000 CR4=00000020
DR0=0000000000000000 DR1=0000000000000000 DR2=0000000000000000 DR3=0000000000000000 
DR6=00000000ffff0ff0 DR7=0000000000000400
CCS=0000000000000095 CCD=fffffffffffffffa CCO=EFLAGS
EFER=0000000000000500
Servicing hardware INT=0x20
   192: v=20 e=0000 i=0 cpl=0 IP=0008:00000000001015d5 pc=00000000001015d5 SP=0010:0000000000107f58 env->regs[R_EAX]=0000000000000005
RAX=0000000000000005 RBX=0000000000000000 RCX=000000000000004b RDX=0000000000000001
RSI=000000000000000a RDI=0000000000000064 RBP=0000000000107f70 RSP=0000000000107f58
R8 =0000000000000000 R9 =0000000000000000 R10=0000000000000000 R11=0000000000000000
R12=0000000000000000 R13=0000000000000000 R14=0000000000000000 R15=0000000000000000
RIP=00000000001015d5 RFL=00000293 [--S-A-C] CPL=0 II=0 A20=1 SMM=0 HLT=0
ES =0010 0000000000000000 ffffffff 00cf9300 DPL=0 DS   [-WA]
CS =0008 0000000000000000 ffffffff 00af9a00 DPL=0 CS64 [-R-]
SS =0010 0000000000000000 ffffffff 00cf9300 DPL=0 DS   [-WA]
DS =0010 0000000000000000 ffffffff 00cf9300 DPL=0 DS   [-WA]
FS =0010 0000000000000000 ffffffff 00cf9300 DPL=0 DS   [-WA]
GS =0010 0000000000000000 ffffffff 00cf9300 DPL=0 DS   [-WA]
LDT=0000 0000000000000000 0000ffff 00008200 DPL=0 LDT
TR =0000 0000000000000000 0000ffff 00008b00 DPL=0 TSS64-busy
GDT=     00000000001918c0 00000017
IDT=     00000000001900a0 00000fff
CR0=80000011 CR2=0000000000000000 CR3=0000000000104000 CR4=00000020
DR0=0000000000000000 DR1=0000000000000000 DR2=0000000000000000 DR3=0000000000000000 
DR6=00000000ffff0ff0 DR7=0000000000000400
CCS=0000000000000091 CCD=fffffffffffffffb CCO=EFLAGS
EFER=0000000000000500
Servicing hardware INT=0x20
   193: v=20 e=0000 i=0 cpl=0 IP=0008:00000000001015d5 pc=00000000001015d5 SP=0010:0000000000107f58 env->regs[R_EAX]=0000000000000006
RAX=0000000000000006 RBX=0000000000000000 RCX=000000000000004b RDX=0000000000000001
RSI=000000000000000a RDI=0000000000000064 RBP=0000000000107f70 RSP=0000000000107f58
R8 =0000000000000000 R9 =0000000000000000 R10=0000000000000000 R11=0000000000000000
R12=0000000000000000 R13=0000000000000000 R14=0000000000000000 R15=0000000000000000
RIP=00000000001015d5 RFL=00000297 [--S-APC] CPL=0 II=0 A20=1 SMM=0 HLT=0
ES =0010 0000000000000000 ffffffff 00cf9300 DPL=0 DS   [-WA]
CS =0008 0000000000000000 ffffffff 00af9a00 DPL=0 CS64 [-R-]
SS =0010 0000000000000000 ffffffff 00cf9300 DPL=0 DS   [-WA]
DS =0010 0000000000000000 ffffffff 00cf9300 DPL=0 DS   [-WA]
FS =0010 0000000000000000 ffffffff 00cf9300 DPL=0 DS   [-WA]
GS =0010 0000000000000000 ffffffff 00cf9300 DPL=0 DS   [-WA]
LDT=0000 0000000000000000 0000ffff 00008200 DPL=0 LDT
TR =0000 0000000000000000 0000ffff 00008b00 DPL=0 TSS64-busy
GDT=     00000000001918c0 00000017
IDT=     00000000001900a0 00000fff
CR0=80000011 CR2=0000000000000000 CR3=0000000000104000 CR4=00000020
DR0=0000000000000000 DR1=0000000000000000 DR2=0000000000000000 DR3=0000000000000000 
DR6=00000000ffff0ff0 DR7=0000000000000400
CCS=0000000000000095 CCD=fffffffffffffffc CCO=EFLAGS
EFER=0000000000000500
Servicing hardware INT=0x20
   194: v=20 e=0000 i=0 cpl=0 IP=0008:00000000001015d5 pc=00000000001015d5 SP=0010:0000000000107f58 env->regs[R_EAX]=0000000000000007
RAX=0000000000000007 RBX=0000000000000000 RCX=000000000000004b RDX=0000000000000001
RSI=000000000000000a RDI=0000000000000064 RBP=0000000000107f70 RSP=0000000000107f58
R8 =0000000000000000 R9 =0000000000000000 R10=0000000000000000 R11=0000000000000000
R12=0000000000000000 R13=0000000000000000 R14=0000000000000000 R15=0000000000000000
RIP=00000000001015d5 RFL=00000293 [--S-A-C] CPL=0 II=0 A20=1 SMM=0 HLT=0
ES =0010 0000000000000000 ffffffff 00cf9300 DPL=0 DS   [-WA]
CS =0008 0000000000000000 ffffffff 00af9a00 DPL=0 CS64 [-R-]
SS =0010 0000000000000000 ffffffff 00cf9300 DPL=0 DS   [-WA]
DS =0010 0000000000000000 ffffffff 00cf9300 DPL=0 DS   [-WA]
FS =0010 0000000000000000 ffffffff 00cf9300 DPL=0 DS   [-WA]
GS =0010 0000000000000000 ffffffff 00cf9300 DPL=0 DS   [-WA]
LDT=0000 0000000000000000 0000ffff 00008200 DPL=0 LDT
TR =0000 0000000000000000 0000ffff 00008b00 DPL=0 TSS64-busy
GDT=     00000000001918c0 00000017
IDT=     00000000001900a0 00000fff
CR0=80000011 CR2=0000000000000000 CR3=0000000000104000 CR4=00000020
DR0=0000000000000000 DR1=0000000000000000 DR2=0000000000000000 DR3=0000000000000000 
DR6=00000000ffff0ff0 DR7=0000000000000400
CCS=0000000000000091 CCD=fffffffffffffffd CCO=EFLAGS
EFER=0000000000000500
Servicing hardware INT=0x20
   195: v=20 e=0000 i=0 cpl=0 IP=0008:00000000001015d5 pc=00000000001015d5 SP=0010:0000000000107f58 env->regs[R_EAX]=0000000000000008
RAX=0000000000000008 RBX=0000000000000000 RCX=000000000000004b RDX=0000000000000001
RSI=000000000000000a RDI=0000000000000064 RBP=0000000000107f70 RSP=0000000000107f58
R8 =0000000000000000 R9 =0000000000000000 R10=0000000000000000 R11=0000000000000000
R12=0000000000000000 R13=0000000000000000 R14=0000000000000000 R15=0000000000000000
RIP=00000000001015d5 RFL=00000293 [--S-A-C] CPL=0 II=0 A20=1 SMM=0 HLT=0
ES =0010 0000000000000000 ffffffff 00cf9300 DPL=0 DS   [-WA]
CS =0008 0000000000000000 ffffffff 00af9a00 DPL=0 CS64 [-R-]
SS =0010 0000000000000000 ffffffff 00cf9300 DPL=0 DS   [-WA]
DS =0010 0000000000000000 ffffffff 00cf9300 DPL=0 DS   [-WA]
FS =0010 0000000000000000 ffffffff 00cf9300 DPL=0 DS   [-WA]
GS =0010 0000000000000000 ffffffff 00cf9300 DPL=0 DS   [-WA]
LDT=0000 0000000000000000 0000ffff 00008200 DPL=0 LDT
TR =0000 0000000000000000 0000ffff 00008b00 DPL=0 TSS64-busy
GDT=     00000000001918c0 00000017
IDT=     00000000001900a0 00000fff
CR0=80000011 CR2=0000000000000000 CR3=0000000000104000 CR4=00000020
DR0=0000000000000000 DR1=0000000000000000 DR2=0000000000000000 DR3=0000000000000000 
DR6=00000000ffff0ff0 DR7=0000000000000400
CCS=0000000000000091 CCD=fffffffffffffffe CCO=EFLAGS
EFER=0000000000000500
Servicing hardware INT=0x20
   196: v=20 e=0000 i=0 cpl=0 IP=0008:00000000001015d5 pc=00000000001015d5 SP=0010:0000000000107f58 env->regs[R_EAX]=0000000000000009
RAX=0000000000000009 RBX=0000000000000000 RCX=000000000000004b RDX=0000000000000001
RSI=000000000000000a RDI=0000000000000064 RBP=0000000000107f70 RSP=0000000000107f58
R8 =0000000000000000 R9 =0000000000000000 R10=0000000000000000 R11=0000000000000000
R12=0000000000000000 R13=0000000000000000 R14=0000000000000000 R15=0000000000000000
RIP=00000000001015d5 RFL=00000297 [--S-APC] CPL=0 II=0 A20=1 SMM=0 HLT=0
ES =0010 0000000000000000 ffffffff 00cf9300 DPL=0 DS   [-WA]
CS =0008 0000000000000000 ffffffff 00af9a00 DPL=0 CS64 [-R-]
SS =0010 0000000000000000 ffffffff 00cf9300 DPL=0 DS   [-WA]
DS =0010 0000000000000000 ffffffff 00cf9300 DPL=0 DS   [-WA]
FS =0010 0000000000000000 ffffffff 00cf9300 DPL=0 DS   [-WA]
GS =0010 0000000000000000 ffffffff 00cf9300 DPL=0 DS   [-WA]
LDT=0000 0000000000000000 0000ffff 00008200 DPL=0 LDT
TR =0000 0000000000000000 0000ffff 00008b00 DPL=0 TSS64-busy
GDT=     00000000001918c0 00000017
IDT=     00000000001900a0 00000fff
CR0=80000011 CR2=0000000000000000 CR3=0000000000104000 CR4=00000020
DR0=0000000000000000 DR1=0000000000000000 DR2=0000000000000000 DR3=0000000000000000 
DR6=00000000ffff0ff0 DR7=0000000000000400
CCS=0000000000000095 CCD=ffffffffffffffff CCO=EFLAGS
EFER=0000000000000500
Servicing hardware INT=0x20
   197: v=20 e=0000 i=0 cpl=0 IP=0008:00000000001015d5 pc=00000000001015d5 SP=0010:0000000000107f58 env->regs[R_EAX]=0000000000000000
RAX=0000000000000000 RBX=0000000000000000 RCX=0000000000000068 RDX=0000000000000002
RSI=000000000000000a RDI=0000000000000064 RBP=0000000000107f70 RSP=0000000000107f58
R8 =0000000000000000 R9 =0000000000000000 R10=0000000000000000 R11=0000000000000000
R12=0000000000000000 R13=0000000000000000 R14=0000000000000000 R15=0000000000000000
RIP=00000000001015d5 RFL=00000297 [--S-APC] CPL=0 II=0 A20=1 SMM=0 HLT=0
ES =0010 0000000000000000 ffffffff 00cf9300 DPL=0 DS   [-WA]
CS =0008 0000000000000000 ffffffff 00af9a00 DPL=0 CS64 [-R-]
SS =0010 0000000000000000 ffffffff 00cf9300 DPL=0 DS   [-WA]
DS =0010 0000000000000000 ffffffff 00cf9300 DPL=0 DS   [-WA]
FS =0010 0000000000000000 ffffffff 00cf9300 DPL=0 DS   [-WA]
GS =0010 0000000000000000 ffffffff 00cf9300 DPL=0 DS   [-WA]
LDT=0000 0000000000000000 0000ffff 00008200 DPL=0 LDT
TR =0000 0000000000000000 0000ffff 00008b00 DPL=0 TSS64-busy
GDT=     00000000001918c0 00000017
IDT=     00000000001900a0 00000fff
CR0=80000011 CR2=0000000000000000 CR3=0000000000104000 CR4=00000020
DR0=0000000000000000 DR1=0000000000000000 DR2=0000000000000000 DR3=0000000000000000 
DR6=00000000ffff0ff0 DR7=0000000000000400
CCS=0000000000000095 CCD=fffffffffffffff6 CCO=EFLAGS
EFER=0000000000000500
Servicing hardware INT=0x20
   198: v=20 e=0000 i=0 cpl=0 IP=0008:00000000001015d5 pc=00000000001015d5 SP=0010:0000000000107f58 env->regs[R_EAX]=0000000000000001
RAX=0000000000000001 RBX=0000000000000000 RCX=0000000000000068 RDX=0000000000000002
RSI=000000000000000a RDI=0000000000000064 RBP=0000000000107f70 RSP=0000000000107f58
R8 =0000000000000000 R9 =0000000000000000 R10=0000000000000000 R11=0000000000000000
R12=0000000000000000 R13=0000000000000000 R14=0000000000000000 R15=0000000000000000
RIP=00000000001015d5 RFL=00000293 [--S-A-C] CPL=0 II=0 A20=1 SMM=0 HLT=0
ES =0010 0000000000000000 ffffffff 00cf9300 DPL=0 DS   [-WA]
CS =0008 0000000000000000 ffffffff 00af9a00 DPL=0 CS64 [-R-]
SS =0010 0000000000000000 ffffffff 00cf9300 DPL=0 DS   [-WA]
DS =0010 0000000000000000 ffffffff 00cf9300 DPL=0 DS   [-WA]
FS =0010 0000000000000000 ffffffff 00cf9300 DPL=0 DS   [-WA]
GS =0010 0000000000000000 ffffffff 00cf9300 DPL=0 DS   [-WA]
LDT=0000 0000000000000000 0000ffff 00008200 DPL=0 LDT
TR =0000 0000000000000000 0000ffff 00008b00 DPL=0 TSS64-busy
GDT=     00000000001918c0 00000017
IDT=     00000000001900a0 00000fff
CR0=80000011 CR2=0000000000000000 CR3=0000000000104000 CR4=00000020
DR0=0000000000000000 DR1=0000000000000000 DR2=0000000000000000 DR3=0000000000000000 
DR6=00000000ffff0ff0 DR7=0000000000000400
CCS=0000000000000091 CCD=fffffffffffffff7 CCO=EFLAGS
EFER=0000000000000500
Servicing hardware INT=0x20
   199: v=20 e=0000 i=0 cpl=0 IP=0008:00000000001015d5 pc=00000000001015d5 SP=0010:0000000000107f58 env->regs[R_EAX]=0000000000000002
RAX=0000000000000002 RBX=0000000000000000 RCX=0000000000000068 RDX=0000000000000002
RSI=000000000000000a RDI=0000000000000064 RBP=0000000000107f70 RSP=0000000000107f58
R8 =0000000000000000 R9 =0000000000000000 R10=0000000000000000 R11=0000000000000000
R12=0000000000000000 R13=0000000000000000 R14=0000000000000000 R15=0000000000000000
RIP=00000000001015d5 RFL=00000293 [--S-A-C] CPL=0 II=0 A20=1 SMM=0 HLT=0
ES =0010 0000000000000000 ffffffff 00cf9300 DPL=0 DS   [-WA]
CS =0008 0000000000000000 ffffffff 00af9a00 DPL=0 CS64 [-R-]
SS =0010 0000000000000000 ffffffff 00cf9300 DPL=0 DS   [-WA]
DS =0010 0000000000000000 ffffffff 00cf9300 DPL=0 DS   [-WA]
FS =0010 0000000000000000 ffffffff 00cf9300 DPL=0 DS   [-WA]
GS =0010 0000000000000000 ffffffff 00cf9300 DPL=0 DS   [-WA]
LDT=0000 0000000000000000 0000ffff 00008200 DPL=0 LDT
TR =0000 0000000000000000 0000ffff 00008b00 DPL=0 TSS64-busy
GDT=     00000000001918c0 00000017
IDT=     00000000001900a0 00000fff
CR0=80000011 CR2=0000000000000000 CR3=0000000000104000 CR4=00000020
DR0=0000000000000000 DR1=0000000000000000 DR2=0000000000000000 DR3=0000000000000000 
DR6=00000000ffff0ff0 DR7=0000000000000400
CCS=0000000000000091 CCD=fffffffffffffff8 CCO=EFLAGS
EFER=0000000000000500
Servicing hardware INT=0x20
   200: v=20 e=0000 i=0 cpl=0 IP=0008:00000000001015d5 pc=00000000001015d5 SP=0010:0000000000107f58 env->regs[R_EAX]=0000000000000003
RAX=0000000000000003 RBX=0000000000000000 RCX=0000000000000068 RDX=0000000000000002
RSI=000000000000000a RDI=0000000000000064 RBP=0000000000107f70 RSP=0000000000107f58
R8 =0000000000000000 R9 =0000000000000000 R10=0000000000000000 R11=0000000000000000
R12=0000000000000000 R13=0000000000000000 R14=0000000000000000 R15=0000000000000000
RIP=00000000001015d5 RFL=00000297 [--S-APC] CPL=0 II=0 A20=1 SMM=0 HLT=0
ES =0010 0000000000000000 ffffffff 00cf9300 DPL=0 DS   [-WA]
CS =0008 0000000000000000 ffffffff 00af9a00 DPL=0 CS64 [-R-]
SS =0010 0000000000000000 ffffffff 00cf9300 DPL=0 DS   [-WA]
DS =0010 0000000000000000 ffffffff 00cf9300 DPL=0 DS   [-WA]
FS =0010 0000000000000000 ffffffff 00cf9300 DPL=0 DS   [-WA]
GS =0010 0000000000000000 ffffffff 00cf9300 DPL=0 DS   [-WA]
LDT=0000 0000000000000000 0000ffff 00008200 DPL=0 LDT
TR =0000 0000000000000000 0000ffff 00008b00 DPL=0 TSS64-busy
GDT=     00000000001918c0 00000017
IDT=     00000000001900a0 00000fff
CR0=80000011 CR2=0000000000000000 CR3=0000000000104000 CR4=00000020
DR0=0000000000000000 DR1=0000000000000000 DR2=0000000000000000 DR3=0000000000000000 
DR6=00000000ffff0ff0 DR7=0000000000000400
CCS=0000000000000095 CCD=fffffffffffffff9 CCO=EFLAGS
EFER=0000000000000500
Servicing hardware INT=0x20
   201: v=20 e=0000 i=0 cpl=0 IP=0008:00000000001015d5 pc=00000000001015d5 SP=0010:0000000000107f58 env->regs[R_EAX]=0000000000000004
RAX=0000000000000004 RBX=0000000000000000 RCX=0000000000000068 RDX=0000000000000002
RSI=000000000000000a RDI=0000000000000064 RBP=0000000000107f70 RSP=0000000000107f58
R8 =0000000000000000 R9 =0000000000000000 R10=0000000000000000 R11=0000000000000000
R12=0000000000000000 R13=0000000000000000 R14=0000000000000000 R15=0000000000000000
RIP=00000000001015d5 RFL=00000297 [--S-APC] CPL=0 II=0 A20=1 SMM=0 HLT=0
ES =0010 0000000000000000 ffffffff 00cf9300 DPL=0 DS   [-WA]
CS =0008 0000000000000000 ffffffff 00af9a00 DPL=0 CS64 [-R-]
SS =0010 0000000000000000 ffffffff 00cf9300 DPL=0 DS   [-WA]
DS =0010 0000000000000000 ffffffff 00cf9300 DPL=0 DS   [-WA]
FS =0010 0000000000000000 ffffffff 00cf9300 DPL=0 DS   [-WA]
GS =0010 0000000000000000 ffffffff 00cf9300 DPL=0 DS   [-WA]
LDT=0000 0000000000000000 0000ffff 00008200 DPL=0 LDT
TR =0000 0000000000000000 0000ffff 00008b00 DPL=0 TSS64-busy
GDT=     00000000001918c0 00000017
IDT=     00000000001900a0 00000fff
CR0=80000011 CR2=0000000000000000 CR3=0000000000104000 CR4=00000020
DR0=0000000000000000 DR1=0000000000000000 DR2=0000000000000000 DR3=0000000000000000 
DR6=00000000ffff0ff0 DR7=0000000000000400
CCS=0000000000000095 CCD=fffffffffffffffa CCO=EFLAGS
EFER=0000000000000500
Servicing hardware INT=0x20
   202: v=20 e=0000 i=0 cpl=0 IP=0008:00000000001015d5 pc=00000000001015d5 SP=0010:0000000000107f58 env->regs[R_EAX]=0000000000000005
RAX=0000000000000005 RBX=0000000000000000 RCX=0000000000000068 RDX=0000000000000002
RSI=000000000000000a RDI=0000000000000064 RBP=0000000000107f70 RSP=0000000000107f58
R8 =0000000000000000 R9 =0000000000000000 R10=0000000000000000 R11=0000000000000000
R12=0000000000000000 R13=0000000000000000 R14=0000000000000000 R15=0000000000000000
RIP=00000000001015d5 RFL=00000293 [--S-A-C] CPL=0 II=0 A20=1 SMM=0 HLT=0
ES =0010 0000000000000000 ffffffff 00cf9300 DPL=0 DS   [-WA]
CS =0008 0000000000000000 ffffffff 00af9a00 DPL=0 CS64 [-R-]
SS =0010 0000000000000000 ffffffff 00cf9300 DPL=0 DS   [-WA]
DS =0010 0000000000000000 ffffffff 00cf9300 DPL=0 DS   [-WA]
FS =0010 0000000000000000 ffffffff 00cf9300 DPL=0 DS   [-WA]
GS =0010 0000000000000000 ffffffff 00cf9300 DPL=0 DS   [-WA]
LDT=0000 0000000000000000 0000ffff 00008200 DPL=0 LDT
TR =0000 0000000000000000 0000ffff 00008b00 DPL=0 TSS64-busy
GDT=     00000000001918c0 00000017
IDT=     00000000001900a0 00000fff
CR0=80000011 CR2=0000000000000000 CR3=0000000000104000 CR4=00000020
DR0=0000000000000000 DR1=0000000000000000 DR2=0000000000000000 DR3=0000000000000000 
DR6=00000000ffff0ff0 DR7=0000000000000400
CCS=0000000000000091 CCD=fffffffffffffffb CCO=EFLAGS
EFER=0000000000000500
Servicing hardware INT=0x20
   203: v=20 e=0000 i=0 cpl=0 IP=0008:00000000001015d5 pc=00000000001015d5 SP=0010:0000000000107f58 env->regs[R_EAX]=0000000000000006
RAX=0000000000000006 RBX=0000000000000000 RCX=0000000000000068 RDX=0000000000000002
RSI=000000000000000a RDI=0000000000000064 RBP=0000000000107f70 RSP=0000000000107f58
R8 =0000000000000000 R9 =0000000000000000 R10=0000000000000000 R11=0000000000000000
R12=0000000000000000 R13=0000000000000000 R14=0000000000000000 R15=0000000000000000
RIP=00000000001015d5 RFL=00000297 [--S-APC] CPL=0 II=0 A20=1 SMM=0 HLT=0
ES =0010 0000000000000000 ffffffff 00cf9300 DPL=0 DS   [-WA]
CS =0008 0000000000000000 ffffffff 00af9a00 DPL=0 CS64 [-R-]
SS =0010 0000000000000000 ffffffff 00cf9300 DPL=0 DS   [-WA]
DS =0010 0000000000000000 ffffffff 00cf9300 DPL=0 DS   [-WA]
FS =0010 0000000000000000 ffffffff 00cf9300 DPL=0 DS   [-WA]
GS =0010 0000000000000000 ffffffff 00cf9300 DPL=0 DS   [-WA]
LDT=0000 0000000000000000 0000ffff 00008200 DPL=0 LDT
TR =0000 0000000000000000 0000ffff 00008b00 DPL=0 TSS64-busy
GDT=     00000000001918c0 00000017
IDT=     00000000001900a0 00000fff
CR0=80000011 CR2=0000000000000000 CR3=0000000000104000 CR4=00000020
DR0=0000000000000000 DR1=0000000000000000 DR2=0000000000000000 DR3=0000000000000000 
DR6=00000000ffff0ff0 DR7=0000000000000400
CCS=0000000000000095 CCD=fffffffffffffffc CCO=EFLAGS
EFER=0000000000000500
Servicing hardware INT=0x20
   204: v=20 e=0000 i=0 cpl=0 IP=0008:00000000001015d5 pc=00000000001015d5 SP=0010:0000000000107f58 env->regs[R_EAX]=0000000000000007
RAX=0000000000000007 RBX=0000000000000000 RCX=0000000000000068 RDX=0000000000000002
RSI=000000000000000a RDI=0000000000000064 RBP=0000000000107f70 RSP=0000000000107f58
R8 =0000000000000000 R9 =0000000000000000 R10=0000000000000000 R11=0000000000000000
R12=0000000000000000 R13=0000000000000000 R14=0000000000000000 R15=0000000000000000
RIP=00000000001015d5 RFL=00000293 [--S-A-C] CPL=0 II=0 A20=1 SMM=0 HLT=0
ES =0010 0000000000000000 ffffffff 00cf9300 DPL=0 DS   [-WA]
CS =0008 0000000000000000 ffffffff 00af9a00 DPL=0 CS64 [-R-]
SS =0010 0000000000000000 ffffffff 00cf9300 DPL=0 DS   [-WA]
DS =0010 0000000000000000 ffffffff 00cf9300 DPL=0 DS   [-WA]
FS =0010 0000000000000000 ffffffff 00cf9300 DPL=0 DS   [-WA]
GS =0010 0000000000000000 ffffffff 00cf9300 DPL=0 DS   [-WA]
LDT=0000 0000000000000000 0000ffff 00008200 DPL=0 LDT
TR =0000 0000000000000000 0000ffff 00008b00 DPL=0 TSS64-busy
GDT=     00000000001918c0 00000017
IDT=     00000000001900a0 00000fff
CR0=80000011 CR2=0000000000000000 CR3=0000000000104000 CR4=00000020
DR0=0000000000000000 DR1=0000000000000000 DR2=0000000000000000 DR3=0000000000000000 
DR6=00000000ffff0ff0 DR7=0000000000000400
CCS=0000000000000091 CCD=fffffffffffffffd CCO=EFLAGS
EFER=0000000000000500
Servicing hardware INT=0x20
   205: v=20 e=0000 i=0 cpl=0 IP=0008:00000000001015d5 pc=00000000001015d5 SP=0010:0000000000107f58 env->regs[R_EAX]=0000000000000008
RAX=0000000000000008 RBX=0000000000000000 RCX=0000000000000068 RDX=0000000000000002
RSI=000000000000000a RDI=0000000000000064 RBP=0000000000107f70 RSP=0000000000107f58
R8 =0000000000000000 R9 =0000000000000000 R10=0000000000000000 R11=0000000000000000
R12=0000000000000000 R13=0000000000000000 R14=0000000000000000 R15=0000000000000000
RIP=00000000001015d5 RFL=00000293 [--S-A-C] CPL=0 II=0 A20=1 SMM=0 HLT=0
ES =0010 0000000000000000 ffffffff 00cf9300 DPL=0 DS   [-WA]
CS =0008 0000000000000000 ffffffff 00af9a00 DPL=0 CS64 [-R-]
SS =0010 0000000000000000 ffffffff 00cf9300 DPL=0 DS   [-WA]
DS =0010 0000000000000000 ffffffff 00cf9300 DPL=0 DS   [-WA]
FS =0010 0000000000000000 ffffffff 00cf9300 DPL=0 DS   [-WA]
GS =0010 0000000000000000 ffffffff 00cf9300 DPL=0 DS   [-WA]
LDT=0000 0000000000000000 0000ffff 00008200 DPL=0 LDT
TR =0000 0000000000000000 0000ffff 00008b00 DPL=0 TSS64-busy
GDT=     00000000001918c0 00000017
IDT=     00000000001900a0 00000fff
CR0=80000011 CR2=0000000000000000 CR3=0000000000104000 CR4=00000020
DR0=0000000000000000 DR1=0000000000000000 DR2=0000000000000000 DR3=0000000000000000 
DR6=00000000ffff0ff0 DR7=0000000000000400
CCS=0000000000000091 CCD=fffffffffffffffe CCO=EFLAGS
EFER=0000000000000500
Servicing hardware INT=0x20
   206: v=20 e=0000 i=0 cpl=0 IP=0008:00000000001015d5 pc=00000000001015d5 SP=0010:0000000000107f58 env->regs[R_EAX]=0000000000000009
RAX=0000000000000009 RBX=0000000000000000 RCX=0000000000000068 RDX=0000000000000002
RSI=000000000000000a RDI=0000000000000064 RBP=0000000000107f70 RSP=0000000000107f58
R8 =0000000000000000 R9 =0000000000000000 R10=0000000000000000 R11=0000000000000000
R12=0000000000000000 R13=0000000000000000 R14=0000000000000000 R15=0000000000000000
RIP=00000000001015d5 RFL=00000297 [--S-APC] CPL=0 II=0 A20=1 SMM=0 HLT=0
ES =0010 0000000000000000 ffffffff 00cf9300 DPL=0 DS   [-WA]
CS =0008 0000000000000000 ffffffff 00af9a00 DPL=0 CS64 [-R-]
SS =0010 0000000000000000 ffffffff 00cf9300 DPL=0 DS   [-WA]
DS =0010 0000000000000000 ffffffff 00cf9300 DPL=0 DS   [-WA]
FS =0010 0000000000000000 ffffffff 00cf9300 DPL=0 DS   [-WA]
GS =0010 0000000000000000 ffffffff 00cf9300 DPL=0 DS   [-WA]
LDT=0000 0000000000000000 0000ffff 00008200 DPL=0 LDT
TR =0000 0000000000000000 0000ffff 00008b00 DPL=0 TSS64-busy
GDT=     00000000001918c0 00000017
IDT=     00000000001900a0 00000fff
CR0=80000011 CR2=0000000000000000 CR3=0000000000104000 CR4=00000020
DR0=0000000000000000 DR1=0000000000000000 DR2=0000000000000000 DR3=0000000000000000 
DR6=00000000ffff0ff0 DR7=0000000000000400
CCS=0000000000000095 CCD=ffffffffffffffff CCO=EFLAGS
EFER=0000000000000500
Servicing hardware INT=0x20
   207: v=20 e=0000 i=0 cpl=0 IP=0008:00000000001015d5 pc=00000000001015d5 SP=0010:0000000000107f58 env->regs[R_EAX]=0000000000000000
RAX=0000000000000000 RBX=0000000000000000 RCX=0000000000000061 RDX=0000000000000003
RSI=000000000000000a RDI=0000000000000064 RBP=0000000000107f70 RSP=0000000000107f58
R8 =0000000000000000 R9 =0000000000000000 R10=0000000000000000 R11=0000000000000000
R12=0000000000000000 R13=0000000000000000 R14=0000000000000000 R15=0000000000000000
RIP=00000000001015d5 RFL=00000297 [--S-APC] CPL=0 II=0 A20=1 SMM=0 HLT=0
ES =0010 0000000000000000 ffffffff 00cf9300 DPL=0 DS   [-WA]
CS =0008 0000000000000000 ffffffff 00af9a00 DPL=0 CS64 [-R-]
SS =0010 0000000000000000 ffffffff 00cf9300 DPL=0 DS   [-WA]
DS =0010 0000000000000000 ffffffff 00cf9300 DPL=0 DS   [-WA]
FS =0010 0000000000000000 ffffffff 00cf9300 DPL=0 DS   [-WA]
GS =0010 0000000000000000 ffffffff 00cf9300 DPL=0 DS   [-WA]
LDT=0000 0000000000000000 0000ffff 00008200 DPL=0 LDT
TR =0000 0000000000000000 0000ffff 00008b00 DPL=0 TSS64-busy
GDT=     00000000001918c0 00000017
IDT=     00000000001900a0 00000fff
CR0=80000011 CR2=0000000000000000 CR3=0000000000104000 CR4=00000020
DR0=0000000000000000 DR1=0000000000000000 DR2=0000000000000000 DR3=0000000000000000 
DR6=00000000ffff0ff0 DR7=0000000000000400
CCS=0000000000000095 CCD=fffffffffffffff6 CCO=EFLAGS
EFER=0000000000000500
Servicing hardware INT=0x20
   208: v=20 e=0000 i=0 cpl=0 IP=0008:00000000001015d5 pc=00000000001015d5 SP=0010:0000000000107f58 env->regs[R_EAX]=0000000000000001
RAX=0000000000000001 RBX=0000000000000000 RCX=0000000000000061 RDX=0000000000000003
RSI=000000000000000a RDI=0000000000000064 RBP=0000000000107f70 RSP=0000000000107f58
R8 =0000000000000000 R9 =0000000000000000 R10=0000000000000000 R11=0000000000000000
R12=0000000000000000 R13=0000000000000000 R14=0000000000000000 R15=0000000000000000
RIP=00000000001015d5 RFL=00000293 [--S-A-C] CPL=0 II=0 A20=1 SMM=0 HLT=0
ES =0010 0000000000000000 ffffffff 00cf9300 DPL=0 DS   [-WA]
CS =0008 0000000000000000 ffffffff 00af9a00 DPL=0 CS64 [-R-]
SS =0010 0000000000000000 ffffffff 00cf9300 DPL=0 DS   [-WA]
DS =0010 0000000000000000 ffffffff 00cf9300 DPL=0 DS   [-WA]
FS =0010 0000000000000000 ffffffff 00cf9300 DPL=0 DS   [-WA]
GS =0010 0000000000000000 ffffffff 00cf9300 DPL=0 DS   [-WA]
LDT=0000 0000000000000000 0000ffff 00008200 DPL=0 LDT
TR =0000 0000000000000000 0000ffff 00008b00 DPL=0 TSS64-busy
GDT=     00000000001918c0 00000017
IDT=     00000000001900a0 00000fff
CR0=80000011 CR2=0000000000000000 CR3=0000000000104000 CR4=00000020
DR0=0000000000000000 DR1=0000000000000000 DR2=0000000000000000 DR3=0000000000000000 
DR6=00000000ffff0ff0 DR7=0000000000000400
CCS=0000000000000091 CCD=fffffffffffffff7 CCO=EFLAGS
EFER=0000000000000500
Servicing hardware INT=0x20
   209: v=20 e=0000 i=0 cpl=0 IP=0008:00000000001015d5 pc=00000000001015d5 SP=0010:0000000000107f58 env->regs[R_EAX]=0000000000000002
RAX=0000000000000002 RBX=0000000000000000 RCX=0000000000000061 RDX=0000000000000003
RSI=000000000000000a RDI=0000000000000064 RBP=0000000000107f70 RSP=0000000000107f58
R8 =0000000000000000 R9 =0000000000000000 R10=0000000000000000 R11=0000000000000000
R12=0000000000000000 R13=0000000000000000 R14=0000000000000000 R15=0000000000000000
RIP=00000000001015d5 RFL=00000293 [--S-A-C] CPL=0 II=0 A20=1 SMM=0 HLT=0
ES =0010 0000000000000000 ffffffff 00cf9300 DPL=0 DS   [-WA]
CS =0008 0000000000000000 ffffffff 00af9a00 DPL=0 CS64 [-R-]
SS =0010 0000000000000000 ffffffff 00cf9300 DPL=0 DS   [-WA]
DS =0010 0000000000000000 ffffffff 00cf9300 DPL=0 DS   [-WA]
FS =0010 0000000000000000 ffffffff 00cf9300 DPL=0 DS   [-WA]
GS =0010 0000000000000000 ffffffff 00cf9300 DPL=0 DS   [-WA]
LDT=0000 0000000000000000 0000ffff 00008200 DPL=0 LDT
TR =0000 0000000000000000 0000ffff 00008b00 DPL=0 TSS64-busy
GDT=     00000000001918c0 00000017
IDT=     00000000001900a0 00000fff
CR0=80000011 CR2=0000000000000000 CR3=0000000000104000 CR4=00000020
DR0=0000000000000000 DR1=0000000000000000 DR2=0000000000000000 DR3=0000000000000000 
DR6=00000000ffff0ff0 DR7=0000000000000400
CCS=0000000000000091 CCD=fffffffffffffff8 CCO=EFLAGS
EFER=0000000000000500
Servicing hardware INT=0x20
   210: v=20 e=0000 i=0 cpl=0 IP=0008:00000000001015d5 pc=00000000001015d5 SP=0010:0000000000107f58 env->regs[R_EAX]=0000000000000003
RAX=0000000000000003 RBX=0000000000000000 RCX=0000000000000061 RDX=0000000000000003
RSI=000000000000000a RDI=0000000000000064 RBP=0000000000107f70 RSP=0000000000107f58
R8 =0000000000000000 R9 =0000000000000000 R10=0000000000000000 R11=0000000000000000
R12=0000000000000000 R13=0000000000000000 R14=0000000000000000 R15=0000000000000000
RIP=00000000001015d5 RFL=00000297 [--S-APC] CPL=0 II=0 A20=1 SMM=0 HLT=0
ES =0010 0000000000000000 ffffffff 00cf9300 DPL=0 DS   [-WA]
CS =0008 0000000000000000 ffffffff 00af9a00 DPL=0 CS64 [-R-]
SS =0010 0000000000000000 ffffffff 00cf9300 DPL=0 DS   [-WA]
DS =0010 0000000000000000 ffffffff 00cf9300 DPL=0 DS   [-WA]
FS =0010 0000000000000000 ffffffff 00cf9300 DPL=0 DS   [-WA]
GS =0010 0000000000000000 ffffffff 00cf9300 DPL=0 DS   [-WA]
LDT=0000 0000000000000000 0000ffff 00008200 DPL=0 LDT
TR =0000 0000000000000000 0000ffff 00008b00 DPL=0 TSS64-busy
GDT=     00000000001918c0 00000017
IDT=     00000000001900a0 00000fff
CR0=80000011 CR2=0000000000000000 CR3=0000000000104000 CR4=00000020
DR0=0000000000000000 DR1=0000000000000000 DR2=0000000000000000 DR3=0000000000000000 
DR6=00000000ffff0ff0 DR7=0000000000000400
CCS=0000000000000095 CCD=fffffffffffffff9 CCO=EFLAGS
EFER=0000000000000500
Servicing hardware INT=0x20
   211: v=20 e=0000 i=0 cpl=0 IP=0008:00000000001015d5 pc=00000000001015d5 SP=0010:0000000000107f58 env->regs[R_EAX]=0000000000000004
RAX=0000000000000004 RBX=0000000000000000 RCX=0000000000000061 RDX=0000000000000003
RSI=000000000000000a RDI=0000000000000064 RBP=0000000000107f70 RSP=0000000000107f58
R8 =0000000000000000 R9 =0000000000000000 R10=0000000000000000 R11=0000000000000000
R12=0000000000000000 R13=0000000000000000 R14=0000000000000000 R15=0000000000000000
RIP=00000000001015d5 RFL=00000297 [--S-APC] CPL=0 II=0 A20=1 SMM=0 HLT=0
ES =0010 0000000000000000 ffffffff 00cf9300 DPL=0 DS   [-WA]
CS =0008 0000000000000000 ffffffff 00af9a00 DPL=0 CS64 [-R-]
SS =0010 0000000000000000 ffffffff 00cf9300 DPL=0 DS   [-WA]
DS =0010 0000000000000000 ffffffff 00cf9300 DPL=0 DS   [-WA]
FS =0010 0000000000000000 ffffffff 00cf9300 DPL=0 DS   [-WA]
GS =0010 0000000000000000 ffffffff 00cf9300 DPL=0 DS   [-WA]
LDT=0000 0000000000000000 0000ffff 00008200 DPL=0 LDT
TR =0000 0000000000000000 0000ffff 00008b00 DPL=0 TSS64-busy
GDT=     00000000001918c0 00000017
IDT=     00000000001900a0 00000fff
CR0=80000011 CR2=0000000000000000 CR3=0000000000104000 CR4=00000020
DR0=0000000000000000 DR1=0000000000000000 DR2=0000000000000000 DR3=0000000000000000 
DR6=00000000ffff0ff0 DR7=0000000000000400
CCS=0000000000000095 CCD=fffffffffffffffa CCO=EFLAGS
EFER=0000000000000500
Servicing hardware INT=0x20
   212: v=20 e=0000 i=0 cpl=0 IP=0008:00000000001015d5 pc=00000000001015d5 SP=0010:0000000000107f58 env->regs[R_EAX]=0000000000000005
RAX=0000000000000005 RBX=0000000000000000 RCX=0000000000000061 RDX=0000000000000003
RSI=000000000000000a RDI=0000000000000064 RBP=0000000000107f70 RSP=0000000000107f58
R8 =0000000000000000 R9 =0000000000000000 R10=0000000000000000 R11=0000000000000000
R12=0000000000000000 R13=0000000000000000 R14=0000000000000000 R15=0000000000000000
RIP=00000000001015d5 RFL=00000293 [--S-A-C] CPL=0 II=0 A20=1 SMM=0 HLT=0
ES =0010 0000000000000000 ffffffff 00cf9300 DPL=0 DS   [-WA]
CS =0008 0000000000000000 ffffffff 00af9a00 DPL=0 CS64 [-R-]
SS =0010 0000000000000000 ffffffff 00cf9300 DPL=0 DS   [-WA]
DS =0010 0000000000000000 ffffffff 00cf9300 DPL=0 DS   [-WA]
FS =0010 0000000000000000 ffffffff 00cf9300 DPL=0 DS   [-WA]
GS =0010 0000000000000000 ffffffff 00cf9300 DPL=0 DS   [-WA]
LDT=0000 0000000000000000 0000ffff 00008200 DPL=0 LDT
TR =0000 0000000000000000 0000ffff 00008b00 DPL=0 TSS64-busy
GDT=     00000000001918c0 00000017
IDT=     00000000001900a0 00000fff
CR0=80000011 CR2=0000000000000000 CR3=0000000000104000 CR4=00000020
DR0=0000000000000000 DR1=0000000000000000 DR2=0000000000000000 DR3=0000000000000000 
DR6=00000000ffff0ff0 DR7=0000000000000400
CCS=0000000000000091 CCD=fffffffffffffffb CCO=EFLAGS
EFER=0000000000000500
Servicing hardware INT=0x20
   213: v=20 e=0000 i=0 cpl=0 IP=0008:00000000001015d5 pc=00000000001015d5 SP=0010:0000000000107f58 env->regs[R_EAX]=0000000000000006
RAX=0000000000000006 RBX=0000000000000000 RCX=0000000000000061 RDX=0000000000000003
RSI=000000000000000a RDI=0000000000000064 RBP=0000000000107f70 RSP=0000000000107f58
R8 =0000000000000000 R9 =0000000000000000 R10=0000000000000000 R11=0000000000000000
R12=0000000000000000 R13=0000000000000000 R14=0000000000000000 R15=0000000000000000
RIP=00000000001015d5 RFL=00000297 [--S-APC] CPL=0 II=0 A20=1 SMM=0 HLT=0
ES =0010 0000000000000000 ffffffff 00cf9300 DPL=0 DS   [-WA]
CS =0008 0000000000000000 ffffffff 00af9a00 DPL=0 CS64 [-R-]
SS =0010 0000000000000000 ffffffff 00cf9300 DPL=0 DS   [-WA]
DS =0010 0000000000000000 ffffffff 00cf9300 DPL=0 DS   [-WA]
FS =0010 0000000000000000 ffffffff 00cf9300 DPL=0 DS   [-WA]
GS =0010 0000000000000000 ffffffff 00cf9300 DPL=0 DS   [-WA]
LDT=0000 0000000000000000 0000ffff 00008200 DPL=0 LDT
TR =0000 0000000000000000 0000ffff 00008b00 DPL=0 TSS64-busy
GDT=     00000000001918c0 00000017
IDT=     00000000001900a0 00000fff
CR0=80000011 CR2=0000000000000000 CR3=0000000000104000 CR4=00000020
DR0=0000000000000000 DR1=0000000000000000 DR2=0000000000000000 DR3=0000000000000000 
DR6=00000000ffff0ff0 DR7=0000000000000400
CCS=0000000000000095 CCD=fffffffffffffffc CCO=EFLAGS
EFER=0000000000000500
Servicing hardware INT=0x20
   214: v=20 e=0000 i=0 cpl=0 IP=0008:00000000001015d5 pc=00000000001015d5 SP=0010:0000000000107f58 env->regs[R_EAX]=0000000000000007
RAX=0000000000000007 RBX=0000000000000000 RCX=0000000000000061 RDX=0000000000000003
RSI=000000000000000a RDI=0000000000000064 RBP=0000000000107f70 RSP=0000000000107f58
R8 =0000000000000000 R9 =0000000000000000 R10=0000000000000000 R11=0000000000000000
R12=0000000000000000 R13=0000000000000000 R14=0000000000000000 R15=0000000000000000
RIP=00000000001015d5 RFL=00000293 [--S-A-C] CPL=0 II=0 A20=1 SMM=0 HLT=0
ES =0010 0000000000000000 ffffffff 00cf9300 DPL=0 DS   [-WA]
CS =0008 0000000000000000 ffffffff 00af9a00 DPL=0 CS64 [-R-]
SS =0010 0000000000000000 ffffffff 00cf9300 DPL=0 DS   [-WA]
DS =0010 0000000000000000 ffffffff 00cf9300 DPL=0 DS   [-WA]
FS =0010 0000000000000000 ffffffff 00cf9300 DPL=0 DS   [-WA]
GS =0010 0000000000000000 ffffffff 00cf9300 DPL=0 DS   [-WA]
LDT=0000 0000000000000000 0000ffff 00008200 DPL=0 LDT
TR =0000 0000000000000000 0000ffff 00008b00 DPL=0 TSS64-busy
GDT=     00000000001918c0 00000017
IDT=     00000000001900a0 00000fff
CR0=80000011 CR2=0000000000000000 CR3=0000000000104000 CR4=00000020
DR0=0000000000000000 DR1=0000000000000000 DR2=0000000000000000 DR3=0000000000000000 
DR6=00000000ffff0ff0 DR7=0000000000000400
CCS=0000000000000091 CCD=fffffffffffffffd CCO=EFLAGS
EFER=0000000000000500
Servicing hardware INT=0x20
   215: v=20 e=0000 i=0 cpl=0 IP=0008:00000000001015d5 pc=00000000001015d5 SP=0010:0000000000107f58 env->regs[R_EAX]=0000000000000008
RAX=0000000000000008 RBX=0000000000000000 RCX=0000000000000061 RDX=0000000000000003
RSI=000000000000000a RDI=0000000000000064 RBP=0000000000107f70 RSP=0000000000107f58
R8 =0000000000000000 R9 =0000000000000000 R10=0000000000000000 R11=0000000000000000
R12=0000000000000000 R13=0000000000000000 R14=0000000000000000 R15=0000000000000000
RIP=00000000001015d5 RFL=00000293 [--S-A-C] CPL=0 II=0 A20=1 SMM=0 HLT=0
ES =0010 0000000000000000 ffffffff 00cf9300 DPL=0 DS   [-WA]
CS =0008 0000000000000000 ffffffff 00af9a00 DPL=0 CS64 [-R-]
SS =0010 0000000000000000 ffffffff 00cf9300 DPL=0 DS   [-WA]
DS =0010 0000000000000000 ffffffff 00cf9300 DPL=0 DS   [-WA]
FS =0010 0000000000000000 ffffffff 00cf9300 DPL=0 DS   [-WA]
GS =0010 0000000000000000 ffffffff 00cf9300 DPL=0 DS   [-WA]
LDT=0000 0000000000000000 0000ffff 00008200 DPL=0 LDT
TR =0000 0000000000000000 0000ffff 00008b00 DPL=0 TSS64-busy
GDT=     00000000001918c0 00000017
IDT=     00000000001900a0 00000fff
CR0=80000011 CR2=0000000000000000 CR3=0000000000104000 CR4=00000020
DR0=0000000000000000 DR1=0000000000000000 DR2=0000000000000000 DR3=0000000000000000 
DR6=00000000ffff0ff0 DR7=0000000000000400
CCS=0000000000000091 CCD=fffffffffffffffe CCO=EFLAGS
EFER=0000000000000500
Servicing hardware INT=0x20
   216: v=20 e=0000 i=0 cpl=0 IP=0008:00000000001015d5 pc=00000000001015d5 SP=0010:0000000000107f58 env->regs[R_EAX]=0000000000000009
RAX=0000000000000009 RBX=0000000000000000 RCX=0000000000000061 RDX=0000000000000003
RSI=000000000000000a RDI=0000000000000064 RBP=0000000000107f70 RSP=0000000000107f58
R8 =0000000000000000 R9 =0000000000000000 R10=0000000000000000 R11=0000000000000000
R12=0000000000000000 R13=0000000000000000 R14=0000000000000000 R15=0000000000000000
RIP=00000000001015d5 RFL=00000297 [--S-APC] CPL=0 II=0 A20=1 SMM=0 HLT=0
ES =0010 0000000000000000 ffffffff 00cf9300 DPL=0 DS   [-WA]
CS =0008 0000000000000000 ffffffff 00af9a00 DPL=0 CS64 [-R-]
SS =0010 0000000000000000 ffffffff 00cf9300 DPL=0 DS   [-WA]
DS =0010 0000000000000000 ffffffff 00cf9300 DPL=0 DS   [-WA]
FS =0010 0000000000000000 ffffffff 00cf9300 DPL=0 DS   [-WA]
GS =0010 0000000000000000 ffffffff 00cf9300 DPL=0 DS   [-WA]
LDT=0000 0000000000000000 0000ffff 00008200 DPL=0 LDT
TR =0000 0000000000000000 0000ffff 00008b00 DPL=0 TSS64-busy
GDT=     00000000001918c0 00000017
IDT=     00000000001900a0 00000fff
CR0=80000011 CR2=0000000000000000 CR3=0000000000104000 CR4=00000020
DR0=0000000000000000 DR1=0000000000000000 DR2=0000000000000000 DR3=0000000000000000 
DR6=00000000ffff0ff0 DR7=0000000000000400
CCS=0000000000000095 CCD=ffffffffffffffff CCO=EFLAGS
EFER=0000000000000500
Servicing hardware INT=0x20
   217: v=20 e=0000 i=0 cpl=0 IP=0008:00000000001015d5 pc=00000000001015d5 SP=0010:0000000000107f58 env->regs[R_EAX]=0000000000000000
RAX=0000000000000000 RBX=0000000000000000 RCX=000000000000007a RDX=0000000000000004
RSI=000000000000000a RDI=0000000000000064 RBP=0000000000107f70 RSP=0000000000107f58
R8 =0000000000000000 R9 =0000000000000000 R10=0000000000000000 R11=0000000000000000
R12=0000000000000000 R13=0000000000000000 R14=0000000000000000 R15=0000000000000000
RIP=00000000001015d5 RFL=00000297 [--S-APC] CPL=0 II=0 A20=1 SMM=0 HLT=0
ES =0010 0000000000000000 ffffffff 00cf9300 DPL=0 DS   [-WA]
CS =0008 0000000000000000 ffffffff 00af9a00 DPL=0 CS64 [-R-]
SS =0010 0000000000000000 ffffffff 00cf9300 DPL=0 DS   [-WA]
DS =0010 0000000000000000 ffffffff 00cf9300 DPL=0 DS   [-WA]
FS =0010 0000000000000000 ffffffff 00cf9300 DPL=0 DS   [-WA]
GS =0010 0000000000000000 ffffffff 00cf9300 DPL=0 DS   [-WA]
LDT=0000 0000000000000000 0000ffff 00008200 DPL=0 LDT
TR =0000 0000000000000000 0000ffff 00008b00 DPL=0 TSS64-busy
GDT=     00000000001918c0 00000017
IDT=     00000000001900a0 00000fff
CR0=80000011 CR2=0000000000000000 CR3=0000000000104000 CR4=00000020
DR0=0000000000000000 DR1=0000000000000000 DR2=0000000000000000 DR3=0000000000000000 
DR6=00000000ffff0ff0 DR7=0000000000000400
CCS=0000000000000095 CCD=fffffffffffffff6 CCO=EFLAGS
EFER=0000000000000500
Servicing hardware INT=0x20
   218: v=20 e=0000 i=0 cpl=0 IP=0008:00000000001015d5 pc=00000000001015d5 SP=0010:0000000000107f58 env->regs[R_EAX]=0000000000000001
RAX=0000000000000001 RBX=0000000000000000 RCX=000000000000007a RDX=0000000000000004
RSI=000000000000000a RDI=0000000000000064 RBP=0000000000107f70 RSP=0000000000107f58
R8 =0000000000000000 R9 =0000000000000000 R10=0000000000000000 R11=0000000000000000
R12=0000000000000000 R13=0000000000000000 R14=0000000000000000 R15=0000000000000000
RIP=00000000001015d5 RFL=00000293 [--S-A-C] CPL=0 II=0 A20=1 SMM=0 HLT=0
ES =0010 0000000000000000 ffffffff 00cf9300 DPL=0 DS   [-WA]
CS =0008 0000000000000000 ffffffff 00af9a00 DPL=0 CS64 [-R-]
SS =0010 0000000000000000 ffffffff 00cf9300 DPL=0 DS   [-WA]
DS =0010 0000000000000000 ffffffff 00cf9300 DPL=0 DS   [-WA]
FS =0010 0000000000000000 ffffffff 00cf9300 DPL=0 DS   [-WA]
GS =0010 0000000000000000 ffffffff 00cf9300 DPL=0 DS   [-WA]
LDT=0000 0000000000000000 0000ffff 00008200 DPL=0 LDT
TR =0000 0000000000000000 0000ffff 00008b00 DPL=0 TSS64-busy
GDT=     00000000001918c0 00000017
IDT=     00000000001900a0 00000fff
CR0=80000011 CR2=0000000000000000 CR3=0000000000104000 CR4=00000020
DR0=0000000000000000 DR1=0000000000000000 DR2=0000000000000000 DR3=0000000000000000 
DR6=00000000ffff0ff0 DR7=0000000000000400
CCS=0000000000000091 CCD=fffffffffffffff7 CCO=EFLAGS
EFER=0000000000000500
Servicing hardware INT=0x20
   219: v=20 e=0000 i=0 cpl=0 IP=0008:00000000001015d5 pc=00000000001015d5 SP=0010:0000000000107f58 env->regs[R_EAX]=0000000000000002
RAX=0000000000000002 RBX=0000000000000000 RCX=000000000000007a RDX=0000000000000004
RSI=000000000000000a RDI=0000000000000064 RBP=0000000000107f70 RSP=0000000000107f58
R8 =0000000000000000 R9 =0000000000000000 R10=0000000000000000 R11=0000000000000000
R12=0000000000000000 R13=0000000000000000 R14=0000000000000000 R15=0000000000000000
RIP=00000000001015d5 RFL=00000293 [--S-A-C] CPL=0 II=0 A20=1 SMM=0 HLT=0
ES =0010 0000000000000000 ffffffff 00cf9300 DPL=0 DS   [-WA]
CS =0008 0000000000000000 ffffffff 00af9a00 DPL=0 CS64 [-R-]
SS =0010 0000000000000000 ffffffff 00cf9300 DPL=0 DS   [-WA]
DS =0010 0000000000000000 ffffffff 00cf9300 DPL=0 DS   [-WA]
FS =0010 0000000000000000 ffffffff 00cf9300 DPL=0 DS   [-WA]
GS =0010 0000000000000000 ffffffff 00cf9300 DPL=0 DS   [-WA]
LDT=0000 0000000000000000 0000ffff 00008200 DPL=0 LDT
TR =0000 0000000000000000 0000ffff 00008b00 DPL=0 TSS64-busy
GDT=     00000000001918c0 00000017
IDT=     00000000001900a0 00000fff
CR0=80000011 CR2=0000000000000000 CR3=0000000000104000 CR4=00000020
DR0=0000000000000000 DR1=0000000000000000 DR2=0000000000000000 DR3=0000000000000000 
DR6=00000000ffff0ff0 DR7=0000000000000400
CCS=0000000000000091 CCD=fffffffffffffff8 CCO=EFLAGS
EFER=0000000000000500
Servicing hardware INT=0x20
   220: v=20 e=0000 i=0 cpl=0 IP=0008:00000000001015d5 pc=00000000001015d5 SP=0010:0000000000107f58 env->regs[R_EAX]=0000000000000003
RAX=0000000000000003 RBX=0000000000000000 RCX=000000000000007a RDX=0000000000000004
RSI=000000000000000a RDI=0000000000000064 RBP=0000000000107f70 RSP=0000000000107f58
R8 =0000000000000000 R9 =0000000000000000 R10=0000000000000000 R11=0000000000000000
R12=0000000000000000 R13=0000000000000000 R14=0000000000000000 R15=0000000000000000
RIP=00000000001015d5 RFL=00000297 [--S-APC] CPL=0 II=0 A20=1 SMM=0 HLT=0
ES =0010 0000000000000000 ffffffff 00cf9300 DPL=0 DS   [-WA]
CS =0008 0000000000000000 ffffffff 00af9a00 DPL=0 CS64 [-R-]
SS =0010 0000000000000000 ffffffff 00cf9300 DPL=0 DS   [-WA]
DS =0010 0000000000000000 ffffffff 00cf9300 DPL=0 DS   [-WA]
FS =0010 0000000000000000 ffffffff 00cf9300 DPL=0 DS   [-WA]
GS =0010 0000000000000000 ffffffff 00cf9300 DPL=0 DS   [-WA]
LDT=0000 0000000000000000 0000ffff 00008200 DPL=0 LDT
TR =0000 0000000000000000 0000ffff 00008b00 DPL=0 TSS64-busy
GDT=     00000000001918c0 00000017
IDT=     00000000001900a0 00000fff
CR0=80000011 CR2=0000000000000000 CR3=0000000000104000 CR4=00000020
DR0=0000000000000000 DR1=0000000000000000 DR2=0000000000000000 DR3=0000000000000000 
DR6=00000000ffff0ff0 DR7=0000000000000400
CCS=0000000000000095 CCD=fffffffffffffff9 CCO=EFLAGS
EFER=0000000000000500
Servicing hardware INT=0x20
   221: v=20 e=0000 i=0 cpl=0 IP=0008:00000000001015d5 pc=00000000001015d5 SP=0010:0000000000107f58 env->regs[R_EAX]=0000000000000004
RAX=0000000000000004 RBX=0000000000000000 RCX=000000000000007a RDX=0000000000000004
RSI=000000000000000a RDI=0000000000000064 RBP=0000000000107f70 RSP=0000000000107f58
R8 =0000000000000000 R9 =0000000000000000 R10=0000000000000000 R11=0000000000000000
R12=0000000000000000 R13=0000000000000000 R14=0000000000000000 R15=0000000000000000
RIP=00000000001015d5 RFL=00000297 [--S-APC] CPL=0 II=0 A20=1 SMM=0 HLT=0
ES =0010 0000000000000000 ffffffff 00cf9300 DPL=0 DS   [-WA]
CS =0008 0000000000000000 ffffffff 00af9a00 DPL=0 CS64 [-R-]
SS =0010 0000000000000000 ffffffff 00cf9300 DPL=0 DS   [-WA]
DS =0010 0000000000000000 ffffffff 00cf9300 DPL=0 DS   [-WA]
FS =0010 0000000000000000 ffffffff 00cf9300 DPL=0 DS   [-WA]
GS =0010 0000000000000000 ffffffff 00cf9300 DPL=0 DS   [-WA]
LDT=0000 0000000000000000 0000ffff 00008200 DPL=0 LDT
TR =0000 0000000000000000 0000ffff 00008b00 DPL=0 TSS64-busy
GDT=     00000000001918c0 00000017
IDT=     00000000001900a0 00000fff
CR0=80000011 CR2=0000000000000000 CR3=0000000000104000 CR4=00000020
DR0=0000000000000000 DR1=0000000000000000 DR2=0000000000000000 DR3=0000000000000000 
DR6=00000000ffff0ff0 DR7=0000000000000400
CCS=0000000000000095 CCD=fffffffffffffffa CCO=EFLAGS
EFER=0000000000000500
Servicing hardware INT=0x20
   222: v=20 e=0000 i=0 cpl=0 IP=0008:00000000001015d5 pc=00000000001015d5 SP=0010:0000000000107f58 env->regs[R_EAX]=0000000000000005
RAX=0000000000000005 RBX=0000000000000000 RCX=000000000000007a RDX=0000000000000004
RSI=000000000000000a RDI=0000000000000064 RBP=0000000000107f70 RSP=0000000000107f58
R8 =0000000000000000 R9 =0000000000000000 R10=0000000000000000 R11=0000000000000000
R12=0000000000000000 R13=0000000000000000 R14=0000000000000000 R15=0000000000000000
RIP=00000000001015d5 RFL=00000293 [--S-A-C] CPL=0 II=0 A20=1 SMM=0 HLT=0
ES =0010 0000000000000000 ffffffff 00cf9300 DPL=0 DS   [-WA]
CS =0008 0000000000000000 ffffffff 00af9a00 DPL=0 CS64 [-R-]
SS =0010 0000000000000000 ffffffff 00cf9300 DPL=0 DS   [-WA]
DS =0010 0000000000000000 ffffffff 00cf9300 DPL=0 DS   [-WA]
FS =0010 0000000000000000 ffffffff 00cf9300 DPL=0 DS   [-WA]
GS =0010 0000000000000000 ffffffff 00cf9300 DPL=0 DS   [-WA]
LDT=0000 0000000000000000 0000ffff 00008200 DPL=0 LDT
TR =0000 0000000000000000 0000ffff 00008b00 DPL=0 TSS64-busy
GDT=     00000000001918c0 00000017
IDT=     00000000001900a0 00000fff
CR0=80000011 CR2=0000000000000000 CR3=0000000000104000 CR4=00000020
DR0=0000000000000000 DR1=0000000000000000 DR2=0000000000000000 DR3=0000000000000000 
DR6=00000000ffff0ff0 DR7=0000000000000400
CCS=0000000000000091 CCD=fffffffffffffffb CCO=EFLAGS
EFER=0000000000000500
Servicing hardware INT=0x20
   223: v=20 e=0000 i=0 cpl=0 IP=0008:00000000001015d5 pc=00000000001015d5 SP=0010:0000000000107f58 env->regs[R_EAX]=0000000000000006
RAX=0000000000000006 RBX=0000000000000000 RCX=000000000000007a RDX=0000000000000004
RSI=000000000000000a RDI=0000000000000064 RBP=0000000000107f70 RSP=0000000000107f58
R8 =0000000000000000 R9 =0000000000000000 R10=0000000000000000 R11=0000000000000000
R12=0000000000000000 R13=0000000000000000 R14=0000000000000000 R15=0000000000000000
RIP=00000000001015d5 RFL=00000297 [--S-APC] CPL=0 II=0 A20=1 SMM=0 HLT=0
ES =0010 0000000000000000 ffffffff 00cf9300 DPL=0 DS   [-WA]
CS =0008 0000000000000000 ffffffff 00af9a00 DPL=0 CS64 [-R-]
SS =0010 0000000000000000 ffffffff 00cf9300 DPL=0 DS   [-WA]
DS =0010 0000000000000000 ffffffff 00cf9300 DPL=0 DS   [-WA]
FS =0010 0000000000000000 ffffffff 00cf9300 DPL=0 DS   [-WA]
GS =0010 0000000000000000 ffffffff 00cf9300 DPL=0 DS   [-WA]
LDT=0000 0000000000000000 0000ffff 00008200 DPL=0 LDT
TR =0000 0000000000000000 0000ffff 00008b00 DPL=0 TSS64-busy
GDT=     00000000001918c0 00000017
IDT=     00000000001900a0 00000fff
CR0=80000011 CR2=0000000000000000 CR3=0000000000104000 CR4=00000020
DR0=0000000000000000 DR1=0000000000000000 DR2=0000000000000000 DR3=0000000000000000 
DR6=00000000ffff0ff0 DR7=0000000000000400
CCS=0000000000000095 CCD=fffffffffffffffc CCO=EFLAGS
EFER=0000000000000500
Servicing hardware INT=0x20
   224: v=20 e=0000 i=0 cpl=0 IP=0008:00000000001015d5 pc=00000000001015d5 SP=0010:0000000000107f58 env->regs[R_EAX]=0000000000000007
RAX=0000000000000007 RBX=0000000000000000 RCX=000000000000007a RDX=0000000000000004
RSI=000000000000000a RDI=0000000000000064 RBP=0000000000107f70 RSP=0000000000107f58
R8 =0000000000000000 R9 =0000000000000000 R10=0000000000000000 R11=0000000000000000
R12=0000000000000000 R13=0000000000000000 R14=0000000000000000 R15=0000000000000000
RIP=00000000001015d5 RFL=00000293 [--S-A-C] CPL=0 II=0 A20=1 SMM=0 HLT=0
ES =0010 0000000000000000 ffffffff 00cf9300 DPL=0 DS   [-WA]
CS =0008 0000000000000000 ffffffff 00af9a00 DPL=0 CS64 [-R-]
SS =0010 0000000000000000 ffffffff 00cf9300 DPL=0 DS   [-WA]
DS =0010 0000000000000000 ffffffff 00cf9300 DPL=0 DS   [-WA]
FS =0010 0000000000000000 ffffffff 00cf9300 DPL=0 DS   [-WA]
GS =0010 0000000000000000 ffffffff 00cf9300 DPL=0 DS   [-WA]
LDT=0000 0000000000000000 0000ffff 00008200 DPL=0 LDT
TR =0000 0000000000000000 0000ffff 00008b00 DPL=0 TSS64-busy
GDT=     00000000001918c0 00000017
IDT=     00000000001900a0 00000fff
CR0=80000011 CR2=0000000000000000 CR3=0000000000104000 CR4=00000020
DR0=0000000000000000 DR1=0000000000000000 DR2=0000000000000000 DR3=0000000000000000 
DR6=00000000ffff0ff0 DR7=0000000000000400
CCS=0000000000000091 CCD=fffffffffffffffd CCO=EFLAGS
EFER=0000000000000500
Servicing hardware INT=0x20
   225: v=20 e=0000 i=0 cpl=0 IP=0008:00000000001015d5 pc=00000000001015d5 SP=0010:0000000000107f58 env->regs[R_EAX]=0000000000000008
RAX=0000000000000008 RBX=0000000000000000 RCX=000000000000007a RDX=0000000000000004
RSI=000000000000000a RDI=0000000000000064 RBP=0000000000107f70 RSP=0000000000107f58
R8 =0000000000000000 R9 =0000000000000000 R10=0000000000000000 R11=0000000000000000
R12=0000000000000000 R13=0000000000000000 R14=0000000000000000 R15=0000000000000000
RIP=00000000001015d5 RFL=00000293 [--S-A-C] CPL=0 II=0 A20=1 SMM=0 HLT=0
ES =0010 0000000000000000 ffffffff 00cf9300 DPL=0 DS   [-WA]
CS =0008 0000000000000000 ffffffff 00af9a00 DPL=0 CS64 [-R-]
SS =0010 0000000000000000 ffffffff 00cf9300 DPL=0 DS   [-WA]
DS =0010 0000000000000000 ffffffff 00cf9300 DPL=0 DS   [-WA]
FS =0010 0000000000000000 ffffffff 00cf9300 DPL=0 DS   [-WA]
GS =0010 0000000000000000 ffffffff 00cf9300 DPL=0 DS   [-WA]
LDT=0000 0000000000000000 0000ffff 00008200 DPL=0 LDT
TR =0000 0000000000000000 0000ffff 00008b00 DPL=0 TSS64-busy
GDT=     00000000001918c0 00000017
IDT=     00000000001900a0 00000fff
CR0=80000011 CR2=0000000000000000 CR3=0000000000104000 CR4=00000020
DR0=0000000000000000 DR1=0000000000000000 DR2=0000000000000000 DR3=0000000000000000 
DR6=00000000ffff0ff0 DR7=0000000000000400
CCS=0000000000000091 CCD=fffffffffffffffe CCO=EFLAGS
EFER=0000000000000500
Servicing hardware INT=0x20
   226: v=20 e=0000 i=0 cpl=0 IP=0008:00000000001015d5 pc=00000000001015d5 SP=0010:0000000000107f58 env->regs[R_EAX]=0000000000000009
RAX=0000000000000009 RBX=0000000000000000 RCX=000000000000007a RDX=0000000000000004
RSI=000000000000000a RDI=0000000000000064 RBP=0000000000107f70 RSP=0000000000107f58
R8 =0000000000000000 R9 =0000000000000000 R10=0000000000000000 R11=0000000000000000
R12=0000000000000000 R13=0000000000000000 R14=0000000000000000 R15=0000000000000000
RIP=00000000001015d5 RFL=00000297 [--S-APC] CPL=0 II=0 A20=1 SMM=0 HLT=0
ES =0010 0000000000000000 ffffffff 00cf9300 DPL=0 DS   [-WA]
CS =0008 0000000000000000 ffffffff 00af9a00 DPL=0 CS64 [-R-]
SS =0010 0000000000000000 ffffffff 00cf9300 DPL=0 DS   [-WA]
DS =0010 0000000000000000 ffffffff 00cf9300 DPL=0 DS   [-WA]
FS =0010 0000000000000000 ffffffff 00cf9300 DPL=0 DS   [-WA]
GS =0010 0000000000000000 ffffffff 00cf9300 DPL=0 DS   [-WA]
LDT=0000 0000000000000000 0000ffff 00008200 DPL=0 LDT
TR =0000 0000000000000000 0000ffff 00008b00 DPL=0 TSS64-busy
GDT=     00000000001918c0 00000017
IDT=     00000000001900a0 00000fff
CR0=80000011 CR2=0000000000000000 CR3=0000000000104000 CR4=00000020
DR0=0000000000000000 DR1=0000000000000000 DR2=0000000000000000 DR3=0000000000000000 
DR6=00000000ffff0ff0 DR7=0000000000000400
CCS=0000000000000095 CCD=ffffffffffffffff CCO=EFLAGS
EFER=0000000000000500
Servicing hardware INT=0x20
   227: v=20 e=0000 i=0 cpl=0 IP=0008:00000000001015d5 pc=00000000001015d5 SP=0010:0000000000107f58 env->regs[R_EAX]=0000000000000000
RAX=0000000000000000 RBX=0000000000000000 RCX=0000000000000061 RDX=0000000000000005
RSI=000000000000000a RDI=0000000000000064 RBP=0000000000107f70 RSP=0000000000107f58
R8 =0000000000000000 R9 =0000000000000000 R10=0000000000000000 R11=0000000000000000
R12=0000000000000000 R13=0000000000000000 R14=0000000000000000 R15=0000000000000000
RIP=00000000001015d5 RFL=00000297 [--S-APC] CPL=0 II=0 A20=1 SMM=0 HLT=0
ES =0010 0000000000000000 ffffffff 00cf9300 DPL=0 DS   [-WA]
CS =0008 0000000000000000 ffffffff 00af9a00 DPL=0 CS64 [-R-]
SS =0010 0000000000000000 ffffffff 00cf9300 DPL=0 DS   [-WA]
DS =0010 0000000000000000 ffffffff 00cf9300 DPL=0 DS   [-WA]
FS =0010 0000000000000000 ffffffff 00cf9300 DPL=0 DS   [-WA]
GS =0010 0000000000000000 ffffffff 00cf9300 DPL=0 DS   [-WA]
LDT=0000 0000000000000000 0000ffff 00008200 DPL=0 LDT
TR =0000 0000000000000000 0000ffff 00008b00 DPL=0 TSS64-busy
GDT=     00000000001918c0 00000017
IDT=     00000000001900a0 00000fff
CR0=80000011 CR2=0000000000000000 CR3=0000000000104000 CR4=00000020
DR0=0000000000000000 DR1=0000000000000000 DR2=0000000000000000 DR3=0000000000000000 
DR6=00000000ffff0ff0 DR7=0000000000000400
CCS=0000000000000095 CCD=fffffffffffffff6 CCO=EFLAGS
EFER=0000000000000500
Servicing hardware INT=0x20
   228: v=20 e=0000 i=0 cpl=0 IP=0008:00000000001015d5 pc=00000000001015d5 SP=0010:0000000000107f58 env->regs[R_EAX]=0000000000000001
RAX=0000000000000001 RBX=0000000000000000 RCX=0000000000000061 RDX=0000000000000005
RSI=000000000000000a RDI=0000000000000064 RBP=0000000000107f70 RSP=0000000000107f58
R8 =0000000000000000 R9 =0000000000000000 R10=0000000000000000 R11=0000000000000000
R12=0000000000000000 R13=0000000000000000 R14=0000000000000000 R15=0000000000000000
RIP=00000000001015d5 RFL=00000293 [--S-A-C] CPL=0 II=0 A20=1 SMM=0 HLT=0
ES =0010 0000000000000000 ffffffff 00cf9300 DPL=0 DS   [-WA]
CS =0008 0000000000000000 ffffffff 00af9a00 DPL=0 CS64 [-R-]
SS =0010 0000000000000000 ffffffff 00cf9300 DPL=0 DS   [-WA]
DS =0010 0000000000000000 ffffffff 00cf9300 DPL=0 DS   [-WA]
FS =0010 0000000000000000 ffffffff 00cf9300 DPL=0 DS   [-WA]
GS =0010 0000000000000000 ffffffff 00cf9300 DPL=0 DS   [-WA]
LDT=0000 0000000000000000 0000ffff 00008200 DPL=0 LDT
TR =0000 0000000000000000 0000ffff 00008b00 DPL=0 TSS64-busy
GDT=     00000000001918c0 00000017
IDT=     00000000001900a0 00000fff
CR0=80000011 CR2=0000000000000000 CR3=0000000000104000 CR4=00000020
DR0=0000000000000000 DR1=0000000000000000 DR2=0000000000000000 DR3=0000000000000000 
DR6=00000000ffff0ff0 DR7=0000000000000400
CCS=0000000000000091 CCD=fffffffffffffff7 CCO=EFLAGS
EFER=0000000000000500
Servicing hardware INT=0x20
   229: v=20 e=0000 i=0 cpl=0 IP=0008:00000000001015d5 pc=00000000001015d5 SP=0010:0000000000107f58 env->regs[R_EAX]=0000000000000002
RAX=0000000000000002 RBX=0000000000000000 RCX=0000000000000061 RDX=0000000000000005
RSI=000000000000000a RDI=0000000000000064 RBP=0000000000107f70 RSP=0000000000107f58
R8 =0000000000000000 R9 =0000000000000000 R10=0000000000000000 R11=0000000000000000
R12=0000000000000000 R13=0000000000000000 R14=0000000000000000 R15=0000000000000000
RIP=00000000001015d5 RFL=00000293 [--S-A-C] CPL=0 II=0 A20=1 SMM=0 HLT=0
ES =0010 0000000000000000 ffffffff 00cf9300 DPL=0 DS   [-WA]
CS =0008 0000000000000000 ffffffff 00af9a00 DPL=0 CS64 [-R-]
SS =0010 0000000000000000 ffffffff 00cf9300 DPL=0 DS   [-WA]
DS =0010 0000000000000000 ffffffff 00cf9300 DPL=0 DS   [-WA]
FS =0010 0000000000000000 ffffffff 00cf9300 DPL=0 DS   [-WA]
GS =0010 0000000000000000 ffffffff 00cf9300 DPL=0 DS   [-WA]
LDT=0000 0000000000000000 0000ffff 00008200 DPL=0 LDT
TR =0000 0000000000000000 0000ffff 00008b00 DPL=0 TSS64-busy
GDT=     00000000001918c0 00000017
IDT=     00000000001900a0 00000fff
CR0=80000011 CR2=0000000000000000 CR3=0000000000104000 CR4=00000020
DR0=0000000000000000 DR1=0000000000000000 DR2=0000000000000000 DR3=0000000000000000 
DR6=00000000ffff0ff0 DR7=0000000000000400
CCS=0000000000000091 CCD=fffffffffffffff8 CCO=EFLAGS
EFER=0000000000000500
Servicing hardware INT=0x20
   230: v=20 e=0000 i=0 cpl=0 IP=0008:00000000001015d5 pc=00000000001015d5 SP=0010:0000000000107f58 env->regs[R_EAX]=0000000000000003
RAX=0000000000000003 RBX=0000000000000000 RCX=0000000000000061 RDX=0000000000000005
RSI=000000000000000a RDI=0000000000000064 RBP=0000000000107f70 RSP=0000000000107f58
R8 =0000000000000000 R9 =0000000000000000 R10=0000000000000000 R11=0000000000000000
R12=0000000000000000 R13=0000000000000000 R14=0000000000000000 R15=0000000000000000
RIP=00000000001015d5 RFL=00000297 [--S-APC] CPL=0 II=0 A20=1 SMM=0 HLT=0
ES =0010 0000000000000000 ffffffff 00cf9300 DPL=0 DS   [-WA]
CS =0008 0000000000000000 ffffffff 00af9a00 DPL=0 CS64 [-R-]
SS =0010 0000000000000000 ffffffff 00cf9300 DPL=0 DS   [-WA]
DS =0010 0000000000000000 ffffffff 00cf9300 DPL=0 DS   [-WA]
FS =0010 0000000000000000 ffffffff 00cf9300 DPL=0 DS   [-WA]
GS =0010 0000000000000000 ffffffff 00cf9300 DPL=0 DS   [-WA]
LDT=0000 0000000000000000 0000ffff 00008200 DPL=0 LDT
TR =0000 0000000000000000 0000ffff 00008b00 DPL=0 TSS64-busy
GDT=     00000000001918c0 00000017
IDT=     00000000001900a0 00000fff
CR0=80000011 CR2=0000000000000000 CR3=0000000000104000 CR4=00000020
DR0=0000000000000000 DR1=0000000000000000 DR2=0000000000000000 DR3=0000000000000000 
DR6=00000000ffff0ff0 DR7=0000000000000400
CCS=0000000000000095 CCD=fffffffffffffff9 CCO=EFLAGS
EFER=0000000000000500
Servicing hardware INT=0x20
   231: v=20 e=0000 i=0 cpl=0 IP=0008:00000000001015d5 pc=00000000001015d5 SP=0010:0000000000107f58 env->regs[R_EAX]=0000000000000004
RAX=0000000000000004 RBX=0000000000000000 RCX=0000000000000061 RDX=0000000000000005
RSI=000000000000000a RDI=0000000000000064 RBP=0000000000107f70 RSP=0000000000107f58
R8 =0000000000000000 R9 =0000000000000000 R10=0000000000000000 R11=0000000000000000
R12=0000000000000000 R13=0000000000000000 R14=0000000000000000 R15=0000000000000000
RIP=00000000001015d5 RFL=00000297 [--S-APC] CPL=0 II=0 A20=1 SMM=0 HLT=0
ES =0010 0000000000000000 ffffffff 00cf9300 DPL=0 DS   [-WA]
CS =0008 0000000000000000 ffffffff 00af9a00 DPL=0 CS64 [-R-]
SS =0010 0000000000000000 ffffffff 00cf9300 DPL=0 DS   [-WA]
DS =0010 0000000000000000 ffffffff 00cf9300 DPL=0 DS   [-WA]
FS =0010 0000000000000000 ffffffff 00cf9300 DPL=0 DS   [-WA]
GS =0010 0000000000000000 ffffffff 00cf9300 DPL=0 DS   [-WA]
LDT=0000 0000000000000000 0000ffff 00008200 DPL=0 LDT
TR =0000 0000000000000000 0000ffff 00008b00 DPL=0 TSS64-busy
GDT=     00000000001918c0 00000017
IDT=     00000000001900a0 00000fff
CR0=80000011 CR2=0000000000000000 CR3=0000000000104000 CR4=00000020
DR0=0000000000000000 DR1=0000000000000000 DR2=0000000000000000 DR3=0000000000000000 
DR6=00000000ffff0ff0 DR7=0000000000000400
CCS=0000000000000095 CCD=fffffffffffffffa CCO=EFLAGS
EFER=0000000000000500
Servicing hardware INT=0x20
   232: v=20 e=0000 i=0 cpl=0 IP=0008:00000000001015d5 pc=00000000001015d5 SP=0010:0000000000107f58 env->regs[R_EAX]=0000000000000005
RAX=0000000000000005 RBX=0000000000000000 RCX=0000000000000061 RDX=0000000000000005
RSI=000000000000000a RDI=0000000000000064 RBP=0000000000107f70 RSP=0000000000107f58
R8 =0000000000000000 R9 =0000000000000000 R10=0000000000000000 R11=0000000000000000
R12=0000000000000000 R13=0000000000000000 R14=0000000000000000 R15=0000000000000000
RIP=00000000001015d5 RFL=00000293 [--S-A-C] CPL=0 II=0 A20=1 SMM=0 HLT=0
ES =0010 0000000000000000 ffffffff 00cf9300 DPL=0 DS   [-WA]
CS =0008 0000000000000000 ffffffff 00af9a00 DPL=0 CS64 [-R-]
SS =0010 0000000000000000 ffffffff 00cf9300 DPL=0 DS   [-WA]
DS =0010 0000000000000000 ffffffff 00cf9300 DPL=0 DS   [-WA]
FS =0010 0000000000000000 ffffffff 00cf9300 DPL=0 DS   [-WA]
GS =0010 0000000000000000 ffffffff 00cf9300 DPL=0 DS   [-WA]
LDT=0000 0000000000000000 0000ffff 00008200 DPL=0 LDT
TR =0000 0000000000000000 0000ffff 00008b00 DPL=0 TSS64-busy
GDT=     00000000001918c0 00000017
IDT=     00000000001900a0 00000fff
CR0=80000011 CR2=0000000000000000 CR3=0000000000104000 CR4=00000020
DR0=0000000000000000 DR1=0000000000000000 DR2=0000000000000000 DR3=0000000000000000 
DR6=00000000ffff0ff0 DR7=0000000000000400
CCS=0000000000000091 CCD=fffffffffffffffb CCO=EFLAGS
EFER=0000000000000500
Servicing hardware INT=0x20
   233: v=20 e=0000 i=0 cpl=0 IP=0008:00000000001015d5 pc=00000000001015d5 SP=0010:0000000000107f58 env->regs[R_EAX]=0000000000000006
RAX=0000000000000006 RBX=0000000000000000 RCX=0000000000000061 RDX=0000000000000005
RSI=000000000000000a RDI=0000000000000064 RBP=0000000000107f70 RSP=0000000000107f58
R8 =0000000000000000 R9 =0000000000000000 R10=0000000000000000 R11=0000000000000000
R12=0000000000000000 R13=0000000000000000 R14=0000000000000000 R15=0000000000000000
RIP=00000000001015d5 RFL=00000297 [--S-APC] CPL=0 II=0 A20=1 SMM=0 HLT=0
ES =0010 0000000000000000 ffffffff 00cf9300 DPL=0 DS   [-WA]
CS =0008 0000000000000000 ffffffff 00af9a00 DPL=0 CS64 [-R-]
SS =0010 0000000000000000 ffffffff 00cf9300 DPL=0 DS   [-WA]
DS =0010 0000000000000000 ffffffff 00cf9300 DPL=0 DS   [-WA]
FS =0010 0000000000000000 ffffffff 00cf9300 DPL=0 DS   [-WA]
GS =0010 0000000000000000 ffffffff 00cf9300 DPL=0 DS   [-WA]
LDT=0000 0000000000000000 0000ffff 00008200 DPL=0 LDT
TR =0000 0000000000000000 0000ffff 00008b00 DPL=0 TSS64-busy
GDT=     00000000001918c0 00000017
IDT=     00000000001900a0 00000fff
CR0=80000011 CR2=0000000000000000 CR3=0000000000104000 CR4=00000020
DR0=0000000000000000 DR1=0000000000000000 DR2=0000000000000000 DR3=0000000000000000 
DR6=00000000ffff0ff0 DR7=0000000000000400
CCS=0000000000000095 CCD=fffffffffffffffc CCO=EFLAGS
EFER=0000000000000500
Servicing hardware INT=0x20
   234: v=20 e=0000 i=0 cpl=0 IP=0008:00000000001015d5 pc=00000000001015d5 SP=0010:0000000000107f58 env->regs[R_EAX]=0000000000000007
RAX=0000000000000007 RBX=0000000000000000 RCX=0000000000000061 RDX=0000000000000005
RSI=000000000000000a RDI=0000000000000064 RBP=0000000000107f70 RSP=0000000000107f58
R8 =0000000000000000 R9 =0000000000000000 R10=0000000000000000 R11=0000000000000000
R12=0000000000000000 R13=0000000000000000 R14=0000000000000000 R15=0000000000000000
RIP=00000000001015d5 RFL=00000293 [--S-A-C] CPL=0 II=0 A20=1 SMM=0 HLT=0
ES =0010 0000000000000000 ffffffff 00cf9300 DPL=0 DS   [-WA]
CS =0008 0000000000000000 ffffffff 00af9a00 DPL=0 CS64 [-R-]
SS =0010 0000000000000000 ffffffff 00cf9300 DPL=0 DS   [-WA]
DS =0010 0000000000000000 ffffffff 00cf9300 DPL=0 DS   [-WA]
FS =0010 0000000000000000 ffffffff 00cf9300 DPL=0 DS   [-WA]
GS =0010 0000000000000000 ffffffff 00cf9300 DPL=0 DS   [-WA]
LDT=0000 0000000000000000 0000ffff 00008200 DPL=0 LDT
TR =0000 0000000000000000 0000ffff 00008b00 DPL=0 TSS64-busy
GDT=     00000000001918c0 00000017
IDT=     00000000001900a0 00000fff
CR0=80000011 CR2=0000000000000000 CR3=0000000000104000 CR4=00000020
DR0=0000000000000000 DR1=0000000000000000 DR2=0000000000000000 DR3=0000000000000000 
DR6=00000000ffff0ff0 DR7=0000000000000400
CCS=0000000000000091 CCD=fffffffffffffffd CCO=EFLAGS
EFER=0000000000000500
Servicing hardware INT=0x20
   235: v=20 e=0000 i=0 cpl=0 IP=0008:00000000001015d5 pc=00000000001015d5 SP=0010:0000000000107f58 env->regs[R_EAX]=0000000000000008
RAX=0000000000000008 RBX=0000000000000000 RCX=0000000000000061 RDX=0000000000000005
RSI=000000000000000a RDI=0000000000000064 RBP=0000000000107f70 RSP=0000000000107f58
R8 =0000000000000000 R9 =0000000000000000 R10=0000000000000000 R11=0000000000000000
R12=0000000000000000 R13=0000000000000000 R14=0000000000000000 R15=0000000000000000
RIP=00000000001015d5 RFL=00000293 [--S-A-C] CPL=0 II=0 A20=1 SMM=0 HLT=0
ES =0010 0000000000000000 ffffffff 00cf9300 DPL=0 DS   [-WA]
CS =0008 0000000000000000 ffffffff 00af9a00 DPL=0 CS64 [-R-]
SS =0010 0000000000000000 ffffffff 00cf9300 DPL=0 DS   [-WA]
DS =0010 0000000000000000 ffffffff 00cf9300 DPL=0 DS   [-WA]
FS =0010 0000000000000000 ffffffff 00cf9300 DPL=0 DS   [-WA]
GS =0010 0000000000000000 ffffffff 00cf9300 DPL=0 DS   [-WA]
LDT=0000 0000000000000000 0000ffff 00008200 DPL=0 LDT
TR =0000 0000000000000000 0000ffff 00008b00 DPL=0 TSS64-busy
GDT=     00000000001918c0 00000017
IDT=     00000000001900a0 00000fff
CR0=80000011 CR2=0000000000000000 CR3=0000000000104000 CR4=00000020
DR0=0000000000000000 DR1=0000000000000000 DR2=0000000000000000 DR3=0000000000000000 
DR6=00000000ffff0ff0 DR7=0000000000000400
CCS=0000000000000091 CCD=fffffffffffffffe CCO=EFLAGS
EFER=0000000000000500
Servicing hardware INT=0x20
   236: v=20 e=0000 i=0 cpl=0 IP=0008:00000000001015d5 pc=00000000001015d5 SP=0010:0000000000107f58 env->regs[R_EAX]=0000000000000009
RAX=0000000000000009 RBX=0000000000000000 RCX=0000000000000061 RDX=0000000000000005
RSI=000000000000000a RDI=0000000000000064 RBP=0000000000107f70 RSP=0000000000107f58
R8 =0000000000000000 R9 =0000000000000000 R10=0000000000000000 R11=0000000000000000
R12=0000000000000000 R13=0000000000000000 R14=0000000000000000 R15=0000000000000000
RIP=00000000001015d5 RFL=00000297 [--S-APC] CPL=0 II=0 A20=1 SMM=0 HLT=0
ES =0010 0000000000000000 ffffffff 00cf9300 DPL=0 DS   [-WA]
CS =0008 0000000000000000 ffffffff 00af9a00 DPL=0 CS64 [-R-]
SS =0010 0000000000000000 ffffffff 00cf9300 DPL=0 DS   [-WA]
DS =0010 0000000000000000 ffffffff 00cf9300 DPL=0 DS   [-WA]
FS =0010 0000000000000000 ffffffff 00cf9300 DPL=0 DS   [-WA]
GS =0010 0000000000000000 ffffffff 00cf9300 DPL=0 DS   [-WA]
LDT=0000 0000000000000000 0000ffff 00008200 DPL=0 LDT
TR =0000 0000000000000000 0000ffff 00008b00 DPL=0 TSS64-busy
GDT=     00000000001918c0 00000017
IDT=     00000000001900a0 00000fff
CR0=80000011 CR2=0000000000000000 CR3=0000000000104000 CR4=00000020
DR0=0000000000000000 DR1=0000000000000000 DR2=0000000000000000 DR3=0000000000000000 
DR6=00000000ffff0ff0 DR7=0000000000000400
CCS=0000000000000095 CCD=ffffffffffffffff CCO=EFLAGS
EFER=0000000000000500
Servicing hardware INT=0x20
   237: v=20 e=0000 i=0 cpl=0 IP=0008:00000000001015d5 pc=00000000001015d5 SP=0010:0000000000107f58 env->regs[R_EAX]=0000000000000000
RAX=0000000000000000 RBX=0000000000000000 RCX=0000000000000072 RDX=0000000000000006
RSI=000000000000000a RDI=0000000000000064 RBP=0000000000107f70 RSP=0000000000107f58
R8 =0000000000000000 R9 =0000000000000000 R10=0000000000000000 R11=0000000000000000
R12=0000000000000000 R13=0000000000000000 R14=0000000000000000 R15=0000000000000000
RIP=00000000001015d5 RFL=00000297 [--S-APC] CPL=0 II=0 A20=1 SMM=0 HLT=0
ES =0010 0000000000000000 ffffffff 00cf9300 DPL=0 DS   [-WA]
CS =0008 0000000000000000 ffffffff 00af9a00 DPL=0 CS64 [-R-]
SS =0010 0000000000000000 ffffffff 00cf9300 DPL=0 DS   [-WA]
DS =0010 0000000000000000 ffffffff 00cf9300 DPL=0 DS   [-WA]
FS =0010 0000000000000000 ffffffff 00cf9300 DPL=0 DS   [-WA]
GS =0010 0000000000000000 ffffffff 00cf9300 DPL=0 DS   [-WA]
LDT=0000 0000000000000000 0000ffff 00008200 DPL=0 LDT
TR =0000 0000000000000000 0000ffff 00008b00 DPL=0 TSS64-busy
GDT=     00000000001918c0 00000017
IDT=     00000000001900a0 00000fff
CR0=80000011 CR2=0000000000000000 CR3=0000000000104000 CR4=00000020
DR0=0000000000000000 DR1=0000000000000000 DR2=0000000000000000 DR3=0000000000000000 
DR6=00000000ffff0ff0 DR7=0000000000000400
CCS=0000000000000095 CCD=fffffffffffffff6 CCO=EFLAGS
EFER=0000000000000500
Servicing hardware INT=0x20
   238: v=20 e=0000 i=0 cpl=0 IP=0008:00000000001015d5 pc=00000000001015d5 SP=0010:0000000000107f58 env->regs[R_EAX]=0000000000000001
RAX=0000000000000001 RBX=0000000000000000 RCX=0000000000000072 RDX=0000000000000006
RSI=000000000000000a RDI=0000000000000064 RBP=0000000000107f70 RSP=0000000000107f58
R8 =0000000000000000 R9 =0000000000000000 R10=0000000000000000 R11=0000000000000000
R12=0000000000000000 R13=0000000000000000 R14=0000000000000000 R15=0000000000000000
RIP=00000000001015d5 RFL=00000293 [--S-A-C] CPL=0 II=0 A20=1 SMM=0 HLT=0
ES =0010 0000000000000000 ffffffff 00cf9300 DPL=0 DS   [-WA]
CS =0008 0000000000000000 ffffffff 00af9a00 DPL=0 CS64 [-R-]
SS =0010 0000000000000000 ffffffff 00cf9300 DPL=0 DS   [-WA]
DS =0010 0000000000000000 ffffffff 00cf9300 DPL=0 DS   [-WA]
FS =0010 0000000000000000 ffffffff 00cf9300 DPL=0 DS   [-WA]
GS =0010 0000000000000000 ffffffff 00cf9300 DPL=0 DS   [-WA]
LDT=0000 0000000000000000 0000ffff 00008200 DPL=0 LDT
TR =0000 0000000000000000 0000ffff 00008b00 DPL=0 TSS64-busy
GDT=     00000000001918c0 00000017
IDT=     00000000001900a0 00000fff
CR0=80000011 CR2=0000000000000000 CR3=0000000000104000 CR4=00000020
DR0=0000000000000000 DR1=0000000000000000 DR2=0000000000000000 DR3=0000000000000000 
DR6=00000000ffff0ff0 DR7=0000000000000400
CCS=0000000000000091 CCD=fffffffffffffff7 CCO=EFLAGS
EFER=0000000000000500
Servicing hardware INT=0x20
   239: v=20 e=0000 i=0 cpl=0 IP=0008:00000000001015d5 pc=00000000001015d5 SP=0010:0000000000107f58 env->regs[R_EAX]=0000000000000002
RAX=0000000000000002 RBX=0000000000000000 RCX=0000000000000072 RDX=0000000000000006
RSI=000000000000000a RDI=0000000000000064 RBP=0000000000107f70 RSP=0000000000107f58
R8 =0000000000000000 R9 =0000000000000000 R10=0000000000000000 R11=0000000000000000
R12=0000000000000000 R13=0000000000000000 R14=0000000000000000 R15=0000000000000000
RIP=00000000001015d5 RFL=00000293 [--S-A-C] CPL=0 II=0 A20=1 SMM=0 HLT=0
ES =0010 0000000000000000 ffffffff 00cf9300 DPL=0 DS   [-WA]
CS =0008 0000000000000000 ffffffff 00af9a00 DPL=0 CS64 [-R-]
SS =0010 0000000000000000 ffffffff 00cf9300 DPL=0 DS   [-WA]
DS =0010 0000000000000000 ffffffff 00cf9300 DPL=0 DS   [-WA]
FS =0010 0000000000000000 ffffffff 00cf9300 DPL=0 DS   [-WA]
GS =0010 0000000000000000 ffffffff 00cf9300 DPL=0 DS   [-WA]
LDT=0000 0000000000000000 0000ffff 00008200 DPL=0 LDT
TR =0000 0000000000000000 0000ffff 00008b00 DPL=0 TSS64-busy
GDT=     00000000001918c0 00000017
IDT=     00000000001900a0 00000fff
CR0=80000011 CR2=0000000000000000 CR3=0000000000104000 CR4=00000020
DR0=0000000000000000 DR1=0000000000000000 DR2=0000000000000000 DR3=0000000000000000 
DR6=00000000ffff0ff0 DR7=0000000000000400
CCS=0000000000000091 CCD=fffffffffffffff8 CCO=EFLAGS
EFER=0000000000000500
Servicing hardware INT=0x20
   240: v=20 e=0000 i=0 cpl=0 IP=0008:00000000001015d5 pc=00000000001015d5 SP=0010:0000000000107f58 env->regs[R_EAX]=0000000000000003
RAX=0000000000000003 RBX=0000000000000000 RCX=0000000000000072 RDX=0000000000000006
RSI=000000000000000a RDI=0000000000000064 RBP=0000000000107f70 RSP=0000000000107f58
R8 =0000000000000000 R9 =0000000000000000 R10=0000000000000000 R11=0000000000000000
R12=0000000000000000 R13=0000000000000000 R14=0000000000000000 R15=0000000000000000
RIP=00000000001015d5 RFL=00000297 [--S-APC] CPL=0 II=0 A20=1 SMM=0 HLT=0
ES =0010 0000000000000000 ffffffff 00cf9300 DPL=0 DS   [-WA]
CS =0008 0000000000000000 ffffffff 00af9a00 DPL=0 CS64 [-R-]
SS =0010 0000000000000000 ffffffff 00cf9300 DPL=0 DS   [-WA]
DS =0010 0000000000000000 ffffffff 00cf9300 DPL=0 DS   [-WA]
FS =0010 0000000000000000 ffffffff 00cf9300 DPL=0 DS   [-WA]
GS =0010 0000000000000000 ffffffff 00cf9300 DPL=0 DS   [-WA]
LDT=0000 0000000000000000 0000ffff 00008200 DPL=0 LDT
TR =0000 0000000000000000 0000ffff 00008b00 DPL=0 TSS64-busy
GDT=     00000000001918c0 00000017
IDT=     00000000001900a0 00000fff
CR0=80000011 CR2=0000000000000000 CR3=0000000000104000 CR4=00000020
DR0=0000000000000000 DR1=0000000000000000 DR2=0000000000000000 DR3=0000000000000000 
DR6=00000000ffff0ff0 DR7=0000000000000400
CCS=0000000000000095 CCD=fffffffffffffff9 CCO=EFLAGS
EFER=0000000000000500
Servicing hardware INT=0x20
   241: v=20 e=0000 i=0 cpl=0 IP=0008:00000000001015d5 pc=00000000001015d5 SP=0010:0000000000107f58 env->regs[R_EAX]=0000000000000004
RAX=0000000000000004 RBX=0000000000000000 RCX=0000000000000072 RDX=0000000000000006
RSI=000000000000000a RDI=0000000000000064 RBP=0000000000107f70 RSP=0000000000107f58
R8 =0000000000000000 R9 =0000000000000000 R10=0000000000000000 R11=0000000000000000
R12=0000000000000000 R13=0000000000000000 R14=0000000000000000 R15=0000000000000000
RIP=00000000001015d5 RFL=00000297 [--S-APC] CPL=0 II=0 A20=1 SMM=0 HLT=0
ES =0010 0000000000000000 ffffffff 00cf9300 DPL=0 DS   [-WA]
CS =0008 0000000000000000 ffffffff 00af9a00 DPL=0 CS64 [-R-]
SS =0010 0000000000000000 ffffffff 00cf9300 DPL=0 DS   [-WA]
DS =0010 0000000000000000 ffffffff 00cf9300 DPL=0 DS   [-WA]
FS =0010 0000000000000000 ffffffff 00cf9300 DPL=0 DS   [-WA]
GS =0010 0000000000000000 ffffffff 00cf9300 DPL=0 DS   [-WA]
LDT=0000 0000000000000000 0000ffff 00008200 DPL=0 LDT
TR =0000 0000000000000000 0000ffff 00008b00 DPL=0 TSS64-busy
GDT=     00000000001918c0 00000017
IDT=     00000000001900a0 00000fff
CR0=80000011 CR2=0000000000000000 CR3=0000000000104000 CR4=00000020
DR0=0000000000000000 DR1=0000000000000000 DR2=0000000000000000 DR3=0000000000000000 
DR6=00000000ffff0ff0 DR7=0000000000000400
CCS=0000000000000095 CCD=fffffffffffffffa CCO=EFLAGS
EFER=0000000000000500
Servicing hardware INT=0x20
   242: v=20 e=0000 i=0 cpl=0 IP=0008:00000000001015d5 pc=00000000001015d5 SP=0010:0000000000107f58 env->regs[R_EAX]=0000000000000005
RAX=0000000000000005 RBX=0000000000000000 RCX=0000000000000072 RDX=0000000000000006
RSI=000000000000000a RDI=0000000000000064 RBP=0000000000107f70 RSP=0000000000107f58
R8 =0000000000000000 R9 =0000000000000000 R10=0000000000000000 R11=0000000000000000
R12=0000000000000000 R13=0000000000000000 R14=0000000000000000 R15=0000000000000000
RIP=00000000001015d5 RFL=00000293 [--S-A-C] CPL=0 II=0 A20=1 SMM=0 HLT=0
ES =0010 0000000000000000 ffffffff 00cf9300 DPL=0 DS   [-WA]
CS =0008 0000000000000000 ffffffff 00af9a00 DPL=0 CS64 [-R-]
SS =0010 0000000000000000 ffffffff 00cf9300 DPL=0 DS   [-WA]
DS =0010 0000000000000000 ffffffff 00cf9300 DPL=0 DS   [-WA]
FS =0010 0000000000000000 ffffffff 00cf9300 DPL=0 DS   [-WA]
GS =0010 0000000000000000 ffffffff 00cf9300 DPL=0 DS   [-WA]
LDT=0000 0000000000000000 0000ffff 00008200 DPL=0 LDT
TR =0000 0000000000000000 0000ffff 00008b00 DPL=0 TSS64-busy
GDT=     00000000001918c0 00000017
IDT=     00000000001900a0 00000fff
CR0=80000011 CR2=0000000000000000 CR3=0000000000104000 CR4=00000020
DR0=0000000000000000 DR1=0000000000000000 DR2=0000000000000000 DR3=0000000000000000 
DR6=00000000ffff0ff0 DR7=0000000000000400
CCS=0000000000000091 CCD=fffffffffffffffb CCO=EFLAGS
EFER=0000000000000500
Servicing hardware INT=0x20
   243: v=20 e=0000 i=0 cpl=0 IP=0008:00000000001015d5 pc=00000000001015d5 SP=0010:0000000000107f58 env->regs[R_EAX]=0000000000000006
RAX=0000000000000006 RBX=0000000000000000 RCX=0000000000000072 RDX=0000000000000006
RSI=000000000000000a RDI=0000000000000064 RBP=0000000000107f70 RSP=0000000000107f58
R8 =0000000000000000 R9 =0000000000000000 R10=0000000000000000 R11=0000000000000000
R12=0000000000000000 R13=0000000000000000 R14=0000000000000000 R15=0000000000000000
RIP=00000000001015d5 RFL=00000297 [--S-APC] CPL=0 II=0 A20=1 SMM=0 HLT=0
ES =0010 0000000000000000 ffffffff 00cf9300 DPL=0 DS   [-WA]
CS =0008 0000000000000000 ffffffff 00af9a00 DPL=0 CS64 [-R-]
SS =0010 0000000000000000 ffffffff 00cf9300 DPL=0 DS   [-WA]
DS =0010 0000000000000000 ffffffff 00cf9300 DPL=0 DS   [-WA]
FS =0010 0000000000000000 ffffffff 00cf9300 DPL=0 DS   [-WA]
GS =0010 0000000000000000 ffffffff 00cf9300 DPL=0 DS   [-WA]
LDT=0000 0000000000000000 0000ffff 00008200 DPL=0 LDT
TR =0000 0000000000000000 0000ffff 00008b00 DPL=0 TSS64-busy
GDT=     00000000001918c0 00000017
IDT=     00000000001900a0 00000fff
CR0=80000011 CR2=0000000000000000 CR3=0000000000104000 CR4=00000020
DR0=0000000000000000 DR1=0000000000000000 DR2=0000000000000000 DR3=0000000000000000 
DR6=00000000ffff0ff0 DR7=0000000000000400
CCS=0000000000000095 CCD=fffffffffffffffc CCO=EFLAGS
EFER=0000000000000500
Servicing hardware INT=0x20
   244: v=20 e=0000 i=0 cpl=0 IP=0008:00000000001015d5 pc=00000000001015d5 SP=0010:0000000000107f58 env->regs[R_EAX]=0000000000000007
RAX=0000000000000007 RBX=0000000000000000 RCX=0000000000000072 RDX=0000000000000006
RSI=000000000000000a RDI=0000000000000064 RBP=0000000000107f70 RSP=0000000000107f58
R8 =0000000000000000 R9 =0000000000000000 R10=0000000000000000 R11=0000000000000000
R12=0000000000000000 R13=0000000000000000 R14=0000000000000000 R15=0000000000000000
RIP=00000000001015d5 RFL=00000293 [--S-A-C] CPL=0 II=0 A20=1 SMM=0 HLT=0
ES =0010 0000000000000000 ffffffff 00cf9300 DPL=0 DS   [-WA]
CS =0008 0000000000000000 ffffffff 00af9a00 DPL=0 CS64 [-R-]
SS =0010 0000000000000000 ffffffff 00cf9300 DPL=0 DS   [-WA]
DS =0010 0000000000000000 ffffffff 00cf9300 DPL=0 DS   [-WA]
FS =0010 0000000000000000 ffffffff 00cf9300 DPL=0 DS   [-WA]
GS =0010 0000000000000000 ffffffff 00cf9300 DPL=0 DS   [-WA]
LDT=0000 0000000000000000 0000ffff 00008200 DPL=0 LDT
TR =0000 0000000000000000 0000ffff 00008b00 DPL=0 TSS64-busy
GDT=     00000000001918c0 00000017
IDT=     00000000001900a0 00000fff
CR0=80000011 CR2=0000000000000000 CR3=0000000000104000 CR4=00000020
DR0=0000000000000000 DR1=0000000000000000 DR2=0000000000000000 DR3=0000000000000000 
DR6=00000000ffff0ff0 DR7=0000000000000400
CCS=0000000000000091 CCD=fffffffffffffffd CCO=EFLAGS
EFER=0000000000000500
Servicing hardware INT=0x20
   245: v=20 e=0000 i=0 cpl=0 IP=0008:00000000001015d5 pc=00000000001015d5 SP=0010:0000000000107f58 env->regs[R_EAX]=0000000000000008
RAX=0000000000000008 RBX=0000000000000000 RCX=0000000000000072 RDX=0000000000000006
RSI=000000000000000a RDI=0000000000000064 RBP=0000000000107f70 RSP=0000000000107f58
R8 =0000000000000000 R9 =0000000000000000 R10=0000000000000000 R11=0000000000000000
R12=0000000000000000 R13=0000000000000000 R14=0000000000000000 R15=0000000000000000
RIP=00000000001015d5 RFL=00000293 [--S-A-C] CPL=0 II=0 A20=1 SMM=0 HLT=0
ES =0010 0000000000000000 ffffffff 00cf9300 DPL=0 DS   [-WA]
CS =0008 0000000000000000 ffffffff 00af9a00 DPL=0 CS64 [-R-]
SS =0010 0000000000000000 ffffffff 00cf9300 DPL=0 DS   [-WA]
DS =0010 0000000000000000 ffffffff 00cf9300 DPL=0 DS   [-WA]
FS =0010 0000000000000000 ffffffff 00cf9300 DPL=0 DS   [-WA]
GS =0010 0000000000000000 ffffffff 00cf9300 DPL=0 DS   [-WA]
LDT=0000 0000000000000000 0000ffff 00008200 DPL=0 LDT
TR =0000 0000000000000000 0000ffff 00008b00 DPL=0 TSS64-busy
GDT=     00000000001918c0 00000017
IDT=     00000000001900a0 00000fff
CR0=80000011 CR2=0000000000000000 CR3=0000000000104000 CR4=00000020
DR0=0000000000000000 DR1=0000000000000000 DR2=0000000000000000 DR3=0000000000000000 
DR6=00000000ffff0ff0 DR7=0000000000000400
CCS=0000000000000091 CCD=fffffffffffffffe CCO=EFLAGS
EFER=0000000000000500
Servicing hardware INT=0x20
   246: v=20 e=0000 i=0 cpl=0 IP=0008:00000000001015d5 pc=00000000001015d5 SP=0010:0000000000107f58 env->regs[R_EAX]=0000000000000009
RAX=0000000000000009 RBX=0000000000000000 RCX=0000000000000072 RDX=0000000000000006
RSI=000000000000000a RDI=0000000000000064 RBP=0000000000107f70 RSP=0000000000107f58
R8 =0000000000000000 R9 =0000000000000000 R10=0000000000000000 R11=0000000000000000
R12=0000000000000000 R13=0000000000000000 R14=0000000000000000 R15=0000000000000000
RIP=00000000001015d5 RFL=00000297 [--S-APC] CPL=0 II=0 A20=1 SMM=0 HLT=0
ES =0010 0000000000000000 ffffffff 00cf9300 DPL=0 DS   [-WA]
CS =0008 0000000000000000 ffffffff 00af9a00 DPL=0 CS64 [-R-]
SS =0010 0000000000000000 ffffffff 00cf9300 DPL=0 DS   [-WA]
DS =0010 0000000000000000 ffffffff 00cf9300 DPL=0 DS   [-WA]
FS =0010 0000000000000000 ffffffff 00cf9300 DPL=0 DS   [-WA]
GS =0010 0000000000000000 ffffffff 00cf9300 DPL=0 DS   [-WA]
LDT=0000 0000000000000000 0000ffff 00008200 DPL=0 LDT
TR =0000 0000000000000000 0000ffff 00008b00 DPL=0 TSS64-busy
GDT=     00000000001918c0 00000017
IDT=     00000000001900a0 00000fff
CR0=80000011 CR2=0000000000000000 CR3=0000000000104000 CR4=00000020
DR0=0000000000000000 DR1=0000000000000000 DR2=0000000000000000 DR3=0000000000000000 
DR6=00000000ffff0ff0 DR7=0000000000000400
CCS=0000000000000095 CCD=ffffffffffffffff CCO=EFLAGS
EFER=0000000000000500
Servicing hardware INT=0x20
   247: v=20 e=0000 i=0 cpl=0 IP=0008:00000000001015d5 pc=00000000001015d5 SP=0010:0000000000107f58 env->regs[R_EAX]=0000000000000000
RAX=0000000000000000 RBX=0000000000000000 RCX=000000000000004f RDX=0000000000000007
RSI=000000000000000a RDI=0000000000000064 RBP=0000000000107f70 RSP=0000000000107f58
R8 =0000000000000000 R9 =0000000000000000 R10=0000000000000000 R11=0000000000000000
R12=0000000000000000 R13=0000000000000000 R14=0000000000000000 R15=0000000000000000
RIP=00000000001015d5 RFL=00000297 [--S-APC] CPL=0 II=0 A20=1 SMM=0 HLT=0
ES =0010 0000000000000000 ffffffff 00cf9300 DPL=0 DS   [-WA]
CS =0008 0000000000000000 ffffffff 00af9a00 DPL=0 CS64 [-R-]
SS =0010 0000000000000000 ffffffff 00cf9300 DPL=0 DS   [-WA]
DS =0010 0000000000000000 ffffffff 00cf9300 DPL=0 DS   [-WA]
FS =0010 0000000000000000 ffffffff 00cf9300 DPL=0 DS   [-WA]
GS =0010 0000000000000000 ffffffff 00cf9300 DPL=0 DS   [-WA]
LDT=0000 0000000000000000 0000ffff 00008200 DPL=0 LDT
TR =0000 0000000000000000 0000ffff 00008b00 DPL=0 TSS64-busy
GDT=     00000000001918c0 00000017
IDT=     00000000001900a0 00000fff
CR0=80000011 CR2=0000000000000000 CR3=0000000000104000 CR4=00000020
DR0=0000000000000000 DR1=0000000000000000 DR2=0000000000000000 DR3=0000000000000000 
DR6=00000000ffff0ff0 DR7=0000000000000400
CCS=0000000000000095 CCD=fffffffffffffff6 CCO=EFLAGS
EFER=0000000000000500
Servicing hardware INT=0x20
   248: v=20 e=0000 i=0 cpl=0 IP=0008:00000000001015d5 pc=00000000001015d5 SP=0010:0000000000107f58 env->regs[R_EAX]=0000000000000001
RAX=0000000000000001 RBX=0000000000000000 RCX=000000000000004f RDX=0000000000000007
RSI=000000000000000a RDI=0000000000000064 RBP=0000000000107f70 RSP=0000000000107f58
R8 =0000000000000000 R9 =0000000000000000 R10=0000000000000000 R11=0000000000000000
R12=0000000000000000 R13=0000000000000000 R14=0000000000000000 R15=0000000000000000
RIP=00000000001015d5 RFL=00000293 [--S-A-C] CPL=0 II=0 A20=1 SMM=0 HLT=0
ES =0010 0000000000000000 ffffffff 00cf9300 DPL=0 DS   [-WA]
CS =0008 0000000000000000 ffffffff 00af9a00 DPL=0 CS64 [-R-]
SS =0010 0000000000000000 ffffffff 00cf9300 DPL=0 DS   [-WA]
DS =0010 0000000000000000 ffffffff 00cf9300 DPL=0 DS   [-WA]
FS =0010 0000000000000000 ffffffff 00cf9300 DPL=0 DS   [-WA]
GS =0010 0000000000000000 ffffffff 00cf9300 DPL=0 DS   [-WA]
LDT=0000 0000000000000000 0000ffff 00008200 DPL=0 LDT
TR =0000 0000000000000000 0000ffff 00008b00 DPL=0 TSS64-busy
GDT=     00000000001918c0 00000017
IDT=     00000000001900a0 00000fff
CR0=80000011 CR2=0000000000000000 CR3=0000000000104000 CR4=00000020
DR0=0000000000000000 DR1=0000000000000000 DR2=0000000000000000 DR3=0000000000000000 
DR6=00000000ffff0ff0 DR7=0000000000000400
CCS=0000000000000091 CCD=fffffffffffffff7 CCO=EFLAGS
EFER=0000000000000500
Servicing hardware INT=0x20
   249: v=20 e=0000 i=0 cpl=0 IP=0008:00000000001015d5 pc=00000000001015d5 SP=0010:0000000000107f58 env->regs[R_EAX]=0000000000000002
RAX=0000000000000002 RBX=0000000000000000 RCX=000000000000004f RDX=0000000000000007
RSI=000000000000000a RDI=0000000000000064 RBP=0000000000107f70 RSP=0000000000107f58
R8 =0000000000000000 R9 =0000000000000000 R10=0000000000000000 R11=0000000000000000
R12=0000000000000000 R13=0000000000000000 R14=0000000000000000 R15=0000000000000000
RIP=00000000001015d5 RFL=00000293 [--S-A-C] CPL=0 II=0 A20=1 SMM=0 HLT=0
ES =0010 0000000000000000 ffffffff 00cf9300 DPL=0 DS   [-WA]
CS =0008 0000000000000000 ffffffff 00af9a00 DPL=0 CS64 [-R-]
SS =0010 0000000000000000 ffffffff 00cf9300 DPL=0 DS   [-WA]
DS =0010 0000000000000000 ffffffff 00cf9300 DPL=0 DS   [-WA]
FS =0010 0000000000000000 ffffffff 00cf9300 DPL=0 DS   [-WA]
GS =0010 0000000000000000 ffffffff 00cf9300 DPL=0 DS   [-WA]
LDT=0000 0000000000000000 0000ffff 00008200 DPL=0 LDT
TR =0000 0000000000000000 0000ffff 00008b00 DPL=0 TSS64-busy
GDT=     00000000001918c0 00000017
IDT=     00000000001900a0 00000fff
CR0=80000011 CR2=0000000000000000 CR3=0000000000104000 CR4=00000020
DR0=0000000000000000 DR1=0000000000000000 DR2=0000000000000000 DR3=0000000000000000 
DR6=00000000ffff0ff0 DR7=0000000000000400
CCS=0000000000000091 CCD=fffffffffffffff8 CCO=EFLAGS
EFER=0000000000000500
Servicing hardware INT=0x20
   250: v=20 e=0000 i=0 cpl=0 IP=0008:00000000001015d5 pc=00000000001015d5 SP=0010:0000000000107f58 env->regs[R_EAX]=0000000000000003
RAX=0000000000000003 RBX=0000000000000000 RCX=000000000000004f RDX=0000000000000007
RSI=000000000000000a RDI=0000000000000064 RBP=0000000000107f70 RSP=0000000000107f58
R8 =0000000000000000 R9 =0000000000000000 R10=0000000000000000 R11=0000000000000000
R12=0000000000000000 R13=0000000000000000 R14=0000000000000000 R15=0000000000000000
RIP=00000000001015d5 RFL=00000297 [--S-APC] CPL=0 II=0 A20=1 SMM=0 HLT=0
ES =0010 0000000000000000 ffffffff 00cf9300 DPL=0 DS   [-WA]
CS =0008 0000000000000000 ffffffff 00af9a00 DPL=0 CS64 [-R-]
SS =0010 0000000000000000 ffffffff 00cf9300 DPL=0 DS   [-WA]
DS =0010 0000000000000000 ffffffff 00cf9300 DPL=0 DS   [-WA]
FS =0010 0000000000000000 ffffffff 00cf9300 DPL=0 DS   [-WA]
GS =0010 0000000000000000 ffffffff 00cf9300 DPL=0 DS   [-WA]
LDT=0000 0000000000000000 0000ffff 00008200 DPL=0 LDT
TR =0000 0000000000000000 0000ffff 00008b00 DPL=0 TSS64-busy
GDT=     00000000001918c0 00000017
IDT=     00000000001900a0 00000fff
CR0=80000011 CR2=0000000000000000 CR3=0000000000104000 CR4=00000020
DR0=0000000000000000 DR1=0000000000000000 DR2=0000000000000000 DR3=0000000000000000 
DR6=00000000ffff0ff0 DR7=0000000000000400
CCS=0000000000000095 CCD=fffffffffffffff9 CCO=EFLAGS
EFER=0000000000000500
Servicing hardware INT=0x20
   251: v=20 e=0000 i=0 cpl=0 IP=0008:00000000001015d5 pc=00000000001015d5 SP=0010:0000000000107f58 env->regs[R_EAX]=0000000000000004
RAX=0000000000000004 RBX=0000000000000000 RCX=000000000000004f RDX=0000000000000007
RSI=000000000000000a RDI=0000000000000064 RBP=0000000000107f70 RSP=0000000000107f58
R8 =0000000000000000 R9 =0000000000000000 R10=0000000000000000 R11=0000000000000000
R12=0000000000000000 R13=0000000000000000 R14=0000000000000000 R15=0000000000000000
RIP=00000000001015d5 RFL=00000297 [--S-APC] CPL=0 II=0 A20=1 SMM=0 HLT=0
ES =0010 0000000000000000 ffffffff 00cf9300 DPL=0 DS   [-WA]
CS =0008 0000000000000000 ffffffff 00af9a00 DPL=0 CS64 [-R-]
SS =0010 0000000000000000 ffffffff 00cf9300 DPL=0 DS   [-WA]
DS =0010 0000000000000000 ffffffff 00cf9300 DPL=0 DS   [-WA]
FS =0010 0000000000000000 ffffffff 00cf9300 DPL=0 DS   [-WA]
GS =0010 0000000000000000 ffffffff 00cf9300 DPL=0 DS   [-WA]
LDT=0000 0000000000000000 0000ffff 00008200 DPL=0 LDT
TR =0000 0000000000000000 0000ffff 00008b00 DPL=0 TSS64-busy
GDT=     00000000001918c0 00000017
IDT=     00000000001900a0 00000fff
CR0=80000011 CR2=0000000000000000 CR3=0000000000104000 CR4=00000020
DR0=0000000000000000 DR1=0000000000000000 DR2=0000000000000000 DR3=0000000000000000 
DR6=00000000ffff0ff0 DR7=0000000000000400
CCS=0000000000000095 CCD=fffffffffffffffa CCO=EFLAGS
EFER=0000000000000500
Servicing hardware INT=0x20
   252: v=20 e=0000 i=0 cpl=0 IP=0008:00000000001015d5 pc=00000000001015d5 SP=0010:0000000000107f58 env->regs[R_EAX]=0000000000000005
RAX=0000000000000005 RBX=0000000000000000 RCX=000000000000004f RDX=0000000000000007
RSI=000000000000000a RDI=0000000000000064 RBP=0000000000107f70 RSP=0000000000107f58
R8 =0000000000000000 R9 =0000000000000000 R10=0000000000000000 R11=0000000000000000
R12=0000000000000000 R13=0000000000000000 R14=0000000000000000 R15=0000000000000000
RIP=00000000001015d5 RFL=00000293 [--S-A-C] CPL=0 II=0 A20=1 SMM=0 HLT=0
ES =0010 0000000000000000 ffffffff 00cf9300 DPL=0 DS   [-WA]
CS =0008 0000000000000000 ffffffff 00af9a00 DPL=0 CS64 [-R-]
SS =0010 0000000000000000 ffffffff 00cf9300 DPL=0 DS   [-WA]
DS =0010 0000000000000000 ffffffff 00cf9300 DPL=0 DS   [-WA]
FS =0010 0000000000000000 ffffffff 00cf9300 DPL=0 DS   [-WA]
GS =0010 0000000000000000 ffffffff 00cf9300 DPL=0 DS   [-WA]
LDT=0000 0000000000000000 0000ffff 00008200 DPL=0 LDT
TR =0000 0000000000000000 0000ffff 00008b00 DPL=0 TSS64-busy
GDT=     00000000001918c0 00000017
IDT=     00000000001900a0 00000fff
CR0=80000011 CR2=0000000000000000 CR3=0000000000104000 CR4=00000020
DR0=0000000000000000 DR1=0000000000000000 DR2=0000000000000000 DR3=0000000000000000 
DR6=00000000ffff0ff0 DR7=0000000000000400
CCS=0000000000000091 CCD=fffffffffffffffb CCO=EFLAGS
EFER=0000000000000500
Servicing hardware INT=0x20
   253: v=20 e=0000 i=0 cpl=0 IP=0008:00000000001015d5 pc=00000000001015d5 SP=0010:0000000000107f58 env->regs[R_EAX]=0000000000000006
RAX=0000000000000006 RBX=0000000000000000 RCX=000000000000004f RDX=0000000000000007
RSI=000000000000000a RDI=0000000000000064 RBP=0000000000107f70 RSP=0000000000107f58
R8 =0000000000000000 R9 =0000000000000000 R10=0000000000000000 R11=0000000000000000
R12=0000000000000000 R13=0000000000000000 R14=0000000000000000 R15=0000000000000000
RIP=00000000001015d5 RFL=00000297 [--S-APC] CPL=0 II=0 A20=1 SMM=0 HLT=0
ES =0010 0000000000000000 ffffffff 00cf9300 DPL=0 DS   [-WA]
CS =0008 0000000000000000 ffffffff 00af9a00 DPL=0 CS64 [-R-]
SS =0010 0000000000000000 ffffffff 00cf9300 DPL=0 DS   [-WA]
DS =0010 0000000000000000 ffffffff 00cf9300 DPL=0 DS   [-WA]
FS =0010 0000000000000000 ffffffff 00cf9300 DPL=0 DS   [-WA]
GS =0010 0000000000000000 ffffffff 00cf9300 DPL=0 DS   [-WA]
LDT=0000 0000000000000000 0000ffff 00008200 DPL=0 LDT
TR =0000 0000000000000000 0000ffff 00008b00 DPL=0 TSS64-busy
GDT=     00000000001918c0 00000017
IDT=     00000000001900a0 00000fff
CR0=80000011 CR2=0000000000000000 CR3=0000000000104000 CR4=00000020
DR0=0000000000000000 DR1=0000000000000000 DR2=0000000000000000 DR3=0000000000000000 
DR6=00000000ffff0ff0 DR7=0000000000000400
CCS=0000000000000095 CCD=fffffffffffffffc CCO=EFLAGS
EFER=0000000000000500
Servicing hardware INT=0x20
   254: v=20 e=0000 i=0 cpl=0 IP=0008:00000000001015d5 pc=00000000001015d5 SP=0010:0000000000107f58 env->regs[R_EAX]=0000000000000007
RAX=0000000000000007 RBX=0000000000000000 RCX=000000000000004f RDX=0000000000000007
RSI=000000000000000a RDI=0000000000000064 RBP=0000000000107f70 RSP=0000000000107f58
R8 =0000000000000000 R9 =0000000000000000 R10=0000000000000000 R11=0000000000000000
R12=0000000000000000 R13=0000000000000000 R14=0000000000000000 R15=0000000000000000
RIP=00000000001015d5 RFL=00000293 [--S-A-C] CPL=0 II=0 A20=1 SMM=0 HLT=0
ES =0010 0000000000000000 ffffffff 00cf9300 DPL=0 DS   [-WA]
CS =0008 0000000000000000 ffffffff 00af9a00 DPL=0 CS64 [-R-]
SS =0010 0000000000000000 ffffffff 00cf9300 DPL=0 DS   [-WA]
DS =0010 0000000000000000 ffffffff 00cf9300 DPL=0 DS   [-WA]
FS =0010 0000000000000000 ffffffff 00cf9300 DPL=0 DS   [-WA]
GS =0010 0000000000000000 ffffffff 00cf9300 DPL=0 DS   [-WA]
LDT=0000 0000000000000000 0000ffff 00008200 DPL=0 LDT
TR =0000 0000000000000000 0000ffff 00008b00 DPL=0 TSS64-busy
GDT=     00000000001918c0 00000017
IDT=     00000000001900a0 00000fff
CR0=80000011 CR2=0000000000000000 CR3=0000000000104000 CR4=00000020
DR0=0000000000000000 DR1=0000000000000000 DR2=0000000000000000 DR3=0000000000000000 
DR6=00000000ffff0ff0 DR7=0000000000000400
CCS=0000000000000091 CCD=fffffffffffffffd CCO=EFLAGS
EFER=0000000000000500
Servicing hardware INT=0x20
   255: v=20 e=0000 i=0 cpl=0 IP=0008:00000000001015d5 pc=00000000001015d5 SP=0010:0000000000107f58 env->regs[R_EAX]=0000000000000008
RAX=0000000000000008 RBX=0000000000000000 RCX=000000000000004f RDX=0000000000000007
RSI=000000000000000a RDI=0000000000000064 RBP=0000000000107f70 RSP=0000000000107f58
R8 =0000000000000000 R9 =0000000000000000 R10=0000000000000000 R11=0000000000000000
R12=0000000000000000 R13=0000000000000000 R14=0000000000000000 R15=0000000000000000
RIP=00000000001015d5 RFL=00000293 [--S-A-C] CPL=0 II=0 A20=1 SMM=0 HLT=0
ES =0010 0000000000000000 ffffffff 00cf9300 DPL=0 DS   [-WA]
CS =0008 0000000000000000 ffffffff 00af9a00 DPL=0 CS64 [-R-]
SS =0010 0000000000000000 ffffffff 00cf9300 DPL=0 DS   [-WA]
DS =0010 0000000000000000 ffffffff 00cf9300 DPL=0 DS   [-WA]
FS =0010 0000000000000000 ffffffff 00cf9300 DPL=0 DS   [-WA]
GS =0010 0000000000000000 ffffffff 00cf9300 DPL=0 DS   [-WA]
LDT=0000 0000000000000000 0000ffff 00008200 DPL=0 LDT
TR =0000 0000000000000000 0000ffff 00008b00 DPL=0 TSS64-busy
GDT=     00000000001918c0 00000017
IDT=     00000000001900a0 00000fff
CR0=80000011 CR2=0000000000000000 CR3=0000000000104000 CR4=00000020
DR0=0000000000000000 DR1=0000000000000000 DR2=0000000000000000 DR3=0000000000000000 
DR6=00000000ffff0ff0 DR7=0000000000000400
CCS=0000000000000091 CCD=fffffffffffffffe CCO=EFLAGS
EFER=0000000000000500
Servicing hardware INT=0x20
   256: v=20 e=0000 i=0 cpl=0 IP=0008:00000000001015d5 pc=00000000001015d5 SP=0010:0000000000107f58 env->regs[R_EAX]=0000000000000009
RAX=0000000000000009 RBX=0000000000000000 RCX=000000000000004f RDX=0000000000000007
RSI=000000000000000a RDI=0000000000000064 RBP=0000000000107f70 RSP=0000000000107f58
R8 =0000000000000000 R9 =0000000000000000 R10=0000000000000000 R11=0000000000000000
R12=0000000000000000 R13=0000000000000000 R14=0000000000000000 R15=0000000000000000
RIP=00000000001015d5 RFL=00000297 [--S-APC] CPL=0 II=0 A20=1 SMM=0 HLT=0
ES =0010 0000000000000000 ffffffff 00cf9300 DPL=0 DS   [-WA]
CS =0008 0000000000000000 ffffffff 00af9a00 DPL=0 CS64 [-R-]
SS =0010 0000000000000000 ffffffff 00cf9300 DPL=0 DS   [-WA]
DS =0010 0000000000000000 ffffffff 00cf9300 DPL=0 DS   [-WA]
FS =0010 0000000000000000 ffffffff 00cf9300 DPL=0 DS   [-WA]
GS =0010 0000000000000000 ffffffff 00cf9300 DPL=0 DS   [-WA]
LDT=0000 0000000000000000 0000ffff 00008200 DPL=0 LDT
TR =0000 0000000000000000 0000ffff 00008b00 DPL=0 TSS64-busy
GDT=     00000000001918c0 00000017
IDT=     00000000001900a0 00000fff
CR0=80000011 CR2=0000000000000000 CR3=0000000000104000 CR4=00000020
DR0=0000000000000000 DR1=0000000000000000 DR2=0000000000000000 DR3=0000000000000000 
DR6=00000000ffff0ff0 DR7=0000000000000400
CCS=0000000000000095 CCD=ffffffffffffffff CCO=EFLAGS
EFER=0000000000000500
Servicing hardware INT=0x20
   257: v=20 e=0000 i=0 cpl=0 IP=0008:00000000001015d5 pc=00000000001015d5 SP=0010:0000000000107f58 env->regs[R_EAX]=0000000000000000
RAX=0000000000000000 RBX=0000000000000000 RCX=0000000000000001 RDX=00000000000003d5
RSI=00000000000000a0 RDI=000000000000012c RBP=0000000000107f70 RSP=0000000000107f58
R8 =0000000000000000 R9 =0000000000000000 R10=0000000000000000 R11=0000000000000000
R12=0000000000000000 R13=0000000000000000 R14=0000000000000000 R15=0000000000000000
RIP=00000000001015d5 RFL=00000297 [--S-APC] CPL=0 II=0 A20=1 SMM=0 HLT=0
ES =0010 0000000000000000 ffffffff 00cf9300 DPL=0 DS   [-WA]
CS =0008 0000000000000000 ffffffff 00af9a00 DPL=0 CS64 [-R-]
SS =0010 0000000000000000 ffffffff 00cf9300 DPL=0 DS   [-WA]
DS =0010 0000000000000000 ffffffff 00cf9300 DPL=0 DS   [-WA]
FS =0010 0000000000000000 ffffffff 00cf9300 DPL=0 DS   [-WA]
GS =0010 0000000000000000 ffffffff 00cf9300 DPL=0 DS   [-WA]
LDT=0000 0000000000000000 0000ffff 00008200 DPL=0 LDT
TR =0000 0000000000000000 0000ffff 00008b00 DPL=0 TSS64-busy
GDT=     00000000001918c0 00000017
IDT=     00000000001900a0 00000fff
CR0=80000011 CR2=0000000000000000 CR3=0000000000104000 CR4=00000020
DR0=0000000000000000 DR1=0000000000000000 DR2=0000000000000000 DR3=0000000000000000 
DR6=00000000ffff0ff0 DR7=0000000000000400
CCS=0000000000000095 CCD=ffffffffffffffe2 CCO=EFLAGS
EFER=0000000000000500
Servicing hardware INT=0x20
   258: v=20 e=0000 i=0 cpl=0 IP=0008:00000000001015d5 pc=00000000001015d5 SP=0010:0000000000107f58 env->regs[R_EAX]=0000000000000001
RAX=0000000000000001 RBX=0000000000000000 RCX=0000000000000001 RDX=00000000000003d5
RSI=00000000000000a0 RDI=000000000000012c RBP=0000000000107f70 RSP=0000000000107f58
R8 =0000000000000000 R9 =0000000000000000 R10=0000000000000000 R11=0000000000000000
R12=0000000000000000 R13=0000000000000000 R14=0000000000000000 R15=0000000000000000
RIP=00000000001015d5 RFL=00000293 [--S-A-C] CPL=0 II=0 A20=1 SMM=0 HLT=0
ES =0010 0000000000000000 ffffffff 00cf9300 DPL=0 DS   [-WA]
CS =0008 0000000000000000 ffffffff 00af9a00 DPL=0 CS64 [-R-]
SS =0010 0000000000000000 ffffffff 00cf9300 DPL=0 DS   [-WA]
DS =0010 0000000000000000 ffffffff 00cf9300 DPL=0 DS   [-WA]
FS =0010 0000000000000000 ffffffff 00cf9300 DPL=0 DS   [-WA]
GS =0010 0000000000000000 ffffffff 00cf9300 DPL=0 DS   [-WA]
LDT=0000 0000000000000000 0000ffff 00008200 DPL=0 LDT
TR =0000 0000000000000000 0000ffff 00008b00 DPL=0 TSS64-busy
GDT=     00000000001918c0 00000017
IDT=     00000000001900a0 00000fff
CR0=80000011 CR2=0000000000000000 CR3=0000000000104000 CR4=00000020
DR0=0000000000000000 DR1=0000000000000000 DR2=0000000000000000 DR3=0000000000000000 
DR6=00000000ffff0ff0 DR7=0000000000000400
CCS=0000000000000091 CCD=ffffffffffffffe3 CCO=EFLAGS
EFER=0000000000000500
Servicing hardware INT=0x20
   259: v=20 e=0000 i=0 cpl=0 IP=0008:00000000001015d5 pc=00000000001015d5 SP=0010:0000000000107f58 env->regs[R_EAX]=0000000000000002
RAX=0000000000000002 RBX=0000000000000000 RCX=0000000000000001 RDX=00000000000003d5
RSI=00000000000000a0 RDI=000000000000012c RBP=0000000000107f70 RSP=0000000000107f58
R8 =0000000000000000 R9 =0000000000000000 R10=0000000000000000 R11=0000000000000000
R12=0000000000000000 R13=0000000000000000 R14=0000000000000000 R15=0000000000000000
RIP=00000000001015d5 RFL=00000297 [--S-APC] CPL=0 II=0 A20=1 SMM=0 HLT=0
ES =0010 0000000000000000 ffffffff 00cf9300 DPL=0 DS   [-WA]
CS =0008 0000000000000000 ffffffff 00af9a00 DPL=0 CS64 [-R-]
SS =0010 0000000000000000 ffffffff 00cf9300 DPL=0 DS   [-WA]
DS =0010 0000000000000000 ffffffff 00cf9300 DPL=0 DS   [-WA]
FS =0010 0000000000000000 ffffffff 00cf9300 DPL=0 DS   [-WA]
GS =0010 0000000000000000 ffffffff 00cf9300 DPL=0 DS   [-WA]
LDT=0000 0000000000000000 0000ffff 00008200 DPL=0 LDT
TR =0000 0000000000000000 0000ffff 00008b00 DPL=0 TSS64-busy
GDT=     00000000001918c0 00000017
IDT=     00000000001900a0 00000fff
CR0=80000011 CR2=0000000000000000 CR3=0000000000104000 CR4=00000020
DR0=0000000000000000 DR1=0000000000000000 DR2=0000000000000000 DR3=0000000000000000 
DR6=00000000ffff0ff0 DR7=0000000000000400
CCS=0000000000000095 CCD=ffffffffffffffe4 CCO=EFLAGS
EFER=0000000000000500
Servicing hardware INT=0x20
   260: v=20 e=0000 i=0 cpl=0 IP=0008:00000000001015d5 pc=00000000001015d5 SP=0010:0000000000107f58 env->regs[R_EAX]=0000000000000003
RAX=0000000000000003 RBX=0000000000000000 RCX=0000000000000001 RDX=00000000000003d5
RSI=00000000000000a0 RDI=000000000000012c RBP=0000000000107f70 RSP=0000000000107f58
R8 =0000000000000000 R9 =0000000000000000 R10=0000000000000000 R11=0000000000000000
R12=0000000000000000 R13=0000000000000000 R14=0000000000000000 R15=0000000000000000
RIP=00000000001015d5 RFL=00000293 [--S-A-C] CPL=0 II=0 A20=1 SMM=0 HLT=0
ES =0010 0000000000000000 ffffffff 00cf9300 DPL=0 DS   [-WA]
CS =0008 0000000000000000 ffffffff 00af9a00 DPL=0 CS64 [-R-]
SS =0010 0000000000000000 ffffffff 00cf9300 DPL=0 DS   [-WA]
DS =0010 0000000000000000 ffffffff 00cf9300 DPL=0 DS   [-WA]
FS =0010 0000000000000000 ffffffff 00cf9300 DPL=0 DS   [-WA]
GS =0010 0000000000000000 ffffffff 00cf9300 DPL=0 DS   [-WA]
LDT=0000 0000000000000000 0000ffff 00008200 DPL=0 LDT
TR =0000 0000000000000000 0000ffff 00008b00 DPL=0 TSS64-busy
GDT=     00000000001918c0 00000017
IDT=     00000000001900a0 00000fff
CR0=80000011 CR2=0000000000000000 CR3=0000000000104000 CR4=00000020
DR0=0000000000000000 DR1=0000000000000000 DR2=0000000000000000 DR3=0000000000000000 
DR6=00000000ffff0ff0 DR7=0000000000000400
CCS=0000000000000091 CCD=ffffffffffffffe5 CCO=EFLAGS
EFER=0000000000000500
Servicing hardware INT=0x20
   261: v=20 e=0000 i=0 cpl=0 IP=0008:00000000001015d5 pc=00000000001015d5 SP=0010:0000000000107f58 env->regs[R_EAX]=0000000000000004
RAX=0000000000000004 RBX=0000000000000000 RCX=0000000000000001 RDX=00000000000003d5
RSI=00000000000000a0 RDI=000000000000012c RBP=0000000000107f70 RSP=0000000000107f58
R8 =0000000000000000 R9 =0000000000000000 R10=0000000000000000 R11=0000000000000000
R12=0000000000000000 R13=0000000000000000 R14=0000000000000000 R15=0000000000000000
RIP=00000000001015d5 RFL=00000293 [--S-A-C] CPL=0 II=0 A20=1 SMM=0 HLT=0
ES =0010 0000000000000000 ffffffff 00cf9300 DPL=0 DS   [-WA]
CS =0008 0000000000000000 ffffffff 00af9a00 DPL=0 CS64 [-R-]
SS =0010 0000000000000000 ffffffff 00cf9300 DPL=0 DS   [-WA]
DS =0010 0000000000000000 ffffffff 00cf9300 DPL=0 DS   [-WA]
FS =0010 0000000000000000 ffffffff 00cf9300 DPL=0 DS   [-WA]
GS =0010 0000000000000000 ffffffff 00cf9300 DPL=0 DS   [-WA]
LDT=0000 0000000000000000 0000ffff 00008200 DPL=0 LDT
TR =0000 0000000000000000 0000ffff 00008b00 DPL=0 TSS64-busy
GDT=     00000000001918c0 00000017
IDT=     00000000001900a0 00000fff
CR0=80000011 CR2=0000000000000000 CR3=0000000000104000 CR4=00000020
DR0=0000000000000000 DR1=0000000000000000 DR2=0000000000000000 DR3=0000000000000000 
DR6=00000000ffff0ff0 DR7=0000000000000400
CCS=0000000000000091 CCD=ffffffffffffffe6 CCO=EFLAGS
EFER=0000000000000500
Servicing hardware INT=0x20
   262: v=20 e=0000 i=0 cpl=0 IP=0008:00000000001015d5 pc=00000000001015d5 SP=0010:0000000000107f58 env->regs[R_EAX]=0000000000000005
RAX=0000000000000005 RBX=0000000000000000 RCX=0000000000000001 RDX=00000000000003d5
RSI=00000000000000a0 RDI=000000000000012c RBP=0000000000107f70 RSP=0000000000107f58
R8 =0000000000000000 R9 =0000000000000000 R10=0000000000000000 R11=0000000000000000
R12=0000000000000000 R13=0000000000000000 R14=0000000000000000 R15=0000000000000000
RIP=00000000001015d5 RFL=00000297 [--S-APC] CPL=0 II=0 A20=1 SMM=0 HLT=0
ES =0010 0000000000000000 ffffffff 00cf9300 DPL=0 DS   [-WA]
CS =0008 0000000000000000 ffffffff 00af9a00 DPL=0 CS64 [-R-]
SS =0010 0000000000000000 ffffffff 00cf9300 DPL=0 DS   [-WA]
DS =0010 0000000000000000 ffffffff 00cf9300 DPL=0 DS   [-WA]
FS =0010 0000000000000000 ffffffff 00cf9300 DPL=0 DS   [-WA]
GS =0010 0000000000000000 ffffffff 00cf9300 DPL=0 DS   [-WA]
LDT=0000 0000000000000000 0000ffff 00008200 DPL=0 LDT
TR =0000 0000000000000000 0000ffff 00008b00 DPL=0 TSS64-busy
GDT=     00000000001918c0 00000017
IDT=     00000000001900a0 00000fff
CR0=80000011 CR2=0000000000000000 CR3=0000000000104000 CR4=00000020
DR0=0000000000000000 DR1=0000000000000000 DR2=0000000000000000 DR3=0000000000000000 
DR6=00000000ffff0ff0 DR7=0000000000000400
CCS=0000000000000095 CCD=ffffffffffffffe7 CCO=EFLAGS
EFER=0000000000000500
Servicing hardware INT=0x20
   263: v=20 e=0000 i=0 cpl=0 IP=0008:00000000001015d5 pc=00000000001015d5 SP=0010:0000000000107f58 env->regs[R_EAX]=0000000000000006
RAX=0000000000000006 RBX=0000000000000000 RCX=0000000000000001 RDX=00000000000003d5
RSI=00000000000000a0 RDI=000000000000012c RBP=0000000000107f70 RSP=0000000000107f58
R8 =0000000000000000 R9 =0000000000000000 R10=0000000000000000 R11=0000000000000000
R12=0000000000000000 R13=0000000000000000 R14=0000000000000000 R15=0000000000000000
RIP=00000000001015d5 RFL=00000297 [--S-APC] CPL=0 II=0 A20=1 SMM=0 HLT=0
ES =0010 0000000000000000 ffffffff 00cf9300 DPL=0 DS   [-WA]
CS =0008 0000000000000000 ffffffff 00af9a00 DPL=0 CS64 [-R-]
SS =0010 0000000000000000 ffffffff 00cf9300 DPL=0 DS   [-WA]
DS =0010 0000000000000000 ffffffff 00cf9300 DPL=0 DS   [-WA]
FS =0010 0000000000000000 ffffffff 00cf9300 DPL=0 DS   [-WA]
GS =0010 0000000000000000 ffffffff 00cf9300 DPL=0 DS   [-WA]
LDT=0000 0000000000000000 0000ffff 00008200 DPL=0 LDT
TR =0000 0000000000000000 0000ffff 00008b00 DPL=0 TSS64-busy
GDT=     00000000001918c0 00000017
IDT=     00000000001900a0 00000fff
CR0=80000011 CR2=0000000000000000 CR3=0000000000104000 CR4=00000020
DR0=0000000000000000 DR1=0000000000000000 DR2=0000000000000000 DR3=0000000000000000 
DR6=00000000ffff0ff0 DR7=0000000000000400
CCS=0000000000000095 CCD=ffffffffffffffe8 CCO=EFLAGS
EFER=0000000000000500
Servicing hardware INT=0x20
   264: v=20 e=0000 i=0 cpl=0 IP=0008:00000000001015d5 pc=00000000001015d5 SP=0010:0000000000107f58 env->regs[R_EAX]=0000000000000007
RAX=0000000000000007 RBX=0000000000000000 RCX=0000000000000001 RDX=00000000000003d5
RSI=00000000000000a0 RDI=000000000000012c RBP=0000000000107f70 RSP=0000000000107f58
R8 =0000000000000000 R9 =0000000000000000 R10=0000000000000000 R11=0000000000000000
R12=0000000000000000 R13=0000000000000000 R14=0000000000000000 R15=0000000000000000
RIP=00000000001015d5 RFL=00000293 [--S-A-C] CPL=0 II=0 A20=1 SMM=0 HLT=0
ES =0010 0000000000000000 ffffffff 00cf9300 DPL=0 DS   [-WA]
CS =0008 0000000000000000 ffffffff 00af9a00 DPL=0 CS64 [-R-]
SS =0010 0000000000000000 ffffffff 00cf9300 DPL=0 DS   [-WA]
DS =0010 0000000000000000 ffffffff 00cf9300 DPL=0 DS   [-WA]
FS =0010 0000000000000000 ffffffff 00cf9300 DPL=0 DS   [-WA]
GS =0010 0000000000000000 ffffffff 00cf9300 DPL=0 DS   [-WA]
LDT=0000 0000000000000000 0000ffff 00008200 DPL=0 LDT
TR =0000 0000000000000000 0000ffff 00008b00 DPL=0 TSS64-busy
GDT=     00000000001918c0 00000017
IDT=     00000000001900a0 00000fff
CR0=80000011 CR2=0000000000000000 CR3=0000000000104000 CR4=00000020
DR0=0000000000000000 DR1=0000000000000000 DR2=0000000000000000 DR3=0000000000000000 
DR6=00000000ffff0ff0 DR7=0000000000000400
CCS=0000000000000091 CCD=ffffffffffffffe9 CCO=EFLAGS
EFER=0000000000000500
Servicing hardware INT=0x20
   265: v=20 e=0000 i=0 cpl=0 IP=0008:00000000001015d5 pc=00000000001015d5 SP=0010:0000000000107f58 env->regs[R_EAX]=0000000000000008
RAX=0000000000000008 RBX=0000000000000000 RCX=0000000000000001 RDX=00000000000003d5
RSI=00000000000000a0 RDI=000000000000012c RBP=0000000000107f70 RSP=0000000000107f58
R8 =0000000000000000 R9 =0000000000000000 R10=0000000000000000 R11=0000000000000000
R12=0000000000000000 R13=0000000000000000 R14=0000000000000000 R15=0000000000000000
RIP=00000000001015d5 RFL=00000293 [--S-A-C] CPL=0 II=0 A20=1 SMM=0 HLT=0
ES =0010 0000000000000000 ffffffff 00cf9300 DPL=0 DS   [-WA]
CS =0008 0000000000000000 ffffffff 00af9a00 DPL=0 CS64 [-R-]
SS =0010 0000000000000000 ffffffff 00cf9300 DPL=0 DS   [-WA]
DS =0010 0000000000000000 ffffffff 00cf9300 DPL=0 DS   [-WA]
FS =0010 0000000000000000 ffffffff 00cf9300 DPL=0 DS   [-WA]
GS =0010 0000000000000000 ffffffff 00cf9300 DPL=0 DS   [-WA]
LDT=0000 0000000000000000 0000ffff 00008200 DPL=0 LDT
TR =0000 0000000000000000 0000ffff 00008b00 DPL=0 TSS64-busy
GDT=     00000000001918c0 00000017
IDT=     00000000001900a0 00000fff
CR0=80000011 CR2=0000000000000000 CR3=0000000000104000 CR4=00000020
DR0=0000000000000000 DR1=0000000000000000 DR2=0000000000000000 DR3=0000000000000000 
DR6=00000000ffff0ff0 DR7=0000000000000400
CCS=0000000000000091 CCD=ffffffffffffffea CCO=EFLAGS
EFER=0000000000000500
Servicing hardware INT=0x20
   266: v=20 e=0000 i=0 cpl=0 IP=0008:00000000001015d5 pc=00000000001015d5 SP=0010:0000000000107f58 env->regs[R_EAX]=0000000000000009
RAX=0000000000000009 RBX=0000000000000000 RCX=0000000000000001 RDX=00000000000003d5
RSI=00000000000000a0 RDI=000000000000012c RBP=0000000000107f70 RSP=0000000000107f58
R8 =0000000000000000 R9 =0000000000000000 R10=0000000000000000 R11=0000000000000000
R12=0000000000000000 R13=0000000000000000 R14=0000000000000000 R15=0000000000000000
RIP=00000000001015d5 RFL=00000297 [--S-APC] CPL=0 II=0 A20=1 SMM=0 HLT=0
ES =0010 0000000000000000 ffffffff 00cf9300 DPL=0 DS   [-WA]
CS =0008 0000000000000000 ffffffff 00af9a00 DPL=0 CS64 [-R-]
SS =0010 0000000000000000 ffffffff 00cf9300 DPL=0 DS   [-WA]
DS =0010 0000000000000000 ffffffff 00cf9300 DPL=0 DS   [-WA]
FS =0010 0000000000000000 ffffffff 00cf9300 DPL=0 DS   [-WA]
GS =0010 0000000000000000 ffffffff 00cf9300 DPL=0 DS   [-WA]
LDT=0000 0000000000000000 0000ffff 00008200 DPL=0 LDT
TR =0000 0000000000000000 0000ffff 00008b00 DPL=0 TSS64-busy
GDT=     00000000001918c0 00000017
IDT=     00000000001900a0 00000fff
CR0=80000011 CR2=0000000000000000 CR3=0000000000104000 CR4=00000020
DR0=0000000000000000 DR1=0000000000000000 DR2=0000000000000000 DR3=0000000000000000 
DR6=00000000ffff0ff0 DR7=0000000000000400
CCS=0000000000000095 CCD=ffffffffffffffeb CCO=EFLAGS
EFER=0000000000000500
Servicing hardware INT=0x20
   267: v=20 e=0000 i=0 cpl=0 IP=0008:00000000001015d5 pc=00000000001015d5 SP=0010:0000000000107f58 env->regs[R_EAX]=000000000000000a
RAX=000000000000000a RBX=0000000000000000 RCX=0000000000000001 RDX=00000000000003d5
RSI=00000000000000a0 RDI=000000000000012c RBP=0000000000107f70 RSP=0000000000107f58
R8 =0000000000000000 R9 =0000000000000000 R10=0000000000000000 R11=0000000000000000
R12=0000000000000000 R13=0000000000000000 R14=0000000000000000 R15=0000000000000000
RIP=00000000001015d5 RFL=00000293 [--S-A-C] CPL=0 II=0 A20=1 SMM=0 HLT=0
ES =0010 0000000000000000 ffffffff 00cf9300 DPL=0 DS   [-WA]
CS =0008 0000000000000000 ffffffff 00af9a00 DPL=0 CS64 [-R-]
SS =0010 0000000000000000 ffffffff 00cf9300 DPL=0 DS   [-WA]
DS =0010 0000000000000000 ffffffff 00cf9300 DPL=0 DS   [-WA]
FS =0010 0000000000000000 ffffffff 00cf9300 DPL=0 DS   [-WA]
GS =0010 0000000000000000 ffffffff 00cf9300 DPL=0 DS   [-WA]
LDT=0000 0000000000000000 0000ffff 00008200 DPL=0 LDT
TR =0000 0000000000000000 0000ffff 00008b00 DPL=0 TSS64-busy
GDT=     00000000001918c0 00000017
IDT=     00000000001900a0 00000fff
CR0=80000011 CR2=0000000000000000 CR3=0000000000104000 CR4=00000020
DR0=0000000000000000 DR1=0000000000000000 DR2=0000000000000000 DR3=0000000000000000 
DR6=00000000ffff0ff0 DR7=0000000000000400
CCS=0000000000000091 CCD=ffffffffffffffec CCO=EFLAGS
EFER=0000000000000500
Servicing hardware INT=0x20
   268: v=20 e=0000 i=0 cpl=0 IP=0008:00000000001015d5 pc=00000000001015d5 SP=0010:0000000000107f58 env->regs[R_EAX]=000000000000000b
RAX=000000000000000b RBX=0000000000000000 RCX=0000000000000001 RDX=00000000000003d5
RSI=00000000000000a0 RDI=000000000000012c RBP=0000000000107f70 RSP=0000000000107f58
R8 =0000000000000000 R9 =0000000000000000 R10=0000000000000000 R11=0000000000000000
R12=0000000000000000 R13=0000000000000000 R14=0000000000000000 R15=0000000000000000
RIP=00000000001015d5 RFL=00000297 [--S-APC] CPL=0 II=0 A20=1 SMM=0 HLT=0
ES =0010 0000000000000000 ffffffff 00cf9300 DPL=0 DS   [-WA]
CS =0008 0000000000000000 ffffffff 00af9a00 DPL=0 CS64 [-R-]
SS =0010 0000000000000000 ffffffff 00cf9300 DPL=0 DS   [-WA]
DS =0010 0000000000000000 ffffffff 00cf9300 DPL=0 DS   [-WA]
FS =0010 0000000000000000 ffffffff 00cf9300 DPL=0 DS   [-WA]
GS =0010 0000000000000000 ffffffff 00cf9300 DPL=0 DS   [-WA]
LDT=0000 0000000000000000 0000ffff 00008200 DPL=0 LDT
TR =0000 0000000000000000 0000ffff 00008b00 DPL=0 TSS64-busy
GDT=     00000000001918c0 00000017
IDT=     00000000001900a0 00000fff
CR0=80000011 CR2=0000000000000000 CR3=0000000000104000 CR4=00000020
DR0=0000000000000000 DR1=0000000000000000 DR2=0000000000000000 DR3=0000000000000000 
DR6=00000000ffff0ff0 DR7=0000000000000400
CCS=0000000000000095 CCD=ffffffffffffffed CCO=EFLAGS
EFER=0000000000000500
Servicing hardware INT=0x20
   269: v=20 e=0000 i=0 cpl=0 IP=0008:00000000001015d5 pc=00000000001015d5 SP=0010:0000000000107f58 env->regs[R_EAX]=000000000000000c
RAX=000000000000000c RBX=0000000000000000 RCX=0000000000000001 RDX=00000000000003d5
RSI=00000000000000a0 RDI=000000000000012c RBP=0000000000107f70 RSP=0000000000107f58
R8 =0000000000000000 R9 =0000000000000000 R10=0000000000000000 R11=0000000000000000
R12=0000000000000000 R13=0000000000000000 R14=0000000000000000 R15=0000000000000000
RIP=00000000001015d5 RFL=00000297 [--S-APC] CPL=0 II=0 A20=1 SMM=0 HLT=0
ES =0010 0000000000000000 ffffffff 00cf9300 DPL=0 DS   [-WA]
CS =0008 0000000000000000 ffffffff 00af9a00 DPL=0 CS64 [-R-]
SS =0010 0000000000000000 ffffffff 00cf9300 DPL=0 DS   [-WA]
DS =0010 0000000000000000 ffffffff 00cf9300 DPL=0 DS   [-WA]
FS =0010 0000000000000000 ffffffff 00cf9300 DPL=0 DS   [-WA]
GS =0010 0000000000000000 ffffffff 00cf9300 DPL=0 DS   [-WA]
LDT=0000 0000000000000000 0000ffff 00008200 DPL=0 LDT
TR =0000 0000000000000000 0000ffff 00008b00 DPL=0 TSS64-busy
GDT=     00000000001918c0 00000017
IDT=     00000000001900a0 00000fff
CR0=80000011 CR2=0000000000000000 CR3=0000000000104000 CR4=00000020
DR0=0000000000000000 DR1=0000000000000000 DR2=0000000000000000 DR3=0000000000000000 
DR6=00000000ffff0ff0 DR7=0000000000000400
CCS=0000000000000095 CCD=ffffffffffffffee CCO=EFLAGS
EFER=0000000000000500
Servicing hardware INT=0x20
   270: v=20 e=0000 i=0 cpl=0 IP=0008:00000000001015d5 pc=00000000001015d5 SP=0010:0000000000107f58 env->regs[R_EAX]=000000000000000d
RAX=000000000000000d RBX=0000000000000000 RCX=0000000000000001 RDX=00000000000003d5
RSI=00000000000000a0 RDI=000000000000012c RBP=0000000000107f70 RSP=0000000000107f58
R8 =0000000000000000 R9 =0000000000000000 R10=0000000000000000 R11=0000000000000000
R12=0000000000000000 R13=0000000000000000 R14=0000000000000000 R15=0000000000000000
RIP=00000000001015d5 RFL=00000293 [--S-A-C] CPL=0 II=0 A20=1 SMM=0 HLT=0
ES =0010 0000000000000000 ffffffff 00cf9300 DPL=0 DS   [-WA]
CS =0008 0000000000000000 ffffffff 00af9a00 DPL=0 CS64 [-R-]
SS =0010 0000000000000000 ffffffff 00cf9300 DPL=0 DS   [-WA]
DS =0010 0000000000000000 ffffffff 00cf9300 DPL=0 DS   [-WA]
FS =0010 0000000000000000 ffffffff 00cf9300 DPL=0 DS   [-WA]
GS =0010 0000000000000000 ffffffff 00cf9300 DPL=0 DS   [-WA]
LDT=0000 0000000000000000 0000ffff 00008200 DPL=0 LDT
TR =0000 0000000000000000 0000ffff 00008b00 DPL=0 TSS64-busy
GDT=     00000000001918c0 00000017
IDT=     00000000001900a0 00000fff
CR0=80000011 CR2=0000000000000000 CR3=0000000000104000 CR4=00000020
DR0=0000000000000000 DR1=0000000000000000 DR2=0000000000000000 DR3=0000000000000000 
DR6=00000000ffff0ff0 DR7=0000000000000400
CCS=0000000000000091 CCD=ffffffffffffffef CCO=EFLAGS
EFER=0000000000000500
Servicing hardware INT=0x20
   271: v=20 e=0000 i=0 cpl=0 IP=0008:00000000001015d5 pc=00000000001015d5 SP=0010:0000000000107f58 env->regs[R_EAX]=000000000000000e
RAX=000000000000000e RBX=0000000000000000 RCX=0000000000000001 RDX=00000000000003d5
RSI=00000000000000a0 RDI=000000000000012c RBP=0000000000107f70 RSP=0000000000107f58
R8 =0000000000000000 R9 =0000000000000000 R10=0000000000000000 R11=0000000000000000
R12=0000000000000000 R13=0000000000000000 R14=0000000000000000 R15=0000000000000000
RIP=00000000001015d5 RFL=00000287 [--S--PC] CPL=0 II=0 A20=1 SMM=0 HLT=0
ES =0010 0000000000000000 ffffffff 00cf9300 DPL=0 DS   [-WA]
CS =0008 0000000000000000 ffffffff 00af9a00 DPL=0 CS64 [-R-]
SS =0010 0000000000000000 ffffffff 00cf9300 DPL=0 DS   [-WA]
DS =0010 0000000000000000 ffffffff 00cf9300 DPL=0 DS   [-WA]
FS =0010 0000000000000000 ffffffff 00cf9300 DPL=0 DS   [-WA]
GS =0010 0000000000000000 ffffffff 00cf9300 DPL=0 DS   [-WA]
LDT=0000 0000000000000000 0000ffff 00008200 DPL=0 LDT
TR =0000 0000000000000000 0000ffff 00008b00 DPL=0 TSS64-busy
GDT=     00000000001918c0 00000017
IDT=     00000000001900a0 00000fff
CR0=80000011 CR2=0000000000000000 CR3=0000000000104000 CR4=00000020
DR0=0000000000000000 DR1=0000000000000000 DR2=0000000000000000 DR3=0000000000000000 
DR6=00000000ffff0ff0 DR7=0000000000000400
CCS=0000000000000085 CCD=fffffffffffffff0 CCO=EFLAGS
EFER=0000000000000500
Servicing hardware INT=0x20
   272: v=20 e=0000 i=0 cpl=0 IP=0008:00000000001015d5 pc=00000000001015d5 SP=0010:0000000000107f58 env->regs[R_EAX]=000000000000000f
RAX=000000000000000f RBX=0000000000000000 RCX=0000000000000001 RDX=00000000000003d5
RSI=00000000000000a0 RDI=000000000000012c RBP=0000000000107f70 RSP=0000000000107f58
R8 =0000000000000000 R9 =0000000000000000 R10=0000000000000000 R11=0000000000000000
R12=0000000000000000 R13=0000000000000000 R14=0000000000000000 R15=0000000000000000
RIP=00000000001015d5 RFL=00000283 [--S---C] CPL=0 II=0 A20=1 SMM=0 HLT=0
ES =0010 0000000000000000 ffffffff 00cf9300 DPL=0 DS   [-WA]
CS =0008 0000000000000000 ffffffff 00af9a00 DPL=0 CS64 [-R-]
SS =0010 0000000000000000 ffffffff 00cf9300 DPL=0 DS   [-WA]
DS =0010 0000000000000000 ffffffff 00cf9300 DPL=0 DS   [-WA]
FS =0010 0000000000000000 ffffffff 00cf9300 DPL=0 DS   [-WA]
GS =0010 0000000000000000 ffffffff 00cf9300 DPL=0 DS   [-WA]
LDT=0000 0000000000000000 0000ffff 00008200 DPL=0 LDT
TR =0000 0000000000000000 0000ffff 00008b00 DPL=0 TSS64-busy
GDT=     00000000001918c0 00000017
IDT=     00000000001900a0 00000fff
CR0=80000011 CR2=0000000000000000 CR3=0000000000104000 CR4=00000020
DR0=0000000000000000 DR1=0000000000000000 DR2=0000000000000000 DR3=0000000000000000 
DR6=00000000ffff0ff0 DR7=0000000000000400
CCS=0000000000000081 CCD=fffffffffffffff1 CCO=EFLAGS
EFER=0000000000000500
Servicing hardware INT=0x20
   273: v=20 e=0000 i=0 cpl=0 IP=0008:00000000001015d5 pc=00000000001015d5 SP=0010:0000000000107f58 env->regs[R_EAX]=0000000000000010
RAX=0000000000000010 RBX=0000000000000000 RCX=0000000000000001 RDX=00000000000003d5
RSI=00000000000000a0 RDI=000000000000012c RBP=0000000000107f70 RSP=0000000000107f58
R8 =0000000000000000 R9 =0000000000000000 R10=0000000000000000 R11=0000000000000000
R12=0000000000000000 R13=0000000000000000 R14=0000000000000000 R15=0000000000000000
RIP=00000000001015d5 RFL=00000293 [--S-A-C] CPL=0 II=0 A20=1 SMM=0 HLT=0
ES =0010 0000000000000000 ffffffff 00cf9300 DPL=0 DS   [-WA]
CS =0008 0000000000000000 ffffffff 00af9a00 DPL=0 CS64 [-R-]
SS =0010 0000000000000000 ffffffff 00cf9300 DPL=0 DS   [-WA]
DS =0010 0000000000000000 ffffffff 00cf9300 DPL=0 DS   [-WA]
FS =0010 0000000000000000 ffffffff 00cf9300 DPL=0 DS   [-WA]
GS =0010 0000000000000000 ffffffff 00cf9300 DPL=0 DS   [-WA]
LDT=0000 0000000000000000 0000ffff 00008200 DPL=0 LDT
TR =0000 0000000000000000 0000ffff 00008b00 DPL=0 TSS64-busy
GDT=     00000000001918c0 00000017
IDT=     00000000001900a0 00000fff
CR0=80000011 CR2=0000000000000000 CR3=0000000000104000 CR4=00000020
DR0=0000000000000000 DR1=0000000000000000 DR2=0000000000000000 DR3=0000000000000000 
DR6=00000000ffff0ff0 DR7=0000000000000400
CCS=0000000000000091 CCD=fffffffffffffff2 CCO=EFLAGS
EFER=0000000000000500
Servicing hardware INT=0x20
   274: v=20 e=0000 i=0 cpl=0 IP=0008:00000000001015d5 pc=00000000001015d5 SP=0010:0000000000107f58 env->regs[R_EAX]=0000000000000011
RAX=0000000000000011 RBX=0000000000000000 RCX=0000000000000001 RDX=00000000000003d5
RSI=00000000000000a0 RDI=000000000000012c RBP=0000000000107f70 RSP=0000000000107f58
R8 =0000000000000000 R9 =0000000000000000 R10=0000000000000000 R11=0000000000000000
R12=0000000000000000 R13=0000000000000000 R14=0000000000000000 R15=0000000000000000
RIP=00000000001015d5 RFL=00000297 [--S-APC] CPL=0 II=0 A20=1 SMM=0 HLT=0
ES =0010 0000000000000000 ffffffff 00cf9300 DPL=0 DS   [-WA]
CS =0008 0000000000000000 ffffffff 00af9a00 DPL=0 CS64 [-R-]
SS =0010 0000000000000000 ffffffff 00cf9300 DPL=0 DS   [-WA]
DS =0010 0000000000000000 ffffffff 00cf9300 DPL=0 DS   [-WA]
FS =0010 0000000000000000 ffffffff 00cf9300 DPL=0 DS   [-WA]
GS =0010 0000000000000000 ffffffff 00cf9300 DPL=0 DS   [-WA]
LDT=0000 0000000000000000 0000ffff 00008200 DPL=0 LDT
TR =0000 0000000000000000 0000ffff 00008b00 DPL=0 TSS64-busy
GDT=     00000000001918c0 00000017
IDT=     00000000001900a0 00000fff
CR0=80000011 CR2=0000000000000000 CR3=0000000000104000 CR4=00000020
DR0=0000000000000000 DR1=0000000000000000 DR2=0000000000000000 DR3=0000000000000000 
DR6=00000000ffff0ff0 DR7=0000000000000400
CCS=0000000000000095 CCD=fffffffffffffff3 CCO=EFLAGS
EFER=0000000000000500
Servicing hardware INT=0x20
   275: v=20 e=0000 i=0 cpl=0 IP=0008:00000000001015d5 pc=00000000001015d5 SP=0010:0000000000107f58 env->regs[R_EAX]=0000000000000012
RAX=0000000000000012 RBX=0000000000000000 RCX=0000000000000001 RDX=00000000000003d5
RSI=00000000000000a0 RDI=000000000000012c RBP=0000000000107f70 RSP=0000000000107f58
R8 =0000000000000000 R9 =0000000000000000 R10=0000000000000000 R11=0000000000000000
R12=0000000000000000 R13=0000000000000000 R14=0000000000000000 R15=0000000000000000
RIP=00000000001015d5 RFL=00000293 [--S-A-C] CPL=0 II=0 A20=1 SMM=0 HLT=0
ES =0010 0000000000000000 ffffffff 00cf9300 DPL=0 DS   [-WA]
CS =0008 0000000000000000 ffffffff 00af9a00 DPL=0 CS64 [-R-]
SS =0010 0000000000000000 ffffffff 00cf9300 DPL=0 DS   [-WA]
DS =0010 0000000000000000 ffffffff 00cf9300 DPL=0 DS   [-WA]
FS =0010 0000000000000000 ffffffff 00cf9300 DPL=0 DS   [-WA]
GS =0010 0000000000000000 ffffffff 00cf9300 DPL=0 DS   [-WA]
LDT=0000 0000000000000000 0000ffff 00008200 DPL=0 LDT
TR =0000 0000000000000000 0000ffff 00008b00 DPL=0 TSS64-busy
GDT=     00000000001918c0 00000017
IDT=     00000000001900a0 00000fff
CR0=80000011 CR2=0000000000000000 CR3=0000000000104000 CR4=00000020
DR0=0000000000000000 DR1=0000000000000000 DR2=0000000000000000 DR3=0000000000000000 
DR6=00000000ffff0ff0 DR7=0000000000000400
CCS=0000000000000091 CCD=fffffffffffffff4 CCO=EFLAGS
EFER=0000000000000500
Servicing hardware INT=0x20
   276: v=20 e=0000 i=0 cpl=0 IP=0008:00000000001015d5 pc=00000000001015d5 SP=0010:0000000000107f58 env->regs[R_EAX]=0000000000000013
RAX=0000000000000013 RBX=0000000000000000 RCX=0000000000000001 RDX=00000000000003d5
RSI=00000000000000a0 RDI=000000000000012c RBP=0000000000107f70 RSP=0000000000107f58
R8 =0000000000000000 R9 =0000000000000000 R10=0000000000000000 R11=0000000000000000
R12=0000000000000000 R13=0000000000000000 R14=0000000000000000 R15=0000000000000000
RIP=00000000001015d5 RFL=00000297 [--S-APC] CPL=0 II=0 A20=1 SMM=0 HLT=0
ES =0010 0000000000000000 ffffffff 00cf9300 DPL=0 DS   [-WA]
CS =0008 0000000000000000 ffffffff 00af9a00 DPL=0 CS64 [-R-]
SS =0010 0000000000000000 ffffffff 00cf9300 DPL=0 DS   [-WA]
DS =0010 0000000000000000 ffffffff 00cf9300 DPL=0 DS   [-WA]
FS =0010 0000000000000000 ffffffff 00cf9300 DPL=0 DS   [-WA]
GS =0010 0000000000000000 ffffffff 00cf9300 DPL=0 DS   [-WA]
LDT=0000 0000000000000000 0000ffff 00008200 DPL=0 LDT
TR =0000 0000000000000000 0000ffff 00008b00 DPL=0 TSS64-busy
GDT=     00000000001918c0 00000017
IDT=     00000000001900a0 00000fff
CR0=80000011 CR2=0000000000000000 CR3=0000000000104000 CR4=00000020
DR0=0000000000000000 DR1=0000000000000000 DR2=0000000000000000 DR3=0000000000000000 
DR6=00000000ffff0ff0 DR7=0000000000000400
CCS=0000000000000095 CCD=fffffffffffffff5 CCO=EFLAGS
EFER=0000000000000500
Servicing hardware INT=0x20
   277: v=20 e=0000 i=0 cpl=0 IP=0008:00000000001015d5 pc=00000000001015d5 SP=0010:0000000000107f58 env->regs[R_EAX]=0000000000000014
RAX=0000000000000014 RBX=0000000000000000 RCX=0000000000000001 RDX=00000000000003d5
RSI=00000000000000a0 RDI=000000000000012c RBP=0000000000107f70 RSP=0000000000107f58
R8 =0000000000000000 R9 =0000000000000000 R10=0000000000000000 R11=0000000000000000
R12=0000000000000000 R13=0000000000000000 R14=0000000000000000 R15=0000000000000000
RIP=00000000001015d5 RFL=00000297 [--S-APC] CPL=0 II=0 A20=1 SMM=0 HLT=0
ES =0010 0000000000000000 ffffffff 00cf9300 DPL=0 DS   [-WA]
CS =0008 0000000000000000 ffffffff 00af9a00 DPL=0 CS64 [-R-]
SS =0010 0000000000000000 ffffffff 00cf9300 DPL=0 DS   [-WA]
DS =0010 0000000000000000 ffffffff 00cf9300 DPL=0 DS   [-WA]
FS =0010 0000000000000000 ffffffff 00cf9300 DPL=0 DS   [-WA]
GS =0010 0000000000000000 ffffffff 00cf9300 DPL=0 DS   [-WA]
LDT=0000 0000000000000000 0000ffff 00008200 DPL=0 LDT
TR =0000 0000000000000000 0000ffff 00008b00 DPL=0 TSS64-busy
GDT=     00000000001918c0 00000017
IDT=     00000000001900a0 00000fff
CR0=80000011 CR2=0000000000000000 CR3=0000000000104000 CR4=00000020
DR0=0000000000000000 DR1=0000000000000000 DR2=0000000000000000 DR3=0000000000000000 
DR6=00000000ffff0ff0 DR7=0000000000000400
CCS=0000000000000095 CCD=fffffffffffffff6 CCO=EFLAGS
EFER=0000000000000500
Servicing hardware INT=0x20
   278: v=20 e=0000 i=0 cpl=0 IP=0008:00000000001015d5 pc=00000000001015d5 SP=0010:0000000000107f58 env->regs[R_EAX]=0000000000000015
RAX=0000000000000015 RBX=0000000000000000 RCX=0000000000000001 RDX=00000000000003d5
RSI=00000000000000a0 RDI=000000000000012c RBP=0000000000107f70 RSP=0000000000107f58
R8 =0000000000000000 R9 =0000000000000000 R10=0000000000000000 R11=0000000000000000
R12=0000000000000000 R13=0000000000000000 R14=0000000000000000 R15=0000000000000000
RIP=00000000001015d5 RFL=00000293 [--S-A-C] CPL=0 II=0 A20=1 SMM=0 HLT=0
ES =0010 0000000000000000 ffffffff 00cf9300 DPL=0 DS   [-WA]
CS =0008 0000000000000000 ffffffff 00af9a00 DPL=0 CS64 [-R-]
SS =0010 0000000000000000 ffffffff 00cf9300 DPL=0 DS   [-WA]
DS =0010 0000000000000000 ffffffff 00cf9300 DPL=0 DS   [-WA]
FS =0010 0000000000000000 ffffffff 00cf9300 DPL=0 DS   [-WA]
GS =0010 0000000000000000 ffffffff 00cf9300 DPL=0 DS   [-WA]
LDT=0000 0000000000000000 0000ffff 00008200 DPL=0 LDT
TR =0000 0000000000000000 0000ffff 00008b00 DPL=0 TSS64-busy
GDT=     00000000001918c0 00000017
IDT=     00000000001900a0 00000fff
CR0=80000011 CR2=0000000000000000 CR3=0000000000104000 CR4=00000020
DR0=0000000000000000 DR1=0000000000000000 DR2=0000000000000000 DR3=0000000000000000 
DR6=00000000ffff0ff0 DR7=0000000000000400
CCS=0000000000000091 CCD=fffffffffffffff7 CCO=EFLAGS
EFER=0000000000000500
Servicing hardware INT=0x20
   279: v=20 e=0000 i=0 cpl=0 IP=0008:00000000001015d5 pc=00000000001015d5 SP=0010:0000000000107f58 env->regs[R_EAX]=0000000000000016
RAX=0000000000000016 RBX=0000000000000000 RCX=0000000000000001 RDX=00000000000003d5
RSI=00000000000000a0 RDI=000000000000012c RBP=0000000000107f70 RSP=0000000000107f58
R8 =0000000000000000 R9 =0000000000000000 R10=0000000000000000 R11=0000000000000000
R12=0000000000000000 R13=0000000000000000 R14=0000000000000000 R15=0000000000000000
RIP=00000000001015d5 RFL=00000293 [--S-A-C] CPL=0 II=0 A20=1 SMM=0 HLT=0
ES =0010 0000000000000000 ffffffff 00cf9300 DPL=0 DS   [-WA]
CS =0008 0000000000000000 ffffffff 00af9a00 DPL=0 CS64 [-R-]
SS =0010 0000000000000000 ffffffff 00cf9300 DPL=0 DS   [-WA]
DS =0010 0000000000000000 ffffffff 00cf9300 DPL=0 DS   [-WA]
FS =0010 0000000000000000 ffffffff 00cf9300 DPL=0 DS   [-WA]
GS =0010 0000000000000000 ffffffff 00cf9300 DPL=0 DS   [-WA]
LDT=0000 0000000000000000 0000ffff 00008200 DPL=0 LDT
TR =0000 0000000000000000 0000ffff 00008b00 DPL=0 TSS64-busy
GDT=     00000000001918c0 00000017
IDT=     00000000001900a0 00000fff
CR0=80000011 CR2=0000000000000000 CR3=0000000000104000 CR4=00000020
DR0=0000000000000000 DR1=0000000000000000 DR2=0000000000000000 DR3=0000000000000000 
DR6=00000000ffff0ff0 DR7=0000000000000400
CCS=0000000000000091 CCD=fffffffffffffff8 CCO=EFLAGS
EFER=0000000000000500
Servicing hardware INT=0x20
   280: v=20 e=0000 i=0 cpl=0 IP=0008:00000000001015d5 pc=00000000001015d5 SP=0010:0000000000107f58 env->regs[R_EAX]=0000000000000017
RAX=0000000000000017 RBX=0000000000000000 RCX=0000000000000001 RDX=00000000000003d5
RSI=00000000000000a0 RDI=000000000000012c RBP=0000000000107f70 RSP=0000000000107f58
R8 =0000000000000000 R9 =0000000000000000 R10=0000000000000000 R11=0000000000000000
R12=0000000000000000 R13=0000000000000000 R14=0000000000000000 R15=0000000000000000
RIP=00000000001015d5 RFL=00000297 [--S-APC] CPL=0 II=0 A20=1 SMM=0 HLT=0
ES =0010 0000000000000000 ffffffff 00cf9300 DPL=0 DS   [-WA]
CS =0008 0000000000000000 ffffffff 00af9a00 DPL=0 CS64 [-R-]
SS =0010 0000000000000000 ffffffff 00cf9300 DPL=0 DS   [-WA]
DS =0010 0000000000000000 ffffffff 00cf9300 DPL=0 DS   [-WA]
FS =0010 0000000000000000 ffffffff 00cf9300 DPL=0 DS   [-WA]
GS =0010 0000000000000000 ffffffff 00cf9300 DPL=0 DS   [-WA]
LDT=0000 0000000000000000 0000ffff 00008200 DPL=0 LDT
TR =0000 0000000000000000 0000ffff 00008b00 DPL=0 TSS64-busy
GDT=     00000000001918c0 00000017
IDT=     00000000001900a0 00000fff
CR0=80000011 CR2=0000000000000000 CR3=0000000000104000 CR4=00000020
DR0=0000000000000000 DR1=0000000000000000 DR2=0000000000000000 DR3=0000000000000000 
DR6=00000000ffff0ff0 DR7=0000000000000400
CCS=0000000000000095 CCD=fffffffffffffff9 CCO=EFLAGS
EFER=0000000000000500
Servicing hardware INT=0x20
   281: v=20 e=0000 i=0 cpl=0 IP=0008:00000000001015d5 pc=00000000001015d5 SP=0010:0000000000107f58 env->regs[R_EAX]=0000000000000018
RAX=0000000000000018 RBX=0000000000000000 RCX=0000000000000001 RDX=00000000000003d5
RSI=00000000000000a0 RDI=000000000000012c RBP=0000000000107f70 RSP=0000000000107f58
R8 =0000000000000000 R9 =0000000000000000 R10=0000000000000000 R11=0000000000000000
R12=0000000000000000 R13=0000000000000000 R14=0000000000000000 R15=0000000000000000
RIP=00000000001015d5 RFL=00000297 [--S-APC] CPL=0 II=0 A20=1 SMM=0 HLT=0
ES =0010 0000000000000000 ffffffff 00cf9300 DPL=0 DS   [-WA]
CS =0008 0000000000000000 ffffffff 00af9a00 DPL=0 CS64 [-R-]
SS =0010 0000000000000000 ffffffff 00cf9300 DPL=0 DS   [-WA]
DS =0010 0000000000000000 ffffffff 00cf9300 DPL=0 DS   [-WA]
FS =0010 0000000000000000 ffffffff 00cf9300 DPL=0 DS   [-WA]
GS =0010 0000000000000000 ffffffff 00cf9300 DPL=0 DS   [-WA]
LDT=0000 0000000000000000 0000ffff 00008200 DPL=0 LDT
TR =0000 0000000000000000 0000ffff 00008b00 DPL=0 TSS64-busy
GDT=     00000000001918c0 00000017
IDT=     00000000001900a0 00000fff
CR0=80000011 CR2=0000000000000000 CR3=0000000000104000 CR4=00000020
DR0=0000000000000000 DR1=0000000000000000 DR2=0000000000000000 DR3=0000000000000000 
DR6=00000000ffff0ff0 DR7=0000000000000400
CCS=0000000000000095 CCD=fffffffffffffffa CCO=EFLAGS
EFER=0000000000000500
Servicing hardware INT=0x20
   282: v=20 e=0000 i=0 cpl=0 IP=0008:00000000001015d5 pc=00000000001015d5 SP=0010:0000000000107f58 env->regs[R_EAX]=0000000000000019
RAX=0000000000000019 RBX=0000000000000000 RCX=0000000000000001 RDX=00000000000003d5
RSI=00000000000000a0 RDI=000000000000012c RBP=0000000000107f70 RSP=0000000000107f58
R8 =0000000000000000 R9 =0000000000000000 R10=0000000000000000 R11=0000000000000000
R12=0000000000000000 R13=0000000000000000 R14=0000000000000000 R15=0000000000000000
RIP=00000000001015d5 RFL=00000293 [--S-A-C] CPL=0 II=0 A20=1 SMM=0 HLT=0
ES =0010 0000000000000000 ffffffff 00cf9300 DPL=0 DS   [-WA]
CS =0008 0000000000000000 ffffffff 00af9a00 DPL=0 CS64 [-R-]
SS =0010 0000000000000000 ffffffff 00cf9300 DPL=0 DS   [-WA]
DS =0010 0000000000000000 ffffffff 00cf9300 DPL=0 DS   [-WA]
FS =0010 0000000000000000 ffffffff 00cf9300 DPL=0 DS   [-WA]
GS =0010 0000000000000000 ffffffff 00cf9300 DPL=0 DS   [-WA]
LDT=0000 0000000000000000 0000ffff 00008200 DPL=0 LDT
TR =0000 0000000000000000 0000ffff 00008b00 DPL=0 TSS64-busy
GDT=     00000000001918c0 00000017
IDT=     00000000001900a0 00000fff
CR0=80000011 CR2=0000000000000000 CR3=0000000000104000 CR4=00000020
DR0=0000000000000000 DR1=0000000000000000 DR2=0000000000000000 DR3=0000000000000000 
DR6=00000000ffff0ff0 DR7=0000000000000400
CCS=0000000000000091 CCD=fffffffffffffffb CCO=EFLAGS
EFER=0000000000000500
Servicing hardware INT=0x20
   283: v=20 e=0000 i=0 cpl=0 IP=0008:00000000001015d5 pc=00000000001015d5 SP=0010:0000000000107f58 env->regs[R_EAX]=000000000000001a
RAX=000000000000001a RBX=0000000000000000 RCX=0000000000000001 RDX=00000000000003d5
RSI=00000000000000a0 RDI=000000000000012c RBP=0000000000107f70 RSP=0000000000107f58
R8 =0000000000000000 R9 =0000000000000000 R10=0000000000000000 R11=0000000000000000
R12=0000000000000000 R13=0000000000000000 R14=0000000000000000 R15=0000000000000000
RIP=00000000001015d5 RFL=00000297 [--S-APC] CPL=0 II=0 A20=1 SMM=0 HLT=0
ES =0010 0000000000000000 ffffffff 00cf9300 DPL=0 DS   [-WA]
CS =0008 0000000000000000 ffffffff 00af9a00 DPL=0 CS64 [-R-]
SS =0010 0000000000000000 ffffffff 00cf9300 DPL=0 DS   [-WA]
DS =0010 0000000000000000 ffffffff 00cf9300 DPL=0 DS   [-WA]
FS =0010 0000000000000000 ffffffff 00cf9300 DPL=0 DS   [-WA]
GS =0010 0000000000000000 ffffffff 00cf9300 DPL=0 DS   [-WA]
LDT=0000 0000000000000000 0000ffff 00008200 DPL=0 LDT
TR =0000 0000000000000000 0000ffff 00008b00 DPL=0 TSS64-busy
GDT=     00000000001918c0 00000017
IDT=     00000000001900a0 00000fff
CR0=80000011 CR2=0000000000000000 CR3=0000000000104000 CR4=00000020
DR0=0000000000000000 DR1=0000000000000000 DR2=0000000000000000 DR3=0000000000000000 
DR6=00000000ffff0ff0 DR7=0000000000000400
CCS=0000000000000095 CCD=fffffffffffffffc CCO=EFLAGS
EFER=0000000000000500
Servicing hardware INT=0x20
   284: v=20 e=0000 i=0 cpl=0 IP=0008:00000000001015d5 pc=00000000001015d5 SP=0010:0000000000107f58 env->regs[R_EAX]=000000000000001b
RAX=000000000000001b RBX=0000000000000000 RCX=0000000000000001 RDX=00000000000003d5
RSI=00000000000000a0 RDI=000000000000012c RBP=0000000000107f70 RSP=0000000000107f58
R8 =0000000000000000 R9 =0000000000000000 R10=0000000000000000 R11=0000000000000000
R12=0000000000000000 R13=0000000000000000 R14=0000000000000000 R15=0000000000000000
RIP=00000000001015d5 RFL=00000293 [--S-A-C] CPL=0 II=0 A20=1 SMM=0 HLT=0
ES =0010 0000000000000000 ffffffff 00cf9300 DPL=0 DS   [-WA]
CS =0008 0000000000000000 ffffffff 00af9a00 DPL=0 CS64 [-R-]
SS =0010 0000000000000000 ffffffff 00cf9300 DPL=0 DS   [-WA]
DS =0010 0000000000000000 ffffffff 00cf9300 DPL=0 DS   [-WA]
FS =0010 0000000000000000 ffffffff 00cf9300 DPL=0 DS   [-WA]
GS =0010 0000000000000000 ffffffff 00cf9300 DPL=0 DS   [-WA]
LDT=0000 0000000000000000 0000ffff 00008200 DPL=0 LDT
TR =0000 0000000000000000 0000ffff 00008b00 DPL=0 TSS64-busy
GDT=     00000000001918c0 00000017
IDT=     00000000001900a0 00000fff
CR0=80000011 CR2=0000000000000000 CR3=0000000000104000 CR4=00000020
DR0=0000000000000000 DR1=0000000000000000 DR2=0000000000000000 DR3=0000000000000000 
DR6=00000000ffff0ff0 DR7=0000000000000400
CCS=0000000000000091 CCD=fffffffffffffffd CCO=EFLAGS
EFER=0000000000000500
Servicing hardware INT=0x20
   285: v=20 e=0000 i=0 cpl=0 IP=0008:00000000001015d5 pc=00000000001015d5 SP=0010:0000000000107f58 env->regs[R_EAX]=000000000000001c
RAX=000000000000001c RBX=0000000000000000 RCX=0000000000000001 RDX=00000000000003d5
RSI=00000000000000a0 RDI=000000000000012c RBP=0000000000107f70 RSP=0000000000107f58
R8 =0000000000000000 R9 =0000000000000000 R10=0000000000000000 R11=0000000000000000
R12=0000000000000000 R13=0000000000000000 R14=0000000000000000 R15=0000000000000000
RIP=00000000001015d5 RFL=00000293 [--S-A-C] CPL=0 II=0 A20=1 SMM=0 HLT=0
ES =0010 0000000000000000 ffffffff 00cf9300 DPL=0 DS   [-WA]
CS =0008 0000000000000000 ffffffff 00af9a00 DPL=0 CS64 [-R-]
SS =0010 0000000000000000 ffffffff 00cf9300 DPL=0 DS   [-WA]
DS =0010 0000000000000000 ffffffff 00cf9300 DPL=0 DS   [-WA]
FS =0010 0000000000000000 ffffffff 00cf9300 DPL=0 DS   [-WA]
GS =0010 0000000000000000 ffffffff 00cf9300 DPL=0 DS   [-WA]
LDT=0000 0000000000000000 0000ffff 00008200 DPL=0 LDT
TR =0000 0000000000000000 0000ffff 00008b00 DPL=0 TSS64-busy
GDT=     00000000001918c0 00000017
IDT=     00000000001900a0 00000fff
CR0=80000011 CR2=0000000000000000 CR3=0000000000104000 CR4=00000020
DR0=0000000000000000 DR1=0000000000000000 DR2=0000000000000000 DR3=0000000000000000 
DR6=00000000ffff0ff0 DR7=0000000000000400
CCS=0000000000000091 CCD=fffffffffffffffe CCO=EFLAGS
EFER=0000000000000500
Servicing hardware INT=0x20
   286: v=20 e=0000 i=0 cpl=0 IP=0008:00000000001015d5 pc=00000000001015d5 SP=0010:0000000000107f58 env->regs[R_EAX]=000000000000001d
RAX=000000000000001d RBX=0000000000000000 RCX=0000000000000001 RDX=00000000000003d5
RSI=00000000000000a0 RDI=000000000000012c RBP=0000000000107f70 RSP=0000000000107f58
R8 =0000000000000000 R9 =0000000000000000 R10=0000000000000000 R11=0000000000000000
R12=0000000000000000 R13=0000000000000000 R14=0000000000000000 R15=0000000000000000
RIP=00000000001015d5 RFL=00000297 [--S-APC] CPL=0 II=0 A20=1 SMM=0 HLT=0
ES =0010 0000000000000000 ffffffff 00cf9300 DPL=0 DS   [-WA]
CS =0008 0000000000000000 ffffffff 00af9a00 DPL=0 CS64 [-R-]
SS =0010 0000000000000000 ffffffff 00cf9300 DPL=0 DS   [-WA]
DS =0010 0000000000000000 ffffffff 00cf9300 DPL=0 DS   [-WA]
FS =0010 0000000000000000 ffffffff 00cf9300 DPL=0 DS   [-WA]
GS =0010 0000000000000000 ffffffff 00cf9300 DPL=0 DS   [-WA]
LDT=0000 0000000000000000 0000ffff 00008200 DPL=0 LDT
TR =0000 0000000000000000 0000ffff 00008b00 DPL=0 TSS64-busy
GDT=     00000000001918c0 00000017
IDT=     00000000001900a0 00000fff
CR0=80000011 CR2=0000000000000000 CR3=0000000000104000 CR4=00000020
DR0=0000000000000000 DR1=0000000000000000 DR2=0000000000000000 DR3=0000000000000000 
DR6=00000000ffff0ff0 DR7=0000000000000400
CCS=0000000000000095 CCD=ffffffffffffffff CCO=EFLAGS
EFER=0000000000000500
Servicing hardware INT=0x20
   287: v=20 e=0000 i=0 cpl=0 IP=0008:0000000000100cd9 pc=0000000000100cd9 SP=0010:0000000000107f40 env->regs[R_EAX]=0000000000000000
RAX=0000000000000000 RBX=0000000000000000 RCX=0000000000000013 RDX=0000000000000000
RSI=00000000000000d0 RDI=00000000388d3000 RBP=0000000000107f70 RSP=0000000000107f40
R8 =0000000000000000 R9 =0000000000000000 R10=0000000000000000 R11=0000000000000000
R12=0000000000000000 R13=0000000000000000 R14=0000000000000000 R15=0000000000000000
RIP=0000000000100cd9 RFL=00000246 [---Z-P-] CPL=0 II=0 A20=1 SMM=0 HLT=0
ES =0010 0000000000000000 ffffffff 00cf9300 DPL=0 DS   [-WA]
CS =0008 0000000000000000 ffffffff 00af9a00 DPL=0 CS64 [-R-]
SS =0010 0000000000000000 ffffffff 00cf9300 DPL=0 DS   [-WA]
DS =0010 0000000000000000 ffffffff 00cf9300 DPL=0 DS   [-WA]
FS =0010 0000000000000000 ffffffff 00cf9300 DPL=0 DS   [-WA]
GS =0010 0000000000000000 ffffffff 00cf9300 DPL=0 DS   [-WA]
LDT=0000 0000000000000000 0000ffff 00008200 DPL=0 LDT
TR =0000 0000000000000000 0000ffff 00008b00 DPL=0 TSS64-busy
GDT=     00000000001918c0 00000017
IDT=     00000000001900a0 00000fff
CR0=80000011 CR2=0000000000000000 CR3=0000000000104000 CR4=00000020
DR0=0000000000000000 DR1=0000000000000000 DR2=0000000000000000 DR3=0000000000000000 
DR6=00000000ffff0ff0 DR7=0000000000000400
CCS=0000000000000044 CCD=0000000000000000 CCO=EFLAGS
EFER=0000000000000500
Servicing hardware INT=0x20
   288: v=20 e=0000 i=0 cpl=0 IP=0008:0000000000100cd9 pc=0000000000100cd9 SP=0010:0000000000107f40 env->regs[R_EAX]=0000000000000000
RAX=0000000000000000 RBX=0000000000000000 RCX=000000000000001f RDX=0000000000000000
RSI=00000000000000d0 RDI=000000007c07f000 RBP=0000000000107f70 RSP=0000000000107f40
R8 =0000000000000000 R9 =0000000000000000 R10=0000000000000000 R11=0000000000000000
R12=0000000000000000 R13=0000000000000000 R14=0000000000000000 R15=0000000000000000
RIP=0000000000100cd9 RFL=00000246 [---Z-P-] CPL=0 II=0 A20=1 SMM=0 HLT=0
ES =0010 0000000000000000 ffffffff 00cf9300 DPL=0 DS   [-WA]
CS =0008 0000000000000000 ffffffff 00af9a00 DPL=0 CS64 [-R-]
SS =0010 0000000000000000 ffffffff 00cf9300 DPL=0 DS   [-WA]
DS =0010 0000000000000000 ffffffff 00cf9300 DPL=0 DS   [-WA]
FS =0010 0000000000000000 ffffffff 00cf9300 DPL=0 DS   [-WA]
GS =0010 0000000000000000 ffffffff 00cf9300 DPL=0 DS   [-WA]
LDT=0000 0000000000000000 0000ffff 00008200 DPL=0 LDT
TR =0000 0000000000000000 0000ffff 00008b00 DPL=0 TSS64-busy
GDT=     00000000001918c0 00000017
IDT=     00000000001900a0 00000fff
CR0=80000011 CR2=0000000000000000 CR3=0000000000104000 CR4=00000020
DR0=0000000000000000 DR1=0000000000000000 DR2=0000000000000000 DR3=0000000000000000 
DR6=00000000ffff0ff0 DR7=0000000000000400
CCS=0000000000000044 CCD=0000000000000000 CCO=EFLAGS
EFER=0000000000000500
Servicing hardware INT=0x20
   289: v=20 e=0000 i=0 cpl=0 IP=0008:00000000001015d5 pc=00000000001015d5 SP=0010:0000000000107f48 env->regs[R_EAX]=0000000000000000
RAX=0000000000000000 RBX=0000000000000000 RCX=0000000000000002 RDX=0000000000000061
RSI=0000000000000023 RDI=0000000000000064 RBP=0000000000107f60 RSP=0000000000107f48
R8 =0000000000000000 R9 =0000000000000000 R10=0000000000000000 R11=0000000000000000
R12=0000000000000000 R13=0000000000000000 R14=0000000000000000 R15=0000000000000000
RIP=00000000001015d5 RFL=00000297 [--S-APC] CPL=0 II=0 A20=1 SMM=0 HLT=0
ES =0010 0000000000000000 ffffffff 00cf9300 DPL=0 DS   [-WA]
CS =0008 0000000000000000 ffffffff 00af9a00 DPL=0 CS64 [-R-]
SS =0010 0000000000000000 ffffffff 00cf9300 DPL=0 DS   [-WA]
DS =0010 0000000000000000 ffffffff 00cf9300 DPL=0 DS   [-WA]
FS =0010 0000000000000000 ffffffff 00cf9300 DPL=0 DS   [-WA]
GS =0010 0000000000000000 ffffffff 00cf9300 DPL=0 DS   [-WA]
LDT=0000 0000000000000000 0000ffff 00008200 DPL=0 LDT
TR =0000 0000000000000000 0000ffff 00008b00 DPL=0 TSS64-busy
GDT=     00000000001918c0 00000017
IDT=     00000000001900a0 00000fff
CR0=80000011 CR2=0000000000000000 CR3=0000000000104000 CR4=00000020
DR0=0000000000000000 DR1=0000000000000000 DR2=0000000000000000 DR3=0000000000000000 
DR6=00000000ffff0ff0 DR7=0000000000000400
CCS=0000000000000095 CCD=fffffffffffffff6 CCO=EFLAGS
EFER=0000000000000500
Servicing hardware INT=0x20
   290: v=20 e=0000 i=0 cpl=0 IP=0008:00000000001015d5 pc=00000000001015d5 SP=0010:0000000000107f48 env->regs[R_EAX]=0000000000000001
RAX=0000000000000001 RBX=0000000000000000 RCX=0000000000000002 RDX=0000000000000061
RSI=0000000000000023 RDI=0000000000000064 RBP=0000000000107f60 RSP=0000000000107f48
R8 =0000000000000000 R9 =0000000000000000 R10=0000000000000000 R11=0000000000000000
R12=0000000000000000 R13=0000000000000000 R14=0000000000000000 R15=0000000000000000
RIP=00000000001015d5 RFL=00000293 [--S-A-C] CPL=0 II=0 A20=1 SMM=0 HLT=0
ES =0010 0000000000000000 ffffffff 00cf9300 DPL=0 DS   [-WA]
CS =0008 0000000000000000 ffffffff 00af9a00 DPL=0 CS64 [-R-]
SS =0010 0000000000000000 ffffffff 00cf9300 DPL=0 DS   [-WA]
DS =0010 0000000000000000 ffffffff 00cf9300 DPL=0 DS   [-WA]
FS =0010 0000000000000000 ffffffff 00cf9300 DPL=0 DS   [-WA]
GS =0010 0000000000000000 ffffffff 00cf9300 DPL=0 DS   [-WA]
LDT=0000 0000000000000000 0000ffff 00008200 DPL=0 LDT
TR =0000 0000000000000000 0000ffff 00008b00 DPL=0 TSS64-busy
GDT=     00000000001918c0 00000017
IDT=     00000000001900a0 00000fff
CR0=80000011 CR2=0000000000000000 CR3=0000000000104000 CR4=00000020
DR0=0000000000000000 DR1=0000000000000000 DR2=0000000000000000 DR3=0000000000000000 
DR6=00000000ffff0ff0 DR7=0000000000000400
CCS=0000000000000091 CCD=fffffffffffffff7 CCO=EFLAGS
EFER=0000000000000500
Servicing hardware INT=0x20
   291: v=20 e=0000 i=0 cpl=0 IP=0008:00000000001015d5 pc=00000000001015d5 SP=0010:0000000000107f48 env->regs[R_EAX]=0000000000000002
RAX=0000000000000002 RBX=0000000000000000 RCX=0000000000000002 RDX=0000000000000061
RSI=0000000000000023 RDI=0000000000000064 RBP=0000000000107f60 RSP=0000000000107f48
R8 =0000000000000000 R9 =0000000000000000 R10=0000000000000000 R11=0000000000000000
R12=0000000000000000 R13=0000000000000000 R14=0000000000000000 R15=0000000000000000
RIP=00000000001015d5 RFL=00000293 [--S-A-C] CPL=0 II=0 A20=1 SMM=0 HLT=0
ES =0010 0000000000000000 ffffffff 00cf9300 DPL=0 DS   [-WA]
CS =0008 0000000000000000 ffffffff 00af9a00 DPL=0 CS64 [-R-]
SS =0010 0000000000000000 ffffffff 00cf9300 DPL=0 DS   [-WA]
DS =0010 0000000000000000 ffffffff 00cf9300 DPL=0 DS   [-WA]
FS =0010 0000000000000000 ffffffff 00cf9300 DPL=0 DS   [-WA]
GS =0010 0000000000000000 ffffffff 00cf9300 DPL=0 DS   [-WA]
LDT=0000 0000000000000000 0000ffff 00008200 DPL=0 LDT
TR =0000 0000000000000000 0000ffff 00008b00 DPL=0 TSS64-busy
GDT=     00000000001918c0 00000017
IDT=     00000000001900a0 00000fff
CR0=80000011 CR2=0000000000000000 CR3=0000000000104000 CR4=00000020
DR0=0000000000000000 DR1=0000000000000000 DR2=0000000000000000 DR3=0000000000000000 
DR6=00000000ffff0ff0 DR7=0000000000000400
CCS=0000000000000091 CCD=fffffffffffffff8 CCO=EFLAGS
EFER=0000000000000500
Servicing hardware INT=0x20
   292: v=20 e=0000 i=0 cpl=0 IP=0008:00000000001015d5 pc=00000000001015d5 SP=0010:0000000000107f48 env->regs[R_EAX]=0000000000000003
RAX=0000000000000003 RBX=0000000000000000 RCX=0000000000000002 RDX=0000000000000061
RSI=0000000000000023 RDI=0000000000000064 RBP=0000000000107f60 RSP=0000000000107f48
R8 =0000000000000000 R9 =0000000000000000 R10=0000000000000000 R11=0000000000000000
R12=0000000000000000 R13=0000000000000000 R14=0000000000000000 R15=0000000000000000
RIP=00000000001015d5 RFL=00000297 [--S-APC] CPL=0 II=0 A20=1 SMM=0 HLT=0
ES =0010 0000000000000000 ffffffff 00cf9300 DPL=0 DS   [-WA]
CS =0008 0000000000000000 ffffffff 00af9a00 DPL=0 CS64 [-R-]
SS =0010 0000000000000000 ffffffff 00cf9300 DPL=0 DS   [-WA]
DS =0010 0000000000000000 ffffffff 00cf9300 DPL=0 DS   [-WA]
FS =0010 0000000000000000 ffffffff 00cf9300 DPL=0 DS   [-WA]
GS =0010 0000000000000000 ffffffff 00cf9300 DPL=0 DS   [-WA]
LDT=0000 0000000000000000 0000ffff 00008200 DPL=0 LDT
TR =0000 0000000000000000 0000ffff 00008b00 DPL=0 TSS64-busy
GDT=     00000000001918c0 00000017
IDT=     00000000001900a0 00000fff
CR0=80000011 CR2=0000000000000000 CR3=0000000000104000 CR4=00000020
DR0=0000000000000000 DR1=0000000000000000 DR2=0000000000000000 DR3=0000000000000000 
DR6=00000000ffff0ff0 DR7=0000000000000400
CCS=0000000000000095 CCD=fffffffffffffff9 CCO=EFLAGS
EFER=0000000000000500
Servicing hardware INT=0x20
   293: v=20 e=0000 i=0 cpl=0 IP=0008:00000000001015d5 pc=00000000001015d5 SP=0010:0000000000107f48 env->regs[R_EAX]=0000000000000004
RAX=0000000000000004 RBX=0000000000000000 RCX=0000000000000002 RDX=0000000000000061
RSI=0000000000000023 RDI=0000000000000064 RBP=0000000000107f60 RSP=0000000000107f48
R8 =0000000000000000 R9 =0000000000000000 R10=0000000000000000 R11=0000000000000000
R12=0000000000000000 R13=0000000000000000 R14=0000000000000000 R15=0000000000000000
RIP=00000000001015d5 RFL=00000297 [--S-APC] CPL=0 II=0 A20=1 SMM=0 HLT=0
ES =0010 0000000000000000 ffffffff 00cf9300 DPL=0 DS   [-WA]
CS =0008 0000000000000000 ffffffff 00af9a00 DPL=0 CS64 [-R-]
SS =0010 0000000000000000 ffffffff 00cf9300 DPL=0 DS   [-WA]
DS =0010 0000000000000000 ffffffff 00cf9300 DPL=0 DS   [-WA]
FS =0010 0000000000000000 ffffffff 00cf9300 DPL=0 DS   [-WA]
GS =0010 0000000000000000 ffffffff 00cf9300 DPL=0 DS   [-WA]
LDT=0000 0000000000000000 0000ffff 00008200 DPL=0 LDT
TR =0000 0000000000000000 0000ffff 00008b00 DPL=0 TSS64-busy
GDT=     00000000001918c0 00000017
IDT=     00000000001900a0 00000fff
CR0=80000011 CR2=0000000000000000 CR3=0000000000104000 CR4=00000020
DR0=0000000000000000 DR1=0000000000000000 DR2=0000000000000000 DR3=0000000000000000 
DR6=00000000ffff0ff0 DR7=0000000000000400
CCS=0000000000000095 CCD=fffffffffffffffa CCO=EFLAGS
EFER=0000000000000500
Servicing hardware INT=0x20
   294: v=20 e=0000 i=0 cpl=0 IP=0008:00000000001015d5 pc=00000000001015d5 SP=0010:0000000000107f48 env->regs[R_EAX]=0000000000000005
RAX=0000000000000005 RBX=0000000000000000 RCX=0000000000000002 RDX=0000000000000061
RSI=0000000000000023 RDI=0000000000000064 RBP=0000000000107f60 RSP=0000000000107f48
R8 =0000000000000000 R9 =0000000000000000 R10=0000000000000000 R11=0000000000000000
R12=0000000000000000 R13=0000000000000000 R14=0000000000000000 R15=0000000000000000
RIP=00000000001015d5 RFL=00000293 [--S-A-C] CPL=0 II=0 A20=1 SMM=0 HLT=0
ES =0010 0000000000000000 ffffffff 00cf9300 DPL=0 DS   [-WA]
CS =0008 0000000000000000 ffffffff 00af9a00 DPL=0 CS64 [-R-]
SS =0010 0000000000000000 ffffffff 00cf9300 DPL=0 DS   [-WA]
DS =0010 0000000000000000 ffffffff 00cf9300 DPL=0 DS   [-WA]
FS =0010 0000000000000000 ffffffff 00cf9300 DPL=0 DS   [-WA]
GS =0010 0000000000000000 ffffffff 00cf9300 DPL=0 DS   [-WA]
LDT=0000 0000000000000000 0000ffff 00008200 DPL=0 LDT
TR =0000 0000000000000000 0000ffff 00008b00 DPL=0 TSS64-busy
GDT=     00000000001918c0 00000017
IDT=     00000000001900a0 00000fff
CR0=80000011 CR2=0000000000000000 CR3=0000000000104000 CR4=00000020
DR0=0000000000000000 DR1=0000000000000000 DR2=0000000000000000 DR3=0000000000000000 
DR6=00000000ffff0ff0 DR7=0000000000000400
CCS=0000000000000091 CCD=fffffffffffffffb CCO=EFLAGS
EFER=0000000000000500
Servicing hardware INT=0x20
   295: v=20 e=0000 i=0 cpl=0 IP=0008:00000000001015d5 pc=00000000001015d5 SP=0010:0000000000107f48 env->regs[R_EAX]=0000000000000006
RAX=0000000000000006 RBX=0000000000000000 RCX=0000000000000002 RDX=0000000000000061
RSI=0000000000000023 RDI=0000000000000064 RBP=0000000000107f60 RSP=0000000000107f48
R8 =0000000000000000 R9 =0000000000000000 R10=0000000000000000 R11=0000000000000000
R12=0000000000000000 R13=0000000000000000 R14=0000000000000000 R15=0000000000000000
RIP=00000000001015d5 RFL=00000297 [--S-APC] CPL=0 II=0 A20=1 SMM=0 HLT=0
ES =0010 0000000000000000 ffffffff 00cf9300 DPL=0 DS   [-WA]
CS =0008 0000000000000000 ffffffff 00af9a00 DPL=0 CS64 [-R-]
SS =0010 0000000000000000 ffffffff 00cf9300 DPL=0 DS   [-WA]
DS =0010 0000000000000000 ffffffff 00cf9300 DPL=0 DS   [-WA]
FS =0010 0000000000000000 ffffffff 00cf9300 DPL=0 DS   [-WA]
GS =0010 0000000000000000 ffffffff 00cf9300 DPL=0 DS   [-WA]
LDT=0000 0000000000000000 0000ffff 00008200 DPL=0 LDT
TR =0000 0000000000000000 0000ffff 00008b00 DPL=0 TSS64-busy
GDT=     00000000001918c0 00000017
IDT=     00000000001900a0 00000fff
CR0=80000011 CR2=0000000000000000 CR3=0000000000104000 CR4=00000020
DR0=0000000000000000 DR1=0000000000000000 DR2=0000000000000000 DR3=0000000000000000 
DR6=00000000ffff0ff0 DR7=0000000000000400
CCS=0000000000000095 CCD=fffffffffffffffc CCO=EFLAGS
EFER=0000000000000500
Servicing hardware INT=0x20
   296: v=20 e=0000 i=0 cpl=0 IP=0008:00000000001015d5 pc=00000000001015d5 SP=0010:0000000000107f48 env->regs[R_EAX]=0000000000000007
RAX=0000000000000007 RBX=0000000000000000 RCX=0000000000000002 RDX=0000000000000061
RSI=0000000000000023 RDI=0000000000000064 RBP=0000000000107f60 RSP=0000000000107f48
R8 =0000000000000000 R9 =0000000000000000 R10=0000000000000000 R11=0000000000000000
R12=0000000000000000 R13=0000000000000000 R14=0000000000000000 R15=0000000000000000
RIP=00000000001015d5 RFL=00000293 [--S-A-C] CPL=0 II=0 A20=1 SMM=0 HLT=0
ES =0010 0000000000000000 ffffffff 00cf9300 DPL=0 DS   [-WA]
CS =0008 0000000000000000 ffffffff 00af9a00 DPL=0 CS64 [-R-]
SS =0010 0000000000000000 ffffffff 00cf9300 DPL=0 DS   [-WA]
DS =0010 0000000000000000 ffffffff 00cf9300 DPL=0 DS   [-WA]
FS =0010 0000000000000000 ffffffff 00cf9300 DPL=0 DS   [-WA]
GS =0010 0000000000000000 ffffffff 00cf9300 DPL=0 DS   [-WA]
LDT=0000 0000000000000000 0000ffff 00008200 DPL=0 LDT
TR =0000 0000000000000000 0000ffff 00008b00 DPL=0 TSS64-busy
GDT=     00000000001918c0 00000017
IDT=     00000000001900a0 00000fff
CR0=80000011 CR2=0000000000000000 CR3=0000000000104000 CR4=00000020
DR0=0000000000000000 DR1=0000000000000000 DR2=0000000000000000 DR3=0000000000000000 
DR6=00000000ffff0ff0 DR7=0000000000000400
CCS=0000000000000091 CCD=fffffffffffffffd CCO=EFLAGS
EFER=0000000000000500
Servicing hardware INT=0x20
   297: v=20 e=0000 i=0 cpl=0 IP=0008:00000000001015d5 pc=00000000001015d5 SP=0010:0000000000107f48 env->regs[R_EAX]=0000000000000008
RAX=0000000000000008 RBX=0000000000000000 RCX=0000000000000002 RDX=0000000000000061
RSI=0000000000000023 RDI=0000000000000064 RBP=0000000000107f60 RSP=0000000000107f48
R8 =0000000000000000 R9 =0000000000000000 R10=0000000000000000 R11=0000000000000000
R12=0000000000000000 R13=0000000000000000 R14=0000000000000000 R15=0000000000000000
RIP=00000000001015d5 RFL=00000293 [--S-A-C] CPL=0 II=0 A20=1 SMM=0 HLT=0
ES =0010 0000000000000000 ffffffff 00cf9300 DPL=0 DS   [-WA]
CS =0008 0000000000000000 ffffffff 00af9a00 DPL=0 CS64 [-R-]
SS =0010 0000000000000000 ffffffff 00cf9300 DPL=0 DS   [-WA]
DS =0010 0000000000000000 ffffffff 00cf9300 DPL=0 DS   [-WA]
FS =0010 0000000000000000 ffffffff 00cf9300 DPL=0 DS   [-WA]
GS =0010 0000000000000000 ffffffff 00cf9300 DPL=0 DS   [-WA]
LDT=0000 0000000000000000 0000ffff 00008200 DPL=0 LDT
TR =0000 0000000000000000 0000ffff 00008b00 DPL=0 TSS64-busy
GDT=     00000000001918c0 00000017
IDT=     00000000001900a0 00000fff
CR0=80000011 CR2=0000000000000000 CR3=0000000000104000 CR4=00000020
DR0=0000000000000000 DR1=0000000000000000 DR2=0000000000000000 DR3=0000000000000000 
DR6=00000000ffff0ff0 DR7=0000000000000400
CCS=0000000000000091 CCD=fffffffffffffffe CCO=EFLAGS
EFER=0000000000000500
Servicing hardware INT=0x20
   298: v=20 e=0000 i=0 cpl=0 IP=0008:00000000001015d5 pc=00000000001015d5 SP=0010:0000000000107f48 env->regs[R_EAX]=0000000000000009
RAX=0000000000000009 RBX=0000000000000000 RCX=0000000000000002 RDX=0000000000000061
RSI=0000000000000023 RDI=0000000000000064 RBP=0000000000107f60 RSP=0000000000107f48
R8 =0000000000000000 R9 =0000000000000000 R10=0000000000000000 R11=0000000000000000
R12=0000000000000000 R13=0000000000000000 R14=0000000000000000 R15=0000000000000000
RIP=00000000001015d5 RFL=00000297 [--S-APC] CPL=0 II=0 A20=1 SMM=0 HLT=0
ES =0010 0000000000000000 ffffffff 00cf9300 DPL=0 DS   [-WA]
CS =0008 0000000000000000 ffffffff 00af9a00 DPL=0 CS64 [-R-]
SS =0010 0000000000000000 ffffffff 00cf9300 DPL=0 DS   [-WA]
DS =0010 0000000000000000 ffffffff 00cf9300 DPL=0 DS   [-WA]
FS =0010 0000000000000000 ffffffff 00cf9300 DPL=0 DS   [-WA]
GS =0010 0000000000000000 ffffffff 00cf9300 DPL=0 DS   [-WA]
LDT=0000 0000000000000000 0000ffff 00008200 DPL=0 LDT
TR =0000 0000000000000000 0000ffff 00008b00 DPL=0 TSS64-busy
GDT=     00000000001918c0 00000017
IDT=     00000000001900a0 00000fff
CR0=80000011 CR2=0000000000000000 CR3=0000000000104000 CR4=00000020
DR0=0000000000000000 DR1=0000000000000000 DR2=0000000000000000 DR3=0000000000000000 
DR6=00000000ffff0ff0 DR7=0000000000000400
CCS=0000000000000095 CCD=ffffffffffffffff CCO=EFLAGS
EFER=0000000000000500
Servicing hardware INT=0x20
   299: v=20 e=0000 i=0 cpl=0 IP=0008:00000000001015d5 pc=00000000001015d5 SP=0010:0000000000107f58 env->regs[R_EAX]=0000000000000000
RAX=0000000000000000 RBX=0000000000000000 RCX=0000000000000002 RDX=0000000000000061
RSI=0000000000000030 RDI=00000000000000c8 RBP=0000000000107f70 RSP=0000000000107f58
R8 =0000000000000000 R9 =0000000000000000 R10=0000000000000000 R11=0000000000000000
R12=0000000000000000 R13=0000000000000000 R14=0000000000000000 R15=0000000000000000
RIP=00000000001015d5 RFL=00000293 [--S-A-C] CPL=0 II=0 A20=1 SMM=0 HLT=0
ES =0010 0000000000000000 ffffffff 00cf9300 DPL=0 DS   [-WA]
CS =0008 0000000000000000 ffffffff 00af9a00 DPL=0 CS64 [-R-]
SS =0010 0000000000000000 ffffffff 00cf9300 DPL=0 DS   [-WA]
DS =0010 0000000000000000 ffffffff 00cf9300 DPL=0 DS   [-WA]
FS =0010 0000000000000000 ffffffff 00cf9300 DPL=0 DS   [-WA]
GS =0010 0000000000000000 ffffffff 00cf9300 DPL=0 DS   [-WA]
LDT=0000 0000000000000000 0000ffff 00008200 DPL=0 LDT
TR =0000 0000000000000000 0000ffff 00008b00 DPL=0 TSS64-busy
GDT=     00000000001918c0 00000017
IDT=     00000000001900a0 00000fff
CR0=80000011 CR2=0000000000000000 CR3=0000000000104000 CR4=00000020
DR0=0000000000000000 DR1=0000000000000000 DR2=0000000000000000 DR3=0000000000000000 
DR6=00000000ffff0ff0 DR7=0000000000000400
CCS=0000000000000091 CCD=ffffffffffffffec CCO=EFLAGS
EFER=0000000000000500
Servicing hardware INT=0x20
   300: v=20 e=0000 i=0 cpl=0 IP=0008:00000000001015d5 pc=00000000001015d5 SP=0010:0000000000107f58 env->regs[R_EAX]=0000000000000001
RAX=0000000000000001 RBX=0000000000000000 RCX=0000000000000002 RDX=0000000000000061
RSI=0000000000000030 RDI=00000000000000c8 RBP=0000000000107f70 RSP=0000000000107f58
R8 =0000000000000000 R9 =0000000000000000 R10=0000000000000000 R11=0000000000000000
R12=0000000000000000 R13=0000000000000000 R14=0000000000000000 R15=0000000000000000
RIP=00000000001015d5 RFL=00000297 [--S-APC] CPL=0 II=0 A20=1 SMM=0 HLT=0
ES =0010 0000000000000000 ffffffff 00cf9300 DPL=0 DS   [-WA]
CS =0008 0000000000000000 ffffffff 00af9a00 DPL=0 CS64 [-R-]
SS =0010 0000000000000000 ffffffff 00cf9300 DPL=0 DS   [-WA]
DS =0010 0000000000000000 ffffffff 00cf9300 DPL=0 DS   [-WA]
FS =0010 0000000000000000 ffffffff 00cf9300 DPL=0 DS   [-WA]
GS =0010 0000000000000000 ffffffff 00cf9300 DPL=0 DS   [-WA]
LDT=0000 0000000000000000 0000ffff 00008200 DPL=0 LDT
TR =0000 0000000000000000 0000ffff 00008b00 DPL=0 TSS64-busy
GDT=     00000000001918c0 00000017
IDT=     00000000001900a0 00000fff
CR0=80000011 CR2=0000000000000000 CR3=0000000000104000 CR4=00000020
DR0=0000000000000000 DR1=0000000000000000 DR2=0000000000000000 DR3=0000000000000000 
DR6=00000000ffff0ff0 DR7=0000000000000400
CCS=0000000000000095 CCD=ffffffffffffffed CCO=EFLAGS
EFER=0000000000000500
Servicing hardware INT=0x20
   301: v=20 e=0000 i=0 cpl=0 IP=0008:00000000001015d5 pc=00000000001015d5 SP=0010:0000000000107f58 env->regs[R_EAX]=0000000000000002
RAX=0000000000000002 RBX=0000000000000000 RCX=0000000000000002 RDX=0000000000000061
RSI=0000000000000030 RDI=00000000000000c8 RBP=0000000000107f70 RSP=0000000000107f58
R8 =0000000000000000 R9 =0000000000000000 R10=0000000000000000 R11=0000000000000000
R12=0000000000000000 R13=0000000000000000 R14=0000000000000000 R15=0000000000000000
RIP=00000000001015d5 RFL=00000297 [--S-APC] CPL=0 II=0 A20=1 SMM=0 HLT=0
ES =0010 0000000000000000 ffffffff 00cf9300 DPL=0 DS   [-WA]
CS =0008 0000000000000000 ffffffff 00af9a00 DPL=0 CS64 [-R-]
SS =0010 0000000000000000 ffffffff 00cf9300 DPL=0 DS   [-WA]
DS =0010 0000000000000000 ffffffff 00cf9300 DPL=0 DS   [-WA]
FS =0010 0000000000000000 ffffffff 00cf9300 DPL=0 DS   [-WA]
GS =0010 0000000000000000 ffffffff 00cf9300 DPL=0 DS   [-WA]
LDT=0000 0000000000000000 0000ffff 00008200 DPL=0 LDT
TR =0000 0000000000000000 0000ffff 00008b00 DPL=0 TSS64-busy
GDT=     00000000001918c0 00000017
IDT=     00000000001900a0 00000fff
CR0=80000011 CR2=0000000000000000 CR3=0000000000104000 CR4=00000020
DR0=0000000000000000 DR1=0000000000000000 DR2=0000000000000000 DR3=0000000000000000 
DR6=00000000ffff0ff0 DR7=0000000000000400
CCS=0000000000000095 CCD=ffffffffffffffee CCO=EFLAGS
EFER=0000000000000500
Servicing hardware INT=0x20
   302: v=20 e=0000 i=0 cpl=0 IP=0008:00000000001015d5 pc=00000000001015d5 SP=0010:0000000000107f58 env->regs[R_EAX]=0000000000000003
RAX=0000000000000003 RBX=0000000000000000 RCX=0000000000000002 RDX=0000000000000061
RSI=0000000000000030 RDI=00000000000000c8 RBP=0000000000107f70 RSP=0000000000107f58
R8 =0000000000000000 R9 =0000000000000000 R10=0000000000000000 R11=0000000000000000
R12=0000000000000000 R13=0000000000000000 R14=0000000000000000 R15=0000000000000000
RIP=00000000001015d5 RFL=00000293 [--S-A-C] CPL=0 II=0 A20=1 SMM=0 HLT=0
ES =0010 0000000000000000 ffffffff 00cf9300 DPL=0 DS   [-WA]
CS =0008 0000000000000000 ffffffff 00af9a00 DPL=0 CS64 [-R-]
SS =0010 0000000000000000 ffffffff 00cf9300 DPL=0 DS   [-WA]
DS =0010 0000000000000000 ffffffff 00cf9300 DPL=0 DS   [-WA]
FS =0010 0000000000000000 ffffffff 00cf9300 DPL=0 DS   [-WA]
GS =0010 0000000000000000 ffffffff 00cf9300 DPL=0 DS   [-WA]
LDT=0000 0000000000000000 0000ffff 00008200 DPL=0 LDT
TR =0000 0000000000000000 0000ffff 00008b00 DPL=0 TSS64-busy
GDT=     00000000001918c0 00000017
IDT=     00000000001900a0 00000fff
CR0=80000011 CR2=0000000000000000 CR3=0000000000104000 CR4=00000020
DR0=0000000000000000 DR1=0000000000000000 DR2=0000000000000000 DR3=0000000000000000 
DR6=00000000ffff0ff0 DR7=0000000000000400
CCS=0000000000000091 CCD=ffffffffffffffef CCO=EFLAGS
EFER=0000000000000500
Servicing hardware INT=0x20
   303: v=20 e=0000 i=0 cpl=0 IP=0008:00000000001015d5 pc=00000000001015d5 SP=0010:0000000000107f58 env->regs[R_EAX]=0000000000000004
RAX=0000000000000004 RBX=0000000000000000 RCX=0000000000000002 RDX=0000000000000061
RSI=0000000000000030 RDI=00000000000000c8 RBP=0000000000107f70 RSP=0000000000107f58
R8 =0000000000000000 R9 =0000000000000000 R10=0000000000000000 R11=0000000000000000
R12=0000000000000000 R13=0000000000000000 R14=0000000000000000 R15=0000000000000000
RIP=00000000001015d5 RFL=00000287 [--S--PC] CPL=0 II=0 A20=1 SMM=0 HLT=0
ES =0010 0000000000000000 ffffffff 00cf9300 DPL=0 DS   [-WA]
CS =0008 0000000000000000 ffffffff 00af9a00 DPL=0 CS64 [-R-]
SS =0010 0000000000000000 ffffffff 00cf9300 DPL=0 DS   [-WA]
DS =0010 0000000000000000 ffffffff 00cf9300 DPL=0 DS   [-WA]
FS =0010 0000000000000000 ffffffff 00cf9300 DPL=0 DS   [-WA]
GS =0010 0000000000000000 ffffffff 00cf9300 DPL=0 DS   [-WA]
LDT=0000 0000000000000000 0000ffff 00008200 DPL=0 LDT
TR =0000 0000000000000000 0000ffff 00008b00 DPL=0 TSS64-busy
GDT=     00000000001918c0 00000017
IDT=     00000000001900a0 00000fff
CR0=80000011 CR2=0000000000000000 CR3=0000000000104000 CR4=00000020
DR0=0000000000000000 DR1=0000000000000000 DR2=0000000000000000 DR3=0000000000000000 
DR6=00000000ffff0ff0 DR7=0000000000000400
CCS=0000000000000085 CCD=fffffffffffffff0 CCO=EFLAGS
EFER=0000000000000500
Servicing hardware INT=0x20
   304: v=20 e=0000 i=0 cpl=0 IP=0008:00000000001015d5 pc=00000000001015d5 SP=0010:0000000000107f58 env->regs[R_EAX]=0000000000000005
RAX=0000000000000005 RBX=0000000000000000 RCX=0000000000000002 RDX=0000000000000061
RSI=0000000000000030 RDI=00000000000000c8 RBP=0000000000107f70 RSP=0000000000107f58
R8 =0000000000000000 R9 =0000000000000000 R10=0000000000000000 R11=0000000000000000
R12=0000000000000000 R13=0000000000000000 R14=0000000000000000 R15=0000000000000000
RIP=00000000001015d5 RFL=00000283 [--S---C] CPL=0 II=0 A20=1 SMM=0 HLT=0
ES =0010 0000000000000000 ffffffff 00cf9300 DPL=0 DS   [-WA]
CS =0008 0000000000000000 ffffffff 00af9a00 DPL=0 CS64 [-R-]
SS =0010 0000000000000000 ffffffff 00cf9300 DPL=0 DS   [-WA]
DS =0010 0000000000000000 ffffffff 00cf9300 DPL=0 DS   [-WA]
FS =0010 0000000000000000 ffffffff 00cf9300 DPL=0 DS   [-WA]
GS =0010 0000000000000000 ffffffff 00cf9300 DPL=0 DS   [-WA]
LDT=0000 0000000000000000 0000ffff 00008200 DPL=0 LDT
TR =0000 0000000000000000 0000ffff 00008b00 DPL=0 TSS64-busy
GDT=     00000000001918c0 00000017
IDT=     00000000001900a0 00000fff
CR0=80000011 CR2=0000000000000000 CR3=0000000000104000 CR4=00000020
DR0=0000000000000000 DR1=0000000000000000 DR2=0000000000000000 DR3=0000000000000000 
DR6=00000000ffff0ff0 DR7=0000000000000400
CCS=0000000000000081 CCD=fffffffffffffff1 CCO=EFLAGS
EFER=0000000000000500
Servicing hardware INT=0x20
   305: v=20 e=0000 i=0 cpl=0 IP=0008:00000000001015d5 pc=00000000001015d5 SP=0010:0000000000107f58 env->regs[R_EAX]=0000000000000006
RAX=0000000000000006 RBX=0000000000000000 RCX=0000000000000002 RDX=0000000000000061
RSI=0000000000000030 RDI=00000000000000c8 RBP=0000000000107f70 RSP=0000000000107f58
R8 =0000000000000000 R9 =0000000000000000 R10=0000000000000000 R11=0000000000000000
R12=0000000000000000 R13=0000000000000000 R14=0000000000000000 R15=0000000000000000
RIP=00000000001015d5 RFL=00000283 [--S---C] CPL=0 II=0 A20=1 SMM=0 HLT=0
ES =0010 0000000000000000 ffffffff 00cf9300 DPL=0 DS   [-WA]
CS =0008 0000000000000000 ffffffff 00af9a00 DPL=0 CS64 [-R-]
SS =0010 0000000000000000 ffffffff 00cf9300 DPL=0 DS   [-WA]
DS =0010 0000000000000000 ffffffff 00cf9300 DPL=0 DS   [-WA]
FS =0010 0000000000000000 ffffffff 00cf9300 DPL=0 DS   [-WA]
GS =0010 0000000000000000 ffffffff 00cf9300 DPL=0 DS   [-WA]
LDT=0000 0000000000000000 0000ffff 00008200 DPL=0 LDT
TR =0000 0000000000000000 0000ffff 00008b00 DPL=0 TSS64-busy
GDT=     00000000001918c0 00000017
IDT=     00000000001900a0 00000fff
CR0=80000011 CR2=0000000000000000 CR3=0000000000104000 CR4=00000020
DR0=0000000000000000 DR1=0000000000000000 DR2=0000000000000000 DR3=0000000000000000 
DR6=00000000ffff0ff0 DR7=0000000000000400
CCS=0000000000000081 CCD=fffffffffffffff2 CCO=EFLAGS
EFER=0000000000000500
Servicing hardware INT=0x20
   306: v=20 e=0000 i=0 cpl=0 IP=0008:00000000001015d5 pc=00000000001015d5 SP=0010:0000000000107f58 env->regs[R_EAX]=0000000000000007
RAX=0000000000000007 RBX=0000000000000000 RCX=0000000000000002 RDX=0000000000000061
RSI=0000000000000030 RDI=00000000000000c8 RBP=0000000000107f70 RSP=0000000000107f58
R8 =0000000000000000 R9 =0000000000000000 R10=0000000000000000 R11=0000000000000000
R12=0000000000000000 R13=0000000000000000 R14=0000000000000000 R15=0000000000000000
RIP=00000000001015d5 RFL=00000287 [--S--PC] CPL=0 II=0 A20=1 SMM=0 HLT=0
ES =0010 0000000000000000 ffffffff 00cf9300 DPL=0 DS   [-WA]
CS =0008 0000000000000000 ffffffff 00af9a00 DPL=0 CS64 [-R-]
SS =0010 0000000000000000 ffffffff 00cf9300 DPL=0 DS   [-WA]
DS =0010 0000000000000000 ffffffff 00cf9300 DPL=0 DS   [-WA]
FS =0010 0000000000000000 ffffffff 00cf9300 DPL=0 DS   [-WA]
GS =0010 0000000000000000 ffffffff 00cf9300 DPL=0 DS   [-WA]
LDT=0000 0000000000000000 0000ffff 00008200 DPL=0 LDT
TR =0000 0000000000000000 0000ffff 00008b00 DPL=0 TSS64-busy
GDT=     00000000001918c0 00000017
IDT=     00000000001900a0 00000fff
CR0=80000011 CR2=0000000000000000 CR3=0000000000104000 CR4=00000020
DR0=0000000000000000 DR1=0000000000000000 DR2=0000000000000000 DR3=0000000000000000 
DR6=00000000ffff0ff0 DR7=0000000000000400
CCS=0000000000000085 CCD=fffffffffffffff3 CCO=EFLAGS
EFER=0000000000000500
Servicing hardware INT=0x20
   307: v=20 e=0000 i=0 cpl=0 IP=0008:00000000001015d5 pc=00000000001015d5 SP=0010:0000000000107f58 env->regs[R_EAX]=0000000000000008
RAX=0000000000000008 RBX=0000000000000000 RCX=0000000000000002 RDX=0000000000000061
RSI=0000000000000030 RDI=00000000000000c8 RBP=0000000000107f70 RSP=0000000000107f58
R8 =0000000000000000 R9 =0000000000000000 R10=0000000000000000 R11=0000000000000000
R12=0000000000000000 R13=0000000000000000 R14=0000000000000000 R15=0000000000000000
RIP=00000000001015d5 RFL=00000283 [--S---C] CPL=0 II=0 A20=1 SMM=0 HLT=0
ES =0010 0000000000000000 ffffffff 00cf9300 DPL=0 DS   [-WA]
CS =0008 0000000000000000 ffffffff 00af9a00 DPL=0 CS64 [-R-]
SS =0010 0000000000000000 ffffffff 00cf9300 DPL=0 DS   [-WA]
DS =0010 0000000000000000 ffffffff 00cf9300 DPL=0 DS   [-WA]
FS =0010 0000000000000000 ffffffff 00cf9300 DPL=0 DS   [-WA]
GS =0010 0000000000000000 ffffffff 00cf9300 DPL=0 DS   [-WA]
LDT=0000 0000000000000000 0000ffff 00008200 DPL=0 LDT
TR =0000 0000000000000000 0000ffff 00008b00 DPL=0 TSS64-busy
GDT=     00000000001918c0 00000017
IDT=     00000000001900a0 00000fff
CR0=80000011 CR2=0000000000000000 CR3=0000000000104000 CR4=00000020
DR0=0000000000000000 DR1=0000000000000000 DR2=0000000000000000 DR3=0000000000000000 
DR6=00000000ffff0ff0 DR7=0000000000000400
CCS=0000000000000081 CCD=fffffffffffffff4 CCO=EFLAGS
EFER=0000000000000500
Servicing hardware INT=0x20
   308: v=20 e=0000 i=0 cpl=0 IP=0008:00000000001015d5 pc=00000000001015d5 SP=0010:0000000000107f58 env->regs[R_EAX]=0000000000000009
RAX=0000000000000009 RBX=0000000000000000 RCX=0000000000000002 RDX=0000000000000061
RSI=0000000000000030 RDI=00000000000000c8 RBP=0000000000107f70 RSP=0000000000107f58
R8 =0000000000000000 R9 =0000000000000000 R10=0000000000000000 R11=0000000000000000
R12=0000000000000000 R13=0000000000000000 R14=0000000000000000 R15=0000000000000000
RIP=00000000001015d5 RFL=00000287 [--S--PC] CPL=0 II=0 A20=1 SMM=0 HLT=0
ES =0010 0000000000000000 ffffffff 00cf9300 DPL=0 DS   [-WA]
CS =0008 0000000000000000 ffffffff 00af9a00 DPL=0 CS64 [-R-]
SS =0010 0000000000000000 ffffffff 00cf9300 DPL=0 DS   [-WA]
DS =0010 0000000000000000 ffffffff 00cf9300 DPL=0 DS   [-WA]
FS =0010 0000000000000000 ffffffff 00cf9300 DPL=0 DS   [-WA]
GS =0010 0000000000000000 ffffffff 00cf9300 DPL=0 DS   [-WA]
LDT=0000 0000000000000000 0000ffff 00008200 DPL=0 LDT
TR =0000 0000000000000000 0000ffff 00008b00 DPL=0 TSS64-busy
GDT=     00000000001918c0 00000017
IDT=     00000000001900a0 00000fff
CR0=80000011 CR2=0000000000000000 CR3=0000000000104000 CR4=00000020
DR0=0000000000000000 DR1=0000000000000000 DR2=0000000000000000 DR3=0000000000000000 
DR6=00000000ffff0ff0 DR7=0000000000000400
CCS=0000000000000085 CCD=fffffffffffffff5 CCO=EFLAGS
EFER=0000000000000500
Servicing hardware INT=0x20
   309: v=20 e=0000 i=0 cpl=0 IP=0008:00000000001015d5 pc=00000000001015d5 SP=0010:0000000000107f58 env->regs[R_EAX]=000000000000000a
RAX=000000000000000a RBX=0000000000000000 RCX=0000000000000002 RDX=0000000000000061
RSI=0000000000000030 RDI=00000000000000c8 RBP=0000000000107f70 RSP=0000000000107f58
R8 =0000000000000000 R9 =0000000000000000 R10=0000000000000000 R11=0000000000000000
R12=0000000000000000 R13=0000000000000000 R14=0000000000000000 R15=0000000000000000
RIP=00000000001015d5 RFL=00000287 [--S--PC] CPL=0 II=0 A20=1 SMM=0 HLT=0
ES =0010 0000000000000000 ffffffff 00cf9300 DPL=0 DS   [-WA]
CS =0008 0000000000000000 ffffffff 00af9a00 DPL=0 CS64 [-R-]
SS =0010 0000000000000000 ffffffff 00cf9300 DPL=0 DS   [-WA]
DS =0010 0000000000000000 ffffffff 00cf9300 DPL=0 DS   [-WA]
FS =0010 0000000000000000 ffffffff 00cf9300 DPL=0 DS   [-WA]
GS =0010 0000000000000000 ffffffff 00cf9300 DPL=0 DS   [-WA]
LDT=0000 0000000000000000 0000ffff 00008200 DPL=0 LDT
TR =0000 0000000000000000 0000ffff 00008b00 DPL=0 TSS64-busy
GDT=     00000000001918c0 00000017
IDT=     00000000001900a0 00000fff
CR0=80000011 CR2=0000000000000000 CR3=0000000000104000 CR4=00000020
DR0=0000000000000000 DR1=0000000000000000 DR2=0000000000000000 DR3=0000000000000000 
DR6=00000000ffff0ff0 DR7=0000000000000400
CCS=0000000000000085 CCD=fffffffffffffff6 CCO=EFLAGS
EFER=0000000000000500
Servicing hardware INT=0x20
   310: v=20 e=0000 i=0 cpl=0 IP=0008:00000000001015d5 pc=00000000001015d5 SP=0010:0000000000107f58 env->regs[R_EAX]=000000000000000b
RAX=000000000000000b RBX=0000000000000000 RCX=0000000000000002 RDX=0000000000000061
RSI=0000000000000030 RDI=00000000000000c8 RBP=0000000000107f70 RSP=0000000000107f58
R8 =0000000000000000 R9 =0000000000000000 R10=0000000000000000 R11=0000000000000000
R12=0000000000000000 R13=0000000000000000 R14=0000000000000000 R15=0000000000000000
RIP=00000000001015d5 RFL=00000283 [--S---C] CPL=0 II=0 A20=1 SMM=0 HLT=0
ES =0010 0000000000000000 ffffffff 00cf9300 DPL=0 DS   [-WA]
CS =0008 0000000000000000 ffffffff 00af9a00 DPL=0 CS64 [-R-]
SS =0010 0000000000000000 ffffffff 00cf9300 DPL=0 DS   [-WA]
DS =0010 0000000000000000 ffffffff 00cf9300 DPL=0 DS   [-WA]
FS =0010 0000000000000000 ffffffff 00cf9300 DPL=0 DS   [-WA]
GS =0010 0000000000000000 ffffffff 00cf9300 DPL=0 DS   [-WA]
LDT=0000 0000000000000000 0000ffff 00008200 DPL=0 LDT
TR =0000 0000000000000000 0000ffff 00008b00 DPL=0 TSS64-busy
GDT=     00000000001918c0 00000017
IDT=     00000000001900a0 00000fff
CR0=80000011 CR2=0000000000000000 CR3=0000000000104000 CR4=00000020
DR0=0000000000000000 DR1=0000000000000000 DR2=0000000000000000 DR3=0000000000000000 
DR6=00000000ffff0ff0 DR7=0000000000000400
CCS=0000000000000081 CCD=fffffffffffffff7 CCO=EFLAGS
EFER=0000000000000500
Servicing hardware INT=0x20
   311: v=20 e=0000 i=0 cpl=0 IP=0008:00000000001015d5 pc=00000000001015d5 SP=0010:0000000000107f58 env->regs[R_EAX]=000000000000000c
RAX=000000000000000c RBX=0000000000000000 RCX=0000000000000002 RDX=0000000000000061
RSI=0000000000000030 RDI=00000000000000c8 RBP=0000000000107f70 RSP=0000000000107f58
R8 =0000000000000000 R9 =0000000000000000 R10=0000000000000000 R11=0000000000000000
R12=0000000000000000 R13=0000000000000000 R14=0000000000000000 R15=0000000000000000
RIP=00000000001015d5 RFL=00000283 [--S---C] CPL=0 II=0 A20=1 SMM=0 HLT=0
ES =0010 0000000000000000 ffffffff 00cf9300 DPL=0 DS   [-WA]
CS =0008 0000000000000000 ffffffff 00af9a00 DPL=0 CS64 [-R-]
SS =0010 0000000000000000 ffffffff 00cf9300 DPL=0 DS   [-WA]
DS =0010 0000000000000000 ffffffff 00cf9300 DPL=0 DS   [-WA]
FS =0010 0000000000000000 ffffffff 00cf9300 DPL=0 DS   [-WA]
GS =0010 0000000000000000 ffffffff 00cf9300 DPL=0 DS   [-WA]
LDT=0000 0000000000000000 0000ffff 00008200 DPL=0 LDT
TR =0000 0000000000000000 0000ffff 00008b00 DPL=0 TSS64-busy
GDT=     00000000001918c0 00000017
IDT=     00000000001900a0 00000fff
CR0=80000011 CR2=0000000000000000 CR3=0000000000104000 CR4=00000020
DR0=0000000000000000 DR1=0000000000000000 DR2=0000000000000000 DR3=0000000000000000 
DR6=00000000ffff0ff0 DR7=0000000000000400
CCS=0000000000000081 CCD=fffffffffffffff8 CCO=EFLAGS
EFER=0000000000000500
Servicing hardware INT=0x20
   312: v=20 e=0000 i=0 cpl=0 IP=0008:00000000001015d5 pc=00000000001015d5 SP=0010:0000000000107f58 env->regs[R_EAX]=000000000000000d
RAX=000000000000000d RBX=0000000000000000 RCX=0000000000000002 RDX=0000000000000061
RSI=0000000000000030 RDI=00000000000000c8 RBP=0000000000107f70 RSP=0000000000107f58
R8 =0000000000000000 R9 =0000000000000000 R10=0000000000000000 R11=0000000000000000
R12=0000000000000000 R13=0000000000000000 R14=0000000000000000 R15=0000000000000000
RIP=00000000001015d5 RFL=00000287 [--S--PC] CPL=0 II=0 A20=1 SMM=0 HLT=0
ES =0010 0000000000000000 ffffffff 00cf9300 DPL=0 DS   [-WA]
CS =0008 0000000000000000 ffffffff 00af9a00 DPL=0 CS64 [-R-]
SS =0010 0000000000000000 ffffffff 00cf9300 DPL=0 DS   [-WA]
DS =0010 0000000000000000 ffffffff 00cf9300 DPL=0 DS   [-WA]
FS =0010 0000000000000000 ffffffff 00cf9300 DPL=0 DS   [-WA]
GS =0010 0000000000000000 ffffffff 00cf9300 DPL=0 DS   [-WA]
LDT=0000 0000000000000000 0000ffff 00008200 DPL=0 LDT
TR =0000 0000000000000000 0000ffff 00008b00 DPL=0 TSS64-busy
GDT=     00000000001918c0 00000017
IDT=     00000000001900a0 00000fff
CR0=80000011 CR2=0000000000000000 CR3=0000000000104000 CR4=00000020
DR0=0000000000000000 DR1=0000000000000000 DR2=0000000000000000 DR3=0000000000000000 
DR6=00000000ffff0ff0 DR7=0000000000000400
CCS=0000000000000085 CCD=fffffffffffffff9 CCO=EFLAGS
EFER=0000000000000500
Servicing hardware INT=0x20
   313: v=20 e=0000 i=0 cpl=0 IP=0008:00000000001015d5 pc=00000000001015d5 SP=0010:0000000000107f58 env->regs[R_EAX]=000000000000000e
RAX=000000000000000e RBX=0000000000000000 RCX=0000000000000002 RDX=0000000000000061
RSI=0000000000000030 RDI=00000000000000c8 RBP=0000000000107f70 RSP=0000000000107f58
R8 =0000000000000000 R9 =0000000000000000 R10=0000000000000000 R11=0000000000000000
R12=0000000000000000 R13=0000000000000000 R14=0000000000000000 R15=0000000000000000
RIP=00000000001015d5 RFL=00000287 [--S--PC] CPL=0 II=0 A20=1 SMM=0 HLT=0
ES =0010 0000000000000000 ffffffff 00cf9300 DPL=0 DS   [-WA]
CS =0008 0000000000000000 ffffffff 00af9a00 DPL=0 CS64 [-R-]
SS =0010 0000000000000000 ffffffff 00cf9300 DPL=0 DS   [-WA]
DS =0010 0000000000000000 ffffffff 00cf9300 DPL=0 DS   [-WA]
FS =0010 0000000000000000 ffffffff 00cf9300 DPL=0 DS   [-WA]
GS =0010 0000000000000000 ffffffff 00cf9300 DPL=0 DS   [-WA]
LDT=0000 0000000000000000 0000ffff 00008200 DPL=0 LDT
TR =0000 0000000000000000 0000ffff 00008b00 DPL=0 TSS64-busy
GDT=     00000000001918c0 00000017
IDT=     00000000001900a0 00000fff
CR0=80000011 CR2=0000000000000000 CR3=0000000000104000 CR4=00000020
DR0=0000000000000000 DR1=0000000000000000 DR2=0000000000000000 DR3=0000000000000000 
DR6=00000000ffff0ff0 DR7=0000000000000400
CCS=0000000000000085 CCD=fffffffffffffffa CCO=EFLAGS
EFER=0000000000000500
Servicing hardware INT=0x20
   314: v=20 e=0000 i=0 cpl=0 IP=0008:00000000001015d5 pc=00000000001015d5 SP=0010:0000000000107f58 env->regs[R_EAX]=000000000000000f
RAX=000000000000000f RBX=0000000000000000 RCX=0000000000000002 RDX=0000000000000061
RSI=0000000000000030 RDI=00000000000000c8 RBP=0000000000107f70 RSP=0000000000107f58
R8 =0000000000000000 R9 =0000000000000000 R10=0000000000000000 R11=0000000000000000
R12=0000000000000000 R13=0000000000000000 R14=0000000000000000 R15=0000000000000000
RIP=00000000001015d5 RFL=00000283 [--S---C] CPL=0 II=0 A20=1 SMM=0 HLT=0
ES =0010 0000000000000000 ffffffff 00cf9300 DPL=0 DS   [-WA]
CS =0008 0000000000000000 ffffffff 00af9a00 DPL=0 CS64 [-R-]
SS =0010 0000000000000000 ffffffff 00cf9300 DPL=0 DS   [-WA]
DS =0010 0000000000000000 ffffffff 00cf9300 DPL=0 DS   [-WA]
FS =0010 0000000000000000 ffffffff 00cf9300 DPL=0 DS   [-WA]
GS =0010 0000000000000000 ffffffff 00cf9300 DPL=0 DS   [-WA]
LDT=0000 0000000000000000 0000ffff 00008200 DPL=0 LDT
TR =0000 0000000000000000 0000ffff 00008b00 DPL=0 TSS64-busy
GDT=     00000000001918c0 00000017
IDT=     00000000001900a0 00000fff
CR0=80000011 CR2=0000000000000000 CR3=0000000000104000 CR4=00000020
DR0=0000000000000000 DR1=0000000000000000 DR2=0000000000000000 DR3=0000000000000000 
DR6=00000000ffff0ff0 DR7=0000000000000400
CCS=0000000000000081 CCD=fffffffffffffffb CCO=EFLAGS
EFER=0000000000000500
Servicing hardware INT=0x20
   315: v=20 e=0000 i=0 cpl=0 IP=0008:00000000001015d5 pc=00000000001015d5 SP=0010:0000000000107f58 env->regs[R_EAX]=0000000000000010
RAX=0000000000000010 RBX=0000000000000000 RCX=0000000000000002 RDX=0000000000000061
RSI=0000000000000030 RDI=00000000000000c8 RBP=0000000000107f70 RSP=0000000000107f58
R8 =0000000000000000 R9 =0000000000000000 R10=0000000000000000 R11=0000000000000000
R12=0000000000000000 R13=0000000000000000 R14=0000000000000000 R15=0000000000000000
RIP=00000000001015d5 RFL=00000297 [--S-APC] CPL=0 II=0 A20=1 SMM=0 HLT=0
ES =0010 0000000000000000 ffffffff 00cf9300 DPL=0 DS   [-WA]
CS =0008 0000000000000000 ffffffff 00af9a00 DPL=0 CS64 [-R-]
SS =0010 0000000000000000 ffffffff 00cf9300 DPL=0 DS   [-WA]
DS =0010 0000000000000000 ffffffff 00cf9300 DPL=0 DS   [-WA]
FS =0010 0000000000000000 ffffffff 00cf9300 DPL=0 DS   [-WA]
GS =0010 0000000000000000 ffffffff 00cf9300 DPL=0 DS   [-WA]
LDT=0000 0000000000000000 0000ffff 00008200 DPL=0 LDT
TR =0000 0000000000000000 0000ffff 00008b00 DPL=0 TSS64-busy
GDT=     00000000001918c0 00000017
IDT=     00000000001900a0 00000fff
CR0=80000011 CR2=0000000000000000 CR3=0000000000104000 CR4=00000020
DR0=0000000000000000 DR1=0000000000000000 DR2=0000000000000000 DR3=0000000000000000 
DR6=00000000ffff0ff0 DR7=0000000000000400
CCS=0000000000000095 CCD=fffffffffffffffc CCO=EFLAGS
EFER=0000000000000500
Servicing hardware INT=0x20
   316: v=20 e=0000 i=0 cpl=0 IP=0008:00000000001015d5 pc=00000000001015d5 SP=0010:0000000000107f58 env->regs[R_EAX]=0000000000000011
RAX=0000000000000011 RBX=0000000000000000 RCX=0000000000000002 RDX=0000000000000061
RSI=0000000000000030 RDI=00000000000000c8 RBP=0000000000107f70 RSP=0000000000107f58
R8 =0000000000000000 R9 =0000000000000000 R10=0000000000000000 R11=0000000000000000
R12=0000000000000000 R13=0000000000000000 R14=0000000000000000 R15=0000000000000000
RIP=00000000001015d5 RFL=00000293 [--S-A-C] CPL=0 II=0 A20=1 SMM=0 HLT=0
ES =0010 0000000000000000 ffffffff 00cf9300 DPL=0 DS   [-WA]
CS =0008 0000000000000000 ffffffff 00af9a00 DPL=0 CS64 [-R-]
SS =0010 0000000000000000 ffffffff 00cf9300 DPL=0 DS   [-WA]
DS =0010 0000000000000000 ffffffff 00cf9300 DPL=0 DS   [-WA]
FS =0010 0000000000000000 ffffffff 00cf9300 DPL=0 DS   [-WA]
GS =0010 0000000000000000 ffffffff 00cf9300 DPL=0 DS   [-WA]
LDT=0000 0000000000000000 0000ffff 00008200 DPL=0 LDT
TR =0000 0000000000000000 0000ffff 00008b00 DPL=0 TSS64-busy
GDT=     00000000001918c0 00000017
IDT=     00000000001900a0 00000fff
CR0=80000011 CR2=0000000000000000 CR3=0000000000104000 CR4=00000020
DR0=0000000000000000 DR1=0000000000000000 DR2=0000000000000000 DR3=0000000000000000 
DR6=00000000ffff0ff0 DR7=0000000000000400
CCS=0000000000000091 CCD=fffffffffffffffd CCO=EFLAGS
EFER=0000000000000500
Servicing hardware INT=0x20
   317: v=20 e=0000 i=0 cpl=0 IP=0008:00000000001015d5 pc=00000000001015d5 SP=0010:0000000000107f58 env->regs[R_EAX]=0000000000000012
RAX=0000000000000012 RBX=0000000000000000 RCX=0000000000000002 RDX=0000000000000061
RSI=0000000000000030 RDI=00000000000000c8 RBP=0000000000107f70 RSP=0000000000107f58
R8 =0000000000000000 R9 =0000000000000000 R10=0000000000000000 R11=0000000000000000
R12=0000000000000000 R13=0000000000000000 R14=0000000000000000 R15=0000000000000000
RIP=00000000001015d5 RFL=00000293 [--S-A-C] CPL=0 II=0 A20=1 SMM=0 HLT=0
ES =0010 0000000000000000 ffffffff 00cf9300 DPL=0 DS   [-WA]
CS =0008 0000000000000000 ffffffff 00af9a00 DPL=0 CS64 [-R-]
SS =0010 0000000000000000 ffffffff 00cf9300 DPL=0 DS   [-WA]
DS =0010 0000000000000000 ffffffff 00cf9300 DPL=0 DS   [-WA]
FS =0010 0000000000000000 ffffffff 00cf9300 DPL=0 DS   [-WA]
GS =0010 0000000000000000 ffffffff 00cf9300 DPL=0 DS   [-WA]
LDT=0000 0000000000000000 0000ffff 00008200 DPL=0 LDT
TR =0000 0000000000000000 0000ffff 00008b00 DPL=0 TSS64-busy
GDT=     00000000001918c0 00000017
IDT=     00000000001900a0 00000fff
CR0=80000011 CR2=0000000000000000 CR3=0000000000104000 CR4=00000020
DR0=0000000000000000 DR1=0000000000000000 DR2=0000000000000000 DR3=0000000000000000 
DR6=00000000ffff0ff0 DR7=0000000000000400
CCS=0000000000000091 CCD=fffffffffffffffe CCO=EFLAGS
EFER=0000000000000500
Servicing hardware INT=0x20
   318: v=20 e=0000 i=0 cpl=0 IP=0008:00000000001015d5 pc=00000000001015d5 SP=0010:0000000000107f58 env->regs[R_EAX]=0000000000000013
RAX=0000000000000013 RBX=0000000000000000 RCX=0000000000000002 RDX=0000000000000061
RSI=0000000000000030 RDI=00000000000000c8 RBP=0000000000107f70 RSP=0000000000107f58
R8 =0000000000000000 R9 =0000000000000000 R10=0000000000000000 R11=0000000000000000
R12=0000000000000000 R13=0000000000000000 R14=0000000000000000 R15=0000000000000000
RIP=00000000001015d5 RFL=00000297 [--S-APC] CPL=0 II=0 A20=1 SMM=0 HLT=0
ES =0010 0000000000000000 ffffffff 00cf9300 DPL=0 DS   [-WA]
CS =0008 0000000000000000 ffffffff 00af9a00 DPL=0 CS64 [-R-]
SS =0010 0000000000000000 ffffffff 00cf9300 DPL=0 DS   [-WA]
DS =0010 0000000000000000 ffffffff 00cf9300 DPL=0 DS   [-WA]
FS =0010 0000000000000000 ffffffff 00cf9300 DPL=0 DS   [-WA]
GS =0010 0000000000000000 ffffffff 00cf9300 DPL=0 DS   [-WA]
LDT=0000 0000000000000000 0000ffff 00008200 DPL=0 LDT
TR =0000 0000000000000000 0000ffff 00008b00 DPL=0 TSS64-busy
GDT=     00000000001918c0 00000017
IDT=     00000000001900a0 00000fff
CR0=80000011 CR2=0000000000000000 CR3=0000000000104000 CR4=00000020
DR0=0000000000000000 DR1=0000000000000000 DR2=0000000000000000 DR3=0000000000000000 
DR6=00000000ffff0ff0 DR7=0000000000000400
CCS=0000000000000095 CCD=ffffffffffffffff CCO=EFLAGS
EFER=0000000000000500
Servicing hardware INT=0x20
   319: v=20 e=0000 i=0 cpl=0 IP=0008:0000000000100500 pc=0000000000100500 SP=0010:0000000000107f80 env->regs[R_EAX]=0000000000000000
RAX=0000000000000000 RBX=0000000000000000 RCX=0000000000000002 RDX=00000000000003d5
RSI=0000000000000000 RDI=00000000000003d5 RBP=0000000000107ff0 RSP=0000000000107f80
R8 =0000000000000000 R9 =0000000000000000 R10=0000000000000000 R11=0000000000000000
R12=0000000000000000 R13=0000000000000000 R14=0000000000000000 R15=0000000000000000
RIP=0000000000100500 RFL=00000216 [----AP-] CPL=0 II=0 A20=1 SMM=0 HLT=0
ES =0010 0000000000000000 ffffffff 00cf9300 DPL=0 DS   [-WA]
CS =0008 0000000000000000 ffffffff 00af9a00 DPL=0 CS64 [-R-]
SS =0010 0000000000000000 ffffffff 00cf9300 DPL=0 DS   [-WA]
DS =0010 0000000000000000 ffffffff 00cf9300 DPL=0 DS   [-WA]
FS =0010 0000000000000000 ffffffff 00cf9300 DPL=0 DS   [-WA]
GS =0010 0000000000000000 ffffffff 00cf9300 DPL=0 DS   [-WA]
LDT=0000 0000000000000000 0000ffff 00008200 DPL=0 LDT
TR =0000 0000000000000000 0000ffff 00008b00 DPL=0 TSS64-busy
GDT=     00000000001918c0 00000017
IDT=     00000000001900a0 00000fff
CR0=80000011 CR2=0000000000000000 CR3=0000000000104000 CR4=00000020
DR0=0000000000000000 DR1=0000000000000000 DR2=0000000000000000 DR3=0000000000000000 
DR6=00000000ffff0ff0 DR7=0000000000000400
CCS=0000000000000014 CCD=0000000000107f28 CCO=EFLAGS
EFER=0000000000000500
Servicing hardware INT=0x20
   320: v=20 e=0000 i=0 cpl=0 IP=0008:0000000000100500 pc=0000000000100500 SP=0010:0000000000107f80 env->regs[R_EAX]=0000000000000000
RAX=0000000000000000 RBX=0000000000000000 RCX=0000000000000002 RDX=00000000000003d5
RSI=0000000000000000 RDI=00000000000003d5 RBP=0000000000107ff0 RSP=0000000000107f80
R8 =0000000000000000 R9 =0000000000000000 R10=0000000000000000 R11=0000000000000000
R12=0000000000000000 R13=0000000000000000 R14=0000000000000000 R15=0000000000000000
RIP=0000000000100500 RFL=00000216 [----AP-] CPL=0 II=0 A20=1 SMM=0 HLT=0
ES =0010 0000000000000000 ffffffff 00cf9300 DPL=0 DS   [-WA]
CS =0008 0000000000000000 ffffffff 00af9a00 DPL=0 CS64 [-R-]
SS =0010 0000000000000000 ffffffff 00cf9300 DPL=0 DS   [-WA]
DS =0010 0000000000000000 ffffffff 00cf9300 DPL=0 DS   [-WA]
FS =0010 0000000000000000 ffffffff 00cf9300 DPL=0 DS   [-WA]
GS =0010 0000000000000000 ffffffff 00cf9300 DPL=0 DS   [-WA]
LDT=0000 0000000000000000 0000ffff 00008200 DPL=0 LDT
TR =0000 0000000000000000 0000ffff 00008b00 DPL=0 TSS64-busy
GDT=     00000000001918c0 00000017
IDT=     00000000001900a0 00000fff
CR0=80000011 CR2=0000000000000000 CR3=0000000000104000 CR4=00000020
DR0=0000000000000000 DR1=0000000000000000 DR2=0000000000000000 DR3=0000000000000000 
DR6=00000000ffff0ff0 DR7=0000000000000400
CCS=0000000000000014 CCD=0000000000107f58 CCO=EFLAGS
EFER=0000000000000500
Servicing hardware INT=0x20
   321: v=20 e=0000 i=0 cpl=0 IP=0008:0000000000100500 pc=0000000000100500 SP=0010:0000000000107f80 env->regs[R_EAX]=0000000000000000
RAX=0000000000000000 RBX=0000000000000000 RCX=0000000000000002 RDX=00000000000003d5
RSI=0000000000000000 RDI=00000000000003d5 RBP=0000000000107ff0 RSP=0000000000107f80
R8 =0000000000000000 R9 =0000000000000000 R10=0000000000000000 R11=0000000000000000
R12=0000000000000000 R13=0000000000000000 R14=0000000000000000 R15=0000000000000000
RIP=0000000000100500 RFL=00000216 [----AP-] CPL=0 II=0 A20=1 SMM=0 HLT=0
ES =0010 0000000000000000 ffffffff 00cf9300 DPL=0 DS   [-WA]
CS =0008 0000000000000000 ffffffff 00af9a00 DPL=0 CS64 [-R-]
SS =0010 0000000000000000 ffffffff 00cf9300 DPL=0 DS   [-WA]
DS =0010 0000000000000000 ffffffff 00cf9300 DPL=0 DS   [-WA]
FS =0010 0000000000000000 ffffffff 00cf9300 DPL=0 DS   [-WA]
GS =0010 0000000000000000 ffffffff 00cf9300 DPL=0 DS   [-WA]
LDT=0000 0000000000000000 0000ffff 00008200 DPL=0 LDT
TR =0000 0000000000000000 0000ffff 00008b00 DPL=0 TSS64-busy
GDT=     00000000001918c0 00000017
IDT=     00000000001900a0 00000fff
CR0=80000011 CR2=0000000000000000 CR3=0000000000104000 CR4=00000020
DR0=0000000000000000 DR1=0000000000000000 DR2=0000000000000000 DR3=0000000000000000 
DR6=00000000ffff0ff0 DR7=0000000000000400
CCS=0000000000000014 CCD=0000000000107f58 CCO=EFLAGS
EFER=0000000000000500
Servicing hardware INT=0x20
   322: v=20 e=0000 i=0 cpl=0 IP=0008:0000000000100500 pc=0000000000100500 SP=0010:0000000000107f80 env->regs[R_EAX]=0000000000000000
RAX=0000000000000000 RBX=0000000000000000 RCX=0000000000000002 RDX=00000000000003d5
RSI=0000000000000000 RDI=00000000000003d5 RBP=0000000000107ff0 RSP=0000000000107f80
R8 =0000000000000000 R9 =0000000000000000 R10=0000000000000000 R11=0000000000000000
R12=0000000000000000 R13=0000000000000000 R14=0000000000000000 R15=0000000000000000
RIP=0000000000100500 RFL=00000216 [----AP-] CPL=0 II=0 A20=1 SMM=0 HLT=0
ES =0010 0000000000000000 ffffffff 00cf9300 DPL=0 DS   [-WA]
CS =0008 0000000000000000 ffffffff 00af9a00 DPL=0 CS64 [-R-]
SS =0010 0000000000000000 ffffffff 00cf9300 DPL=0 DS   [-WA]
DS =0010 0000000000000000 ffffffff 00cf9300 DPL=0 DS   [-WA]
FS =0010 0000000000000000 ffffffff 00cf9300 DPL=0 DS   [-WA]
GS =0010 0000000000000000 ffffffff 00cf9300 DPL=0 DS   [-WA]
LDT=0000 0000000000000000 0000ffff 00008200 DPL=0 LDT
TR =0000 0000000000000000 0000ffff 00008b00 DPL=0 TSS64-busy
GDT=     00000000001918c0 00000017
IDT=     00000000001900a0 00000fff
CR0=80000011 CR2=0000000000000000 CR3=0000000000104000 CR4=00000020
DR0=0000000000000000 DR1=0000000000000000 DR2=0000000000000000 DR3=0000000000000000 
DR6=00000000ffff0ff0 DR7=0000000000000400
CCS=0000000000000014 CCD=0000000000107f58 CCO=EFLAGS
EFER=0000000000000500
Servicing hardware INT=0x20
   323: v=20 e=0000 i=0 cpl=0 IP=0008:0000000000100500 pc=0000000000100500 SP=0010:0000000000107f80 env->regs[R_EAX]=0000000000000000
RAX=0000000000000000 RBX=0000000000000000 RCX=0000000000000002 RDX=00000000000003d5
RSI=0000000000000000 RDI=00000000000003d5 RBP=0000000000107ff0 RSP=0000000000107f80
R8 =0000000000000000 R9 =0000000000000000 R10=0000000000000000 R11=0000000000000000
R12=0000000000000000 R13=0000000000000000 R14=0000000000000000 R15=0000000000000000
RIP=0000000000100500 RFL=00000216 [----AP-] CPL=0 II=0 A20=1 SMM=0 HLT=0
ES =0010 0000000000000000 ffffffff 00cf9300 DPL=0 DS   [-WA]
CS =0008 0000000000000000 ffffffff 00af9a00 DPL=0 CS64 [-R-]
SS =0010 0000000000000000 ffffffff 00cf9300 DPL=0 DS   [-WA]
DS =0010 0000000000000000 ffffffff 00cf9300 DPL=0 DS   [-WA]
FS =0010 0000000000000000 ffffffff 00cf9300 DPL=0 DS   [-WA]
GS =0010 0000000000000000 ffffffff 00cf9300 DPL=0 DS   [-WA]
LDT=0000 0000000000000000 0000ffff 00008200 DPL=0 LDT
TR =0000 0000000000000000 0000ffff 00008b00 DPL=0 TSS64-busy
GDT=     00000000001918c0 00000017
IDT=     00000000001900a0 00000fff
CR0=80000011 CR2=0000000000000000 CR3=0000000000104000 CR4=00000020
DR0=0000000000000000 DR1=0000000000000000 DR2=0000000000000000 DR3=0000000000000000 
DR6=00000000ffff0ff0 DR7=0000000000000400
CCS=0000000000000014 CCD=0000000000107f58 CCO=EFLAGS
EFER=0000000000000500
Servicing hardware INT=0x20
   324: v=20 e=0000 i=0 cpl=0 IP=0008:0000000000100500 pc=0000000000100500 SP=0010:0000000000107f80 env->regs[R_EAX]=0000000000000000
RAX=0000000000000000 RBX=0000000000000000 RCX=0000000000000002 RDX=00000000000003d5
RSI=0000000000000000 RDI=00000000000003d5 RBP=0000000000107ff0 RSP=0000000000107f80
R8 =0000000000000000 R9 =0000000000000000 R10=0000000000000000 R11=0000000000000000
R12=0000000000000000 R13=0000000000000000 R14=0000000000000000 R15=0000000000000000
RIP=0000000000100500 RFL=00000216 [----AP-] CPL=0 II=0 A20=1 SMM=0 HLT=0
ES =0010 0000000000000000 ffffffff 00cf9300 DPL=0 DS   [-WA]
CS =0008 0000000000000000 ffffffff 00af9a00 DPL=0 CS64 [-R-]
SS =0010 0000000000000000 ffffffff 00cf9300 DPL=0 DS   [-WA]
DS =0010 0000000000000000 ffffffff 00cf9300 DPL=0 DS   [-WA]
FS =0010 0000000000000000 ffffffff 00cf9300 DPL=0 DS   [-WA]
GS =0010 0000000000000000 ffffffff 00cf9300 DPL=0 DS   [-WA]
LDT=0000 0000000000000000 0000ffff 00008200 DPL=0 LDT
TR =0000 0000000000000000 0000ffff 00008b00 DPL=0 TSS64-busy
GDT=     00000000001918c0 00000017
IDT=     00000000001900a0 00000fff
CR0=80000011 CR2=0000000000000000 CR3=0000000000104000 CR4=00000020
DR0=0000000000000000 DR1=0000000000000000 DR2=0000000000000000 DR3=0000000000000000 
DR6=00000000ffff0ff0 DR7=0000000000000400
CCS=0000000000000014 CCD=0000000000107f58 CCO=EFLAGS
EFER=0000000000000500
Servicing hardware INT=0x20
   325: v=20 e=0000 i=0 cpl=0 IP=0008:0000000000100500 pc=0000000000100500 SP=0010:0000000000107f80 env->regs[R_EAX]=0000000000000000
RAX=0000000000000000 RBX=0000000000000000 RCX=0000000000000002 RDX=00000000000003d5
RSI=0000000000000000 RDI=00000000000003d5 RBP=0000000000107ff0 RSP=0000000000107f80
R8 =0000000000000000 R9 =0000000000000000 R10=0000000000000000 R11=0000000000000000
R12=0000000000000000 R13=0000000000000000 R14=0000000000000000 R15=0000000000000000
RIP=0000000000100500 RFL=00000216 [----AP-] CPL=0 II=0 A20=1 SMM=0 HLT=0
ES =0010 0000000000000000 ffffffff 00cf9300 DPL=0 DS   [-WA]
CS =0008 0000000000000000 ffffffff 00af9a00 DPL=0 CS64 [-R-]
SS =0010 0000000000000000 ffffffff 00cf9300 DPL=0 DS   [-WA]
DS =0010 0000000000000000 ffffffff 00cf9300 DPL=0 DS   [-WA]
FS =0010 0000000000000000 ffffffff 00cf9300 DPL=0 DS   [-WA]
GS =0010 0000000000000000 ffffffff 00cf9300 DPL=0 DS   [-WA]
LDT=0000 0000000000000000 0000ffff 00008200 DPL=0 LDT
TR =0000 0000000000000000 0000ffff 00008b00 DPL=0 TSS64-busy
GDT=     00000000001918c0 00000017
IDT=     00000000001900a0 00000fff
CR0=80000011 CR2=0000000000000000 CR3=0000000000104000 CR4=00000020
DR0=0000000000000000 DR1=0000000000000000 DR2=0000000000000000 DR3=0000000000000000 
DR6=00000000ffff0ff0 DR7=0000000000000400
CCS=0000000000000014 CCD=0000000000107f58 CCO=EFLAGS
EFER=0000000000000500
Servicing hardware INT=0x20
   326: v=20 e=0000 i=0 cpl=0 IP=0008:0000000000100500 pc=0000000000100500 SP=0010:0000000000107f80 env->regs[R_EAX]=0000000000000000
RAX=0000000000000000 RBX=0000000000000000 RCX=0000000000000002 RDX=00000000000003d5
RSI=0000000000000000 RDI=00000000000003d5 RBP=0000000000107ff0 RSP=0000000000107f80
R8 =0000000000000000 R9 =0000000000000000 R10=0000000000000000 R11=0000000000000000
R12=0000000000000000 R13=0000000000000000 R14=0000000000000000 R15=0000000000000000
RIP=0000000000100500 RFL=00000216 [----AP-] CPL=0 II=0 A20=1 SMM=0 HLT=0
ES =0010 0000000000000000 ffffffff 00cf9300 DPL=0 DS   [-WA]
CS =0008 0000000000000000 ffffffff 00af9a00 DPL=0 CS64 [-R-]
SS =0010 0000000000000000 ffffffff 00cf9300 DPL=0 DS   [-WA]
DS =0010 0000000000000000 ffffffff 00cf9300 DPL=0 DS   [-WA]
FS =0010 0000000000000000 ffffffff 00cf9300 DPL=0 DS   [-WA]
GS =0010 0000000000000000 ffffffff 00cf9300 DPL=0 DS   [-WA]
LDT=0000 0000000000000000 0000ffff 00008200 DPL=0 LDT
TR =0000 0000000000000000 0000ffff 00008b00 DPL=0 TSS64-busy
GDT=     00000000001918c0 00000017
IDT=     00000000001900a0 00000fff
CR0=80000011 CR2=0000000000000000 CR3=0000000000104000 CR4=00000020
DR0=0000000000000000 DR1=0000000000000000 DR2=0000000000000000 DR3=0000000000000000 
DR6=00000000ffff0ff0 DR7=0000000000000400
CCS=0000000000000014 CCD=0000000000107f58 CCO=EFLAGS
EFER=0000000000000500
Servicing hardware INT=0x20
   327: v=20 e=0000 i=0 cpl=0 IP=0008:0000000000100500 pc=0000000000100500 SP=0010:0000000000107f80 env->regs[R_EAX]=0000000000000000
RAX=0000000000000000 RBX=0000000000000000 RCX=0000000000000002 RDX=00000000000003d5
RSI=0000000000000000 RDI=00000000000003d5 RBP=0000000000107ff0 RSP=0000000000107f80
R8 =0000000000000000 R9 =0000000000000000 R10=0000000000000000 R11=0000000000000000
R12=0000000000000000 R13=0000000000000000 R14=0000000000000000 R15=0000000000000000
RIP=0000000000100500 RFL=00000216 [----AP-] CPL=0 II=0 A20=1 SMM=0 HLT=0
ES =0010 0000000000000000 ffffffff 00cf9300 DPL=0 DS   [-WA]
CS =0008 0000000000000000 ffffffff 00af9a00 DPL=0 CS64 [-R-]
SS =0010 0000000000000000 ffffffff 00cf9300 DPL=0 DS   [-WA]
DS =0010 0000000000000000 ffffffff 00cf9300 DPL=0 DS   [-WA]
FS =0010 0000000000000000 ffffffff 00cf9300 DPL=0 DS   [-WA]
GS =0010 0000000000000000 ffffffff 00cf9300 DPL=0 DS   [-WA]
LDT=0000 0000000000000000 0000ffff 00008200 DPL=0 LDT
TR =0000 0000000000000000 0000ffff 00008b00 DPL=0 TSS64-busy
GDT=     00000000001918c0 00000017
IDT=     00000000001900a0 00000fff
CR0=80000011 CR2=0000000000000000 CR3=0000000000104000 CR4=00000020
DR0=0000000000000000 DR1=0000000000000000 DR2=0000000000000000 DR3=0000000000000000 
DR6=00000000ffff0ff0 DR7=0000000000000400
CCS=0000000000000014 CCD=0000000000107f58 CCO=EFLAGS
EFER=0000000000000500
Servicing hardware INT=0x20
   328: v=20 e=0000 i=0 cpl=0 IP=0008:0000000000100500 pc=0000000000100500 SP=0010:0000000000107f80 env->regs[R_EAX]=0000000000000000
RAX=0000000000000000 RBX=0000000000000000 RCX=0000000000000002 RDX=00000000000003d5
RSI=0000000000000000 RDI=00000000000003d5 RBP=0000000000107ff0 RSP=0000000000107f80
R8 =0000000000000000 R9 =0000000000000000 R10=0000000000000000 R11=0000000000000000
R12=0000000000000000 R13=0000000000000000 R14=0000000000000000 R15=0000000000000000
RIP=0000000000100500 RFL=00000216 [----AP-] CPL=0 II=0 A20=1 SMM=0 HLT=0
ES =0010 0000000000000000 ffffffff 00cf9300 DPL=0 DS   [-WA]
CS =0008 0000000000000000 ffffffff 00af9a00 DPL=0 CS64 [-R-]
SS =0010 0000000000000000 ffffffff 00cf9300 DPL=0 DS   [-WA]
DS =0010 0000000000000000 ffffffff 00cf9300 DPL=0 DS   [-WA]
FS =0010 0000000000000000 ffffffff 00cf9300 DPL=0 DS   [-WA]
GS =0010 0000000000000000 ffffffff 00cf9300 DPL=0 DS   [-WA]
LDT=0000 0000000000000000 0000ffff 00008200 DPL=0 LDT
TR =0000 0000000000000000 0000ffff 00008b00 DPL=0 TSS64-busy
GDT=     00000000001918c0 00000017
IDT=     00000000001900a0 00000fff
CR0=80000011 CR2=0000000000000000 CR3=0000000000104000 CR4=00000020
DR0=0000000000000000 DR1=0000000000000000 DR2=0000000000000000 DR3=0000000000000000 
DR6=00000000ffff0ff0 DR7=0000000000000400
CCS=0000000000000014 CCD=0000000000107f58 CCO=EFLAGS
EFER=0000000000000500
Servicing hardware INT=0x20
   329: v=20 e=0000 i=0 cpl=0 IP=0008:0000000000100500 pc=0000000000100500 SP=0010:0000000000107f80 env->regs[R_EAX]=0000000000000000
RAX=0000000000000000 RBX=0000000000000000 RCX=0000000000000002 RDX=00000000000003d5
RSI=0000000000000000 RDI=00000000000003d5 RBP=0000000000107ff0 RSP=0000000000107f80
R8 =0000000000000000 R9 =0000000000000000 R10=0000000000000000 R11=0000000000000000
R12=0000000000000000 R13=0000000000000000 R14=0000000000000000 R15=0000000000000000
RIP=0000000000100500 RFL=00000216 [----AP-] CPL=0 II=0 A20=1 SMM=0 HLT=0
ES =0010 0000000000000000 ffffffff 00cf9300 DPL=0 DS   [-WA]
CS =0008 0000000000000000 ffffffff 00af9a00 DPL=0 CS64 [-R-]
SS =0010 0000000000000000 ffffffff 00cf9300 DPL=0 DS   [-WA]
DS =0010 0000000000000000 ffffffff 00cf9300 DPL=0 DS   [-WA]
FS =0010 0000000000000000 ffffffff 00cf9300 DPL=0 DS   [-WA]
GS =0010 0000000000000000 ffffffff 00cf9300 DPL=0 DS   [-WA]
LDT=0000 0000000000000000 0000ffff 00008200 DPL=0 LDT
TR =0000 0000000000000000 0000ffff 00008b00 DPL=0 TSS64-busy
GDT=     00000000001918c0 00000017
IDT=     00000000001900a0 00000fff
CR0=80000011 CR2=0000000000000000 CR3=0000000000104000 CR4=00000020
DR0=0000000000000000 DR1=0000000000000000 DR2=0000000000000000 DR3=0000000000000000 
DR6=00000000ffff0ff0 DR7=0000000000000400
CCS=0000000000000014 CCD=0000000000107f58 CCO=EFLAGS
EFER=0000000000000500
Servicing hardware INT=0x20
   330: v=20 e=0000 i=0 cpl=0 IP=0008:0000000000100500 pc=0000000000100500 SP=0010:0000000000107f80 env->regs[R_EAX]=0000000000000000
RAX=0000000000000000 RBX=0000000000000000 RCX=0000000000000002 RDX=00000000000003d5
RSI=0000000000000000 RDI=00000000000003d5 RBP=0000000000107ff0 RSP=0000000000107f80
R8 =0000000000000000 R9 =0000000000000000 R10=0000000000000000 R11=0000000000000000
R12=0000000000000000 R13=0000000000000000 R14=0000000000000000 R15=0000000000000000
RIP=0000000000100500 RFL=00000216 [----AP-] CPL=0 II=0 A20=1 SMM=0 HLT=0
ES =0010 0000000000000000 ffffffff 00cf9300 DPL=0 DS   [-WA]
CS =0008 0000000000000000 ffffffff 00af9a00 DPL=0 CS64 [-R-]
SS =0010 0000000000000000 ffffffff 00cf9300 DPL=0 DS   [-WA]
DS =0010 0000000000000000 ffffffff 00cf9300 DPL=0 DS   [-WA]
FS =0010 0000000000000000 ffffffff 00cf9300 DPL=0 DS   [-WA]
GS =0010 0000000000000000 ffffffff 00cf9300 DPL=0 DS   [-WA]
LDT=0000 0000000000000000 0000ffff 00008200 DPL=0 LDT
TR =0000 0000000000000000 0000ffff 00008b00 DPL=0 TSS64-busy
GDT=     00000000001918c0 00000017
IDT=     00000000001900a0 00000fff
CR0=80000011 CR2=0000000000000000 CR3=0000000000104000 CR4=00000020
DR0=0000000000000000 DR1=0000000000000000 DR2=0000000000000000 DR3=0000000000000000 
DR6=00000000ffff0ff0 DR7=0000000000000400
CCS=0000000000000014 CCD=0000000000107f58 CCO=EFLAGS
EFER=0000000000000500
Servicing hardware INT=0x20
   331: v=20 e=0000 i=0 cpl=0 IP=0008:0000000000100500 pc=0000000000100500 SP=0010:0000000000107f80 env->regs[R_EAX]=0000000000000000
RAX=0000000000000000 RBX=0000000000000000 RCX=0000000000000002 RDX=00000000000003d5
RSI=0000000000000000 RDI=00000000000003d5 RBP=0000000000107ff0 RSP=0000000000107f80
R8 =0000000000000000 R9 =0000000000000000 R10=0000000000000000 R11=0000000000000000
R12=0000000000000000 R13=0000000000000000 R14=0000000000000000 R15=0000000000000000
RIP=0000000000100500 RFL=00000216 [----AP-] CPL=0 II=0 A20=1 SMM=0 HLT=0
ES =0010 0000000000000000 ffffffff 00cf9300 DPL=0 DS   [-WA]
CS =0008 0000000000000000 ffffffff 00af9a00 DPL=0 CS64 [-R-]
SS =0010 0000000000000000 ffffffff 00cf9300 DPL=0 DS   [-WA]
DS =0010 0000000000000000 ffffffff 00cf9300 DPL=0 DS   [-WA]
FS =0010 0000000000000000 ffffffff 00cf9300 DPL=0 DS   [-WA]
GS =0010 0000000000000000 ffffffff 00cf9300 DPL=0 DS   [-WA]
LDT=0000 0000000000000000 0000ffff 00008200 DPL=0 LDT
TR =0000 0000000000000000 0000ffff 00008b00 DPL=0 TSS64-busy
GDT=     00000000001918c0 00000017
IDT=     00000000001900a0 00000fff
CR0=80000011 CR2=0000000000000000 CR3=0000000000104000 CR4=00000020
DR0=0000000000000000 DR1=0000000000000000 DR2=0000000000000000 DR3=0000000000000000 
DR6=00000000ffff0ff0 DR7=0000000000000400
CCS=0000000000000014 CCD=0000000000107f58 CCO=EFLAGS
EFER=0000000000000500
Servicing hardware INT=0x20
   332: v=20 e=0000 i=0 cpl=0 IP=0008:0000000000100500 pc=0000000000100500 SP=0010:0000000000107f80 env->regs[R_EAX]=0000000000000000
RAX=0000000000000000 RBX=0000000000000000 RCX=0000000000000002 RDX=00000000000003d5
RSI=0000000000000000 RDI=00000000000003d5 RBP=0000000000107ff0 RSP=0000000000107f80
R8 =0000000000000000 R9 =0000000000000000 R10=0000000000000000 R11=0000000000000000
R12=0000000000000000 R13=0000000000000000 R14=0000000000000000 R15=0000000000000000
RIP=0000000000100500 RFL=00000216 [----AP-] CPL=0 II=0 A20=1 SMM=0 HLT=0
ES =0010 0000000000000000 ffffffff 00cf9300 DPL=0 DS   [-WA]
CS =0008 0000000000000000 ffffffff 00af9a00 DPL=0 CS64 [-R-]
SS =0010 0000000000000000 ffffffff 00cf9300 DPL=0 DS   [-WA]
DS =0010 0000000000000000 ffffffff 00cf9300 DPL=0 DS   [-WA]
FS =0010 0000000000000000 ffffffff 00cf9300 DPL=0 DS   [-WA]
GS =0010 0000000000000000 ffffffff 00cf9300 DPL=0 DS   [-WA]
LDT=0000 0000000000000000 0000ffff 00008200 DPL=0 LDT
TR =0000 0000000000000000 0000ffff 00008b00 DPL=0 TSS64-busy
GDT=     00000000001918c0 00000017
IDT=     00000000001900a0 00000fff
CR0=80000011 CR2=0000000000000000 CR3=0000000000104000 CR4=00000020
DR0=0000000000000000 DR1=0000000000000000 DR2=0000000000000000 DR3=0000000000000000 
DR6=00000000ffff0ff0 DR7=0000000000000400
CCS=0000000000000014 CCD=0000000000107f58 CCO=EFLAGS
EFER=0000000000000500
Servicing hardware INT=0x20
   333: v=20 e=0000 i=0 cpl=0 IP=0008:0000000000100500 pc=0000000000100500 SP=0010:0000000000107f80 env->regs[R_EAX]=0000000000000000
RAX=0000000000000000 RBX=0000000000000000 RCX=0000000000000002 RDX=00000000000003d5
RSI=0000000000000000 RDI=00000000000003d5 RBP=0000000000107ff0 RSP=0000000000107f80
R8 =0000000000000000 R9 =0000000000000000 R10=0000000000000000 R11=0000000000000000
R12=0000000000000000 R13=0000000000000000 R14=0000000000000000 R15=0000000000000000
RIP=0000000000100500 RFL=00000216 [----AP-] CPL=0 II=0 A20=1 SMM=0 HLT=0
ES =0010 0000000000000000 ffffffff 00cf9300 DPL=0 DS   [-WA]
CS =0008 0000000000000000 ffffffff 00af9a00 DPL=0 CS64 [-R-]
SS =0010 0000000000000000 ffffffff 00cf9300 DPL=0 DS   [-WA]
DS =0010 0000000000000000 ffffffff 00cf9300 DPL=0 DS   [-WA]
FS =0010 0000000000000000 ffffffff 00cf9300 DPL=0 DS   [-WA]
GS =0010 0000000000000000 ffffffff 00cf9300 DPL=0 DS   [-WA]
LDT=0000 0000000000000000 0000ffff 00008200 DPL=0 LDT
TR =0000 0000000000000000 0000ffff 00008b00 DPL=0 TSS64-busy
GDT=     00000000001918c0 00000017
IDT=     00000000001900a0 00000fff
CR0=80000011 CR2=0000000000000000 CR3=0000000000104000 CR4=00000020
DR0=0000000000000000 DR1=0000000000000000 DR2=0000000000000000 DR3=0000000000000000 
DR6=00000000ffff0ff0 DR7=0000000000000400
CCS=0000000000000014 CCD=0000000000107f58 CCO=EFLAGS
EFER=0000000000000500
Servicing hardware INT=0x20
   334: v=20 e=0000 i=0 cpl=0 IP=0008:0000000000100500 pc=0000000000100500 SP=0010:0000000000107f80 env->regs[R_EAX]=0000000000000000
RAX=0000000000000000 RBX=0000000000000000 RCX=0000000000000002 RDX=00000000000003d5
RSI=0000000000000000 RDI=00000000000003d5 RBP=0000000000107ff0 RSP=0000000000107f80
R8 =0000000000000000 R9 =0000000000000000 R10=0000000000000000 R11=0000000000000000
R12=0000000000000000 R13=0000000000000000 R14=0000000000000000 R15=0000000000000000
RIP=0000000000100500 RFL=00000216 [----AP-] CPL=0 II=0 A20=1 SMM=0 HLT=0
ES =0010 0000000000000000 ffffffff 00cf9300 DPL=0 DS   [-WA]
CS =0008 0000000000000000 ffffffff 00af9a00 DPL=0 CS64 [-R-]
SS =0010 0000000000000000 ffffffff 00cf9300 DPL=0 DS   [-WA]
DS =0010 0000000000000000 ffffffff 00cf9300 DPL=0 DS   [-WA]
FS =0010 0000000000000000 ffffffff 00cf9300 DPL=0 DS   [-WA]
GS =0010 0000000000000000 ffffffff 00cf9300 DPL=0 DS   [-WA]
LDT=0000 0000000000000000 0000ffff 00008200 DPL=0 LDT
TR =0000 0000000000000000 0000ffff 00008b00 DPL=0 TSS64-busy
GDT=     00000000001918c0 00000017
IDT=     00000000001900a0 00000fff
CR0=80000011 CR2=0000000000000000 CR3=0000000000104000 CR4=00000020
DR0=0000000000000000 DR1=0000000000000000 DR2=0000000000000000 DR3=0000000000000000 
DR6=00000000ffff0ff0 DR7=0000000000000400
CCS=0000000000000014 CCD=0000000000107f58 CCO=EFLAGS
EFER=0000000000000500
Servicing hardware INT=0x20
   335: v=20 e=0000 i=0 cpl=0 IP=0008:0000000000100500 pc=0000000000100500 SP=0010:0000000000107f80 env->regs[R_EAX]=0000000000000000
RAX=0000000000000000 RBX=0000000000000000 RCX=0000000000000002 RDX=00000000000003d5
RSI=0000000000000000 RDI=00000000000003d5 RBP=0000000000107ff0 RSP=0000000000107f80
R8 =0000000000000000 R9 =0000000000000000 R10=0000000000000000 R11=0000000000000000
R12=0000000000000000 R13=0000000000000000 R14=0000000000000000 R15=0000000000000000
RIP=0000000000100500 RFL=00000216 [----AP-] CPL=0 II=0 A20=1 SMM=0 HLT=0
ES =0010 0000000000000000 ffffffff 00cf9300 DPL=0 DS   [-WA]
CS =0008 0000000000000000 ffffffff 00af9a00 DPL=0 CS64 [-R-]
SS =0010 0000000000000000 ffffffff 00cf9300 DPL=0 DS   [-WA]
DS =0010 0000000000000000 ffffffff 00cf9300 DPL=0 DS   [-WA]
FS =0010 0000000000000000 ffffffff 00cf9300 DPL=0 DS   [-WA]
GS =0010 0000000000000000 ffffffff 00cf9300 DPL=0 DS   [-WA]
LDT=0000 0000000000000000 0000ffff 00008200 DPL=0 LDT
TR =0000 0000000000000000 0000ffff 00008b00 DPL=0 TSS64-busy
GDT=     00000000001918c0 00000017
IDT=     00000000001900a0 00000fff
CR0=80000011 CR2=0000000000000000 CR3=0000000000104000 CR4=00000020
DR0=0000000000000000 DR1=0000000000000000 DR2=0000000000000000 DR3=0000000000000000 
DR6=00000000ffff0ff0 DR7=0000000000000400
CCS=0000000000000014 CCD=0000000000107f58 CCO=EFLAGS
EFER=0000000000000500
Servicing hardware INT=0x20
   336: v=20 e=0000 i=0 cpl=0 IP=0008:0000000000100500 pc=0000000000100500 SP=0010:0000000000107f80 env->regs[R_EAX]=0000000000000000
RAX=0000000000000000 RBX=0000000000000000 RCX=0000000000000002 RDX=00000000000003d5
RSI=0000000000000000 RDI=00000000000003d5 RBP=0000000000107ff0 RSP=0000000000107f80
R8 =0000000000000000 R9 =0000000000000000 R10=0000000000000000 R11=0000000000000000
R12=0000000000000000 R13=0000000000000000 R14=0000000000000000 R15=0000000000000000
RIP=0000000000100500 RFL=00000216 [----AP-] CPL=0 II=0 A20=1 SMM=0 HLT=0
ES =0010 0000000000000000 ffffffff 00cf9300 DPL=0 DS   [-WA]
CS =0008 0000000000000000 ffffffff 00af9a00 DPL=0 CS64 [-R-]
SS =0010 0000000000000000 ffffffff 00cf9300 DPL=0 DS   [-WA]
DS =0010 0000000000000000 ffffffff 00cf9300 DPL=0 DS   [-WA]
FS =0010 0000000000000000 ffffffff 00cf9300 DPL=0 DS   [-WA]
GS =0010 0000000000000000 ffffffff 00cf9300 DPL=0 DS   [-WA]
LDT=0000 0000000000000000 0000ffff 00008200 DPL=0 LDT
TR =0000 0000000000000000 0000ffff 00008b00 DPL=0 TSS64-busy
GDT=     00000000001918c0 00000017
IDT=     00000000001900a0 00000fff
CR0=80000011 CR2=0000000000000000 CR3=0000000000104000 CR4=00000020
DR0=0000000000000000 DR1=0000000000000000 DR2=0000000000000000 DR3=0000000000000000 
DR6=00000000ffff0ff0 DR7=0000000000000400
CCS=0000000000000014 CCD=0000000000107f58 CCO=EFLAGS
EFER=0000000000000500
Servicing hardware INT=0x20
   337: v=20 e=0000 i=0 cpl=0 IP=0008:0000000000100500 pc=0000000000100500 SP=0010:0000000000107f80 env->regs[R_EAX]=0000000000000000
RAX=0000000000000000 RBX=0000000000000000 RCX=0000000000000002 RDX=00000000000003d5
RSI=0000000000000000 RDI=00000000000003d5 RBP=0000000000107ff0 RSP=0000000000107f80
R8 =0000000000000000 R9 =0000000000000000 R10=0000000000000000 R11=0000000000000000
R12=0000000000000000 R13=0000000000000000 R14=0000000000000000 R15=0000000000000000
RIP=0000000000100500 RFL=00000216 [----AP-] CPL=0 II=0 A20=1 SMM=0 HLT=0
ES =0010 0000000000000000 ffffffff 00cf9300 DPL=0 DS   [-WA]
CS =0008 0000000000000000 ffffffff 00af9a00 DPL=0 CS64 [-R-]
SS =0010 0000000000000000 ffffffff 00cf9300 DPL=0 DS   [-WA]
DS =0010 0000000000000000 ffffffff 00cf9300 DPL=0 DS   [-WA]
FS =0010 0000000000000000 ffffffff 00cf9300 DPL=0 DS   [-WA]
GS =0010 0000000000000000 ffffffff 00cf9300 DPL=0 DS   [-WA]
LDT=0000 0000000000000000 0000ffff 00008200 DPL=0 LDT
TR =0000 0000000000000000 0000ffff 00008b00 DPL=0 TSS64-busy
GDT=     00000000001918c0 00000017
IDT=     00000000001900a0 00000fff
CR0=80000011 CR2=0000000000000000 CR3=0000000000104000 CR4=00000020
DR0=0000000000000000 DR1=0000000000000000 DR2=0000000000000000 DR3=0000000000000000 
DR6=00000000ffff0ff0 DR7=0000000000000400
CCS=0000000000000014 CCD=0000000000107f58 CCO=EFLAGS
EFER=0000000000000500
Servicing hardware INT=0x20
   338: v=20 e=0000 i=0 cpl=0 IP=0008:0000000000100500 pc=0000000000100500 SP=0010:0000000000107f80 env->regs[R_EAX]=0000000000000000
RAX=0000000000000000 RBX=0000000000000000 RCX=0000000000000002 RDX=00000000000003d5
RSI=0000000000000000 RDI=00000000000003d5 RBP=0000000000107ff0 RSP=0000000000107f80
R8 =0000000000000000 R9 =0000000000000000 R10=0000000000000000 R11=0000000000000000
R12=0000000000000000 R13=0000000000000000 R14=0000000000000000 R15=0000000000000000
RIP=0000000000100500 RFL=00000216 [----AP-] CPL=0 II=0 A20=1 SMM=0 HLT=0
ES =0010 0000000000000000 ffffffff 00cf9300 DPL=0 DS   [-WA]
CS =0008 0000000000000000 ffffffff 00af9a00 DPL=0 CS64 [-R-]
SS =0010 0000000000000000 ffffffff 00cf9300 DPL=0 DS   [-WA]
DS =0010 0000000000000000 ffffffff 00cf9300 DPL=0 DS   [-WA]
FS =0010 0000000000000000 ffffffff 00cf9300 DPL=0 DS   [-WA]
GS =0010 0000000000000000 ffffffff 00cf9300 DPL=0 DS   [-WA]
LDT=0000 0000000000000000 0000ffff 00008200 DPL=0 LDT
TR =0000 0000000000000000 0000ffff 00008b00 DPL=0 TSS64-busy
GDT=     00000000001918c0 00000017
IDT=     00000000001900a0 00000fff
CR0=80000011 CR2=0000000000000000 CR3=0000000000104000 CR4=00000020
DR0=0000000000000000 DR1=0000000000000000 DR2=0000000000000000 DR3=0000000000000000 
DR6=00000000ffff0ff0 DR7=0000000000000400
CCS=0000000000000014 CCD=0000000000107f58 CCO=EFLAGS
EFER=0000000000000500
Servicing hardware INT=0x20
   339: v=20 e=0000 i=0 cpl=0 IP=0008:0000000000100500 pc=0000000000100500 SP=0010:0000000000107f80 env->regs[R_EAX]=0000000000000000
RAX=0000000000000000 RBX=0000000000000000 RCX=0000000000000002 RDX=00000000000003d5
RSI=0000000000000000 RDI=00000000000003d5 RBP=0000000000107ff0 RSP=0000000000107f80
R8 =0000000000000000 R9 =0000000000000000 R10=0000000000000000 R11=0000000000000000
R12=0000000000000000 R13=0000000000000000 R14=0000000000000000 R15=0000000000000000
RIP=0000000000100500 RFL=00000216 [----AP-] CPL=0 II=0 A20=1 SMM=0 HLT=0
ES =0010 0000000000000000 ffffffff 00cf9300 DPL=0 DS   [-WA]
CS =0008 0000000000000000 ffffffff 00af9a00 DPL=0 CS64 [-R-]
SS =0010 0000000000000000 ffffffff 00cf9300 DPL=0 DS   [-WA]
DS =0010 0000000000000000 ffffffff 00cf9300 DPL=0 DS   [-WA]
FS =0010 0000000000000000 ffffffff 00cf9300 DPL=0 DS   [-WA]
GS =0010 0000000000000000 ffffffff 00cf9300 DPL=0 DS   [-WA]
LDT=0000 0000000000000000 0000ffff 00008200 DPL=0 LDT
TR =0000 0000000000000000 0000ffff 00008b00 DPL=0 TSS64-busy
GDT=     00000000001918c0 00000017
IDT=     00000000001900a0 00000fff
CR0=80000011 CR2=0000000000000000 CR3=0000000000104000 CR4=00000020
DR0=0000000000000000 DR1=0000000000000000 DR2=0000000000000000 DR3=0000000000000000 
DR6=00000000ffff0ff0 DR7=0000000000000400
CCS=0000000000000014 CCD=0000000000107f58 CCO=EFLAGS
EFER=0000000000000500
Servicing hardware INT=0x20
   340: v=20 e=0000 i=0 cpl=0 IP=0008:0000000000100500 pc=0000000000100500 SP=0010:0000000000107f80 env->regs[R_EAX]=0000000000000000
RAX=0000000000000000 RBX=0000000000000000 RCX=0000000000000002 RDX=00000000000003d5
RSI=0000000000000000 RDI=00000000000003d5 RBP=0000000000107ff0 RSP=0000000000107f80
R8 =0000000000000000 R9 =0000000000000000 R10=0000000000000000 R11=0000000000000000
R12=0000000000000000 R13=0000000000000000 R14=0000000000000000 R15=0000000000000000
RIP=0000000000100500 RFL=00000216 [----AP-] CPL=0 II=0 A20=1 SMM=0 HLT=0
ES =0010 0000000000000000 ffffffff 00cf9300 DPL=0 DS   [-WA]
CS =0008 0000000000000000 ffffffff 00af9a00 DPL=0 CS64 [-R-]
SS =0010 0000000000000000 ffffffff 00cf9300 DPL=0 DS   [-WA]
DS =0010 0000000000000000 ffffffff 00cf9300 DPL=0 DS   [-WA]
FS =0010 0000000000000000 ffffffff 00cf9300 DPL=0 DS   [-WA]
GS =0010 0000000000000000 ffffffff 00cf9300 DPL=0 DS   [-WA]
LDT=0000 0000000000000000 0000ffff 00008200 DPL=0 LDT
TR =0000 0000000000000000 0000ffff 00008b00 DPL=0 TSS64-busy
GDT=     00000000001918c0 00000017
IDT=     00000000001900a0 00000fff
CR0=80000011 CR2=0000000000000000 CR3=0000000000104000 CR4=00000020
DR0=0000000000000000 DR1=0000000000000000 DR2=0000000000000000 DR3=0000000000000000 
DR6=00000000ffff0ff0 DR7=0000000000000400
CCS=0000000000000014 CCD=0000000000107f58 CCO=EFLAGS
EFER=0000000000000500
Servicing hardware INT=0x20
   341: v=20 e=0000 i=0 cpl=0 IP=0008:0000000000100500 pc=0000000000100500 SP=0010:0000000000107f80 env->regs[R_EAX]=0000000000000000
RAX=0000000000000000 RBX=0000000000000000 RCX=0000000000000002 RDX=00000000000003d5
RSI=0000000000000000 RDI=00000000000003d5 RBP=0000000000107ff0 RSP=0000000000107f80
R8 =0000000000000000 R9 =0000000000000000 R10=0000000000000000 R11=0000000000000000
R12=0000000000000000 R13=0000000000000000 R14=0000000000000000 R15=0000000000000000
RIP=0000000000100500 RFL=00000216 [----AP-] CPL=0 II=0 A20=1 SMM=0 HLT=0
ES =0010 0000000000000000 ffffffff 00cf9300 DPL=0 DS   [-WA]
CS =0008 0000000000000000 ffffffff 00af9a00 DPL=0 CS64 [-R-]
SS =0010 0000000000000000 ffffffff 00cf9300 DPL=0 DS   [-WA]
DS =0010 0000000000000000 ffffffff 00cf9300 DPL=0 DS   [-WA]
FS =0010 0000000000000000 ffffffff 00cf9300 DPL=0 DS   [-WA]
GS =0010 0000000000000000 ffffffff 00cf9300 DPL=0 DS   [-WA]
LDT=0000 0000000000000000 0000ffff 00008200 DPL=0 LDT
TR =0000 0000000000000000 0000ffff 00008b00 DPL=0 TSS64-busy
GDT=     00000000001918c0 00000017
IDT=     00000000001900a0 00000fff
CR0=80000011 CR2=0000000000000000 CR3=0000000000104000 CR4=00000020
DR0=0000000000000000 DR1=0000000000000000 DR2=0000000000000000 DR3=0000000000000000 
DR6=00000000ffff0ff0 DR7=0000000000000400
CCS=0000000000000014 CCD=0000000000107f58 CCO=EFLAGS
EFER=0000000000000500
Servicing hardware INT=0x20
   342: v=20 e=0000 i=0 cpl=0 IP=0008:0000000000100500 pc=0000000000100500 SP=0010:0000000000107f80 env->regs[R_EAX]=0000000000000000
RAX=0000000000000000 RBX=0000000000000000 RCX=0000000000000002 RDX=00000000000003d5
RSI=0000000000000000 RDI=00000000000003d5 RBP=0000000000107ff0 RSP=0000000000107f80
R8 =0000000000000000 R9 =0000000000000000 R10=0000000000000000 R11=0000000000000000
R12=0000000000000000 R13=0000000000000000 R14=0000000000000000 R15=0000000000000000
RIP=0000000000100500 RFL=00000216 [----AP-] CPL=0 II=0 A20=1 SMM=0 HLT=0
ES =0010 0000000000000000 ffffffff 00cf9300 DPL=0 DS   [-WA]
CS =0008 0000000000000000 ffffffff 00af9a00 DPL=0 CS64 [-R-]
SS =0010 0000000000000000 ffffffff 00cf9300 DPL=0 DS   [-WA]
DS =0010 0000000000000000 ffffffff 00cf9300 DPL=0 DS   [-WA]
FS =0010 0000000000000000 ffffffff 00cf9300 DPL=0 DS   [-WA]
GS =0010 0000000000000000 ffffffff 00cf9300 DPL=0 DS   [-WA]
LDT=0000 0000000000000000 0000ffff 00008200 DPL=0 LDT
TR =0000 0000000000000000 0000ffff 00008b00 DPL=0 TSS64-busy
GDT=     00000000001918c0 00000017
IDT=     00000000001900a0 00000fff
CR0=80000011 CR2=0000000000000000 CR3=0000000000104000 CR4=00000020
DR0=0000000000000000 DR1=0000000000000000 DR2=0000000000000000 DR3=0000000000000000 
DR6=00000000ffff0ff0 DR7=0000000000000400
CCS=0000000000000014 CCD=0000000000107f58 CCO=EFLAGS
EFER=0000000000000500
Servicing hardware INT=0x20
   343: v=20 e=0000 i=0 cpl=0 IP=0008:0000000000100500 pc=0000000000100500 SP=0010:0000000000107f80 env->regs[R_EAX]=0000000000000000
RAX=0000000000000000 RBX=0000000000000000 RCX=0000000000000002 RDX=00000000000003d5
RSI=0000000000000000 RDI=00000000000003d5 RBP=0000000000107ff0 RSP=0000000000107f80
R8 =0000000000000000 R9 =0000000000000000 R10=0000000000000000 R11=0000000000000000
R12=0000000000000000 R13=0000000000000000 R14=0000000000000000 R15=0000000000000000
RIP=0000000000100500 RFL=00000216 [----AP-] CPL=0 II=0 A20=1 SMM=0 HLT=0
ES =0010 0000000000000000 ffffffff 00cf9300 DPL=0 DS   [-WA]
CS =0008 0000000000000000 ffffffff 00af9a00 DPL=0 CS64 [-R-]
SS =0010 0000000000000000 ffffffff 00cf9300 DPL=0 DS   [-WA]
DS =0010 0000000000000000 ffffffff 00cf9300 DPL=0 DS   [-WA]
FS =0010 0000000000000000 ffffffff 00cf9300 DPL=0 DS   [-WA]
GS =0010 0000000000000000 ffffffff 00cf9300 DPL=0 DS   [-WA]
LDT=0000 0000000000000000 0000ffff 00008200 DPL=0 LDT
TR =0000 0000000000000000 0000ffff 00008b00 DPL=0 TSS64-busy
GDT=     00000000001918c0 00000017
IDT=     00000000001900a0 00000fff
CR0=80000011 CR2=0000000000000000 CR3=0000000000104000 CR4=00000020
DR0=0000000000000000 DR1=0000000000000000 DR2=0000000000000000 DR3=0000000000000000 
DR6=00000000ffff0ff0 DR7=0000000000000400
CCS=0000000000000014 CCD=0000000000107f58 CCO=EFLAGS
EFER=0000000000000500
Servicing hardware INT=0x20
   344: v=20 e=0000 i=0 cpl=0 IP=0008:0000000000100500 pc=0000000000100500 SP=0010:0000000000107f80 env->regs[R_EAX]=0000000000000000
RAX=0000000000000000 RBX=0000000000000000 RCX=0000000000000002 RDX=00000000000003d5
RSI=0000000000000000 RDI=00000000000003d5 RBP=0000000000107ff0 RSP=0000000000107f80
R8 =0000000000000000 R9 =0000000000000000 R10=0000000000000000 R11=0000000000000000
R12=0000000000000000 R13=0000000000000000 R14=0000000000000000 R15=0000000000000000
RIP=0000000000100500 RFL=00000216 [----AP-] CPL=0 II=0 A20=1 SMM=0 HLT=0
ES =0010 0000000000000000 ffffffff 00cf9300 DPL=0 DS   [-WA]
CS =0008 0000000000000000 ffffffff 00af9a00 DPL=0 CS64 [-R-]
SS =0010 0000000000000000 ffffffff 00cf9300 DPL=0 DS   [-WA]
DS =0010 0000000000000000 ffffffff 00cf9300 DPL=0 DS   [-WA]
FS =0010 0000000000000000 ffffffff 00cf9300 DPL=0 DS   [-WA]
GS =0010 0000000000000000 ffffffff 00cf9300 DPL=0 DS   [-WA]
LDT=0000 0000000000000000 0000ffff 00008200 DPL=0 LDT
TR =0000 0000000000000000 0000ffff 00008b00 DPL=0 TSS64-busy
GDT=     00000000001918c0 00000017
IDT=     00000000001900a0 00000fff
CR0=80000011 CR2=0000000000000000 CR3=0000000000104000 CR4=00000020
DR0=0000000000000000 DR1=0000000000000000 DR2=0000000000000000 DR3=0000000000000000 
DR6=00000000ffff0ff0 DR7=0000000000000400
CCS=0000000000000014 CCD=0000000000107f58 CCO=EFLAGS
EFER=0000000000000500
Servicing hardware INT=0x20
   345: v=20 e=0000 i=0 cpl=0 IP=0008:0000000000100500 pc=0000000000100500 SP=0010:0000000000107f80 env->regs[R_EAX]=0000000000000000
RAX=0000000000000000 RBX=0000000000000000 RCX=0000000000000002 RDX=00000000000003d5
RSI=0000000000000000 RDI=00000000000003d5 RBP=0000000000107ff0 RSP=0000000000107f80
R8 =0000000000000000 R9 =0000000000000000 R10=0000000000000000 R11=0000000000000000
R12=0000000000000000 R13=0000000000000000 R14=0000000000000000 R15=0000000000000000
RIP=0000000000100500 RFL=00000216 [----AP-] CPL=0 II=0 A20=1 SMM=0 HLT=0
ES =0010 0000000000000000 ffffffff 00cf9300 DPL=0 DS   [-WA]
CS =0008 0000000000000000 ffffffff 00af9a00 DPL=0 CS64 [-R-]
SS =0010 0000000000000000 ffffffff 00cf9300 DPL=0 DS   [-WA]
DS =0010 0000000000000000 ffffffff 00cf9300 DPL=0 DS   [-WA]
FS =0010 0000000000000000 ffffffff 00cf9300 DPL=0 DS   [-WA]
GS =0010 0000000000000000 ffffffff 00cf9300 DPL=0 DS   [-WA]
LDT=0000 0000000000000000 0000ffff 00008200 DPL=0 LDT
TR =0000 0000000000000000 0000ffff 00008b00 DPL=0 TSS64-busy
GDT=     00000000001918c0 00000017
IDT=     00000000001900a0 00000fff
CR0=80000011 CR2=0000000000000000 CR3=0000000000104000 CR4=00000020
DR0=0000000000000000 DR1=0000000000000000 DR2=0000000000000000 DR3=0000000000000000 
DR6=00000000ffff0ff0 DR7=0000000000000400
CCS=0000000000000014 CCD=0000000000107f58 CCO=EFLAGS
EFER=0000000000000500
Servicing hardware INT=0x20
   346: v=20 e=0000 i=0 cpl=0 IP=0008:0000000000100500 pc=0000000000100500 SP=0010:0000000000107f80 env->regs[R_EAX]=0000000000000000
RAX=0000000000000000 RBX=0000000000000000 RCX=0000000000000002 RDX=00000000000003d5
RSI=0000000000000000 RDI=00000000000003d5 RBP=0000000000107ff0 RSP=0000000000107f80
R8 =0000000000000000 R9 =0000000000000000 R10=0000000000000000 R11=0000000000000000
R12=0000000000000000 R13=0000000000000000 R14=0000000000000000 R15=0000000000000000
RIP=0000000000100500 RFL=00000216 [----AP-] CPL=0 II=0 A20=1 SMM=0 HLT=0
ES =0010 0000000000000000 ffffffff 00cf9300 DPL=0 DS   [-WA]
CS =0008 0000000000000000 ffffffff 00af9a00 DPL=0 CS64 [-R-]
SS =0010 0000000000000000 ffffffff 00cf9300 DPL=0 DS   [-WA]
DS =0010 0000000000000000 ffffffff 00cf9300 DPL=0 DS   [-WA]
FS =0010 0000000000000000 ffffffff 00cf9300 DPL=0 DS   [-WA]
GS =0010 0000000000000000 ffffffff 00cf9300 DPL=0 DS   [-WA]
LDT=0000 0000000000000000 0000ffff 00008200 DPL=0 LDT
TR =0000 0000000000000000 0000ffff 00008b00 DPL=0 TSS64-busy
GDT=     00000000001918c0 00000017
IDT=     00000000001900a0 00000fff
CR0=80000011 CR2=0000000000000000 CR3=0000000000104000 CR4=00000020
DR0=0000000000000000 DR1=0000000000000000 DR2=0000000000000000 DR3=0000000000000000 
DR6=00000000ffff0ff0 DR7=0000000000000400
CCS=0000000000000014 CCD=0000000000107f58 CCO=EFLAGS
EFER=0000000000000500
Servicing hardware INT=0x20
   347: v=20 e=0000 i=0 cpl=0 IP=0008:0000000000100500 pc=0000000000100500 SP=0010:0000000000107f80 env->regs[R_EAX]=0000000000000000
RAX=0000000000000000 RBX=0000000000000000 RCX=0000000000000002 RDX=00000000000003d5
RSI=0000000000000000 RDI=00000000000003d5 RBP=0000000000107ff0 RSP=0000000000107f80
R8 =0000000000000000 R9 =0000000000000000 R10=0000000000000000 R11=0000000000000000
R12=0000000000000000 R13=0000000000000000 R14=0000000000000000 R15=0000000000000000
RIP=0000000000100500 RFL=00000216 [----AP-] CPL=0 II=0 A20=1 SMM=0 HLT=0
ES =0010 0000000000000000 ffffffff 00cf9300 DPL=0 DS   [-WA]
CS =0008 0000000000000000 ffffffff 00af9a00 DPL=0 CS64 [-R-]
SS =0010 0000000000000000 ffffffff 00cf9300 DPL=0 DS   [-WA]
DS =0010 0000000000000000 ffffffff 00cf9300 DPL=0 DS   [-WA]
FS =0010 0000000000000000 ffffffff 00cf9300 DPL=0 DS   [-WA]
GS =0010 0000000000000000 ffffffff 00cf9300 DPL=0 DS   [-WA]
LDT=0000 0000000000000000 0000ffff 00008200 DPL=0 LDT
TR =0000 0000000000000000 0000ffff 00008b00 DPL=0 TSS64-busy
GDT=     00000000001918c0 00000017
IDT=     00000000001900a0 00000fff
CR0=80000011 CR2=0000000000000000 CR3=0000000000104000 CR4=00000020
DR0=0000000000000000 DR1=0000000000000000 DR2=0000000000000000 DR3=0000000000000000 
DR6=00000000ffff0ff0 DR7=0000000000000400
CCS=0000000000000014 CCD=0000000000107f58 CCO=EFLAGS
EFER=0000000000000500
Servicing hardware INT=0x20
   348: v=20 e=0000 i=0 cpl=0 IP=0008:0000000000100500 pc=0000000000100500 SP=0010:0000000000107f80 env->regs[R_EAX]=0000000000000000
RAX=0000000000000000 RBX=0000000000000000 RCX=0000000000000002 RDX=00000000000003d5
RSI=0000000000000000 RDI=00000000000003d5 RBP=0000000000107ff0 RSP=0000000000107f80
R8 =0000000000000000 R9 =0000000000000000 R10=0000000000000000 R11=0000000000000000
R12=0000000000000000 R13=0000000000000000 R14=0000000000000000 R15=0000000000000000
RIP=0000000000100500 RFL=00000216 [----AP-] CPL=0 II=0 A20=1 SMM=0 HLT=0
ES =0010 0000000000000000 ffffffff 00cf9300 DPL=0 DS   [-WA]
CS =0008 0000000000000000 ffffffff 00af9a00 DPL=0 CS64 [-R-]
SS =0010 0000000000000000 ffffffff 00cf9300 DPL=0 DS   [-WA]
DS =0010 0000000000000000 ffffffff 00cf9300 DPL=0 DS   [-WA]
FS =0010 0000000000000000 ffffffff 00cf9300 DPL=0 DS   [-WA]
GS =0010 0000000000000000 ffffffff 00cf9300 DPL=0 DS   [-WA]
LDT=0000 0000000000000000 0000ffff 00008200 DPL=0 LDT
TR =0000 0000000000000000 0000ffff 00008b00 DPL=0 TSS64-busy
GDT=     00000000001918c0 00000017
IDT=     00000000001900a0 00000fff
CR0=80000011 CR2=0000000000000000 CR3=0000000000104000 CR4=00000020
DR0=0000000000000000 DR1=0000000000000000 DR2=0000000000000000 DR3=0000000000000000 
DR6=00000000ffff0ff0 DR7=0000000000000400
CCS=0000000000000014 CCD=0000000000107f58 CCO=EFLAGS
EFER=0000000000000500
Servicing hardware INT=0x20
   349: v=20 e=0000 i=0 cpl=0 IP=0008:0000000000100500 pc=0000000000100500 SP=0010:0000000000107f80 env->regs[R_EAX]=0000000000000000
RAX=0000000000000000 RBX=0000000000000000 RCX=0000000000000002 RDX=00000000000003d5
RSI=0000000000000000 RDI=00000000000003d5 RBP=0000000000107ff0 RSP=0000000000107f80
R8 =0000000000000000 R9 =0000000000000000 R10=0000000000000000 R11=0000000000000000
R12=0000000000000000 R13=0000000000000000 R14=0000000000000000 R15=0000000000000000
RIP=0000000000100500 RFL=00000216 [----AP-] CPL=0 II=0 A20=1 SMM=0 HLT=0
ES =0010 0000000000000000 ffffffff 00cf9300 DPL=0 DS   [-WA]
CS =0008 0000000000000000 ffffffff 00af9a00 DPL=0 CS64 [-R-]
SS =0010 0000000000000000 ffffffff 00cf9300 DPL=0 DS   [-WA]
DS =0010 0000000000000000 ffffffff 00cf9300 DPL=0 DS   [-WA]
FS =0010 0000000000000000 ffffffff 00cf9300 DPL=0 DS   [-WA]
GS =0010 0000000000000000 ffffffff 00cf9300 DPL=0 DS   [-WA]
LDT=0000 0000000000000000 0000ffff 00008200 DPL=0 LDT
TR =0000 0000000000000000 0000ffff 00008b00 DPL=0 TSS64-busy
GDT=     00000000001918c0 00000017
IDT=     00000000001900a0 00000fff
CR0=80000011 CR2=0000000000000000 CR3=0000000000104000 CR4=00000020
DR0=0000000000000000 DR1=0000000000000000 DR2=0000000000000000 DR3=0000000000000000 
DR6=00000000ffff0ff0 DR7=0000000000000400
CCS=0000000000000014 CCD=0000000000107f58 CCO=EFLAGS
EFER=0000000000000500
Servicing hardware INT=0x20
   350: v=20 e=0000 i=0 cpl=0 IP=0008:0000000000100500 pc=0000000000100500 SP=0010:0000000000107f80 env->regs[R_EAX]=0000000000000000
RAX=0000000000000000 RBX=0000000000000000 RCX=0000000000000002 RDX=00000000000003d5
RSI=0000000000000000 RDI=00000000000003d5 RBP=0000000000107ff0 RSP=0000000000107f80
R8 =0000000000000000 R9 =0000000000000000 R10=0000000000000000 R11=0000000000000000
R12=0000000000000000 R13=0000000000000000 R14=0000000000000000 R15=0000000000000000
RIP=0000000000100500 RFL=00000216 [----AP-] CPL=0 II=0 A20=1 SMM=0 HLT=0
ES =0010 0000000000000000 ffffffff 00cf9300 DPL=0 DS   [-WA]
CS =0008 0000000000000000 ffffffff 00af9a00 DPL=0 CS64 [-R-]
SS =0010 0000000000000000 ffffffff 00cf9300 DPL=0 DS   [-WA]
DS =0010 0000000000000000 ffffffff 00cf9300 DPL=0 DS   [-WA]
FS =0010 0000000000000000 ffffffff 00cf9300 DPL=0 DS   [-WA]
GS =0010 0000000000000000 ffffffff 00cf9300 DPL=0 DS   [-WA]
LDT=0000 0000000000000000 0000ffff 00008200 DPL=0 LDT
TR =0000 0000000000000000 0000ffff 00008b00 DPL=0 TSS64-busy
GDT=     00000000001918c0 00000017
IDT=     00000000001900a0 00000fff
CR0=80000011 CR2=0000000000000000 CR3=0000000000104000 CR4=00000020
DR0=0000000000000000 DR1=0000000000000000 DR2=0000000000000000 DR3=0000000000000000 
DR6=00000000ffff0ff0 DR7=0000000000000400
CCS=0000000000000014 CCD=0000000000107f58 CCO=EFLAGS
EFER=0000000000000500
Servicing hardware INT=0x20
   351: v=20 e=0000 i=0 cpl=0 IP=0008:0000000000100500 pc=0000000000100500 SP=0010:0000000000107f80 env->regs[R_EAX]=0000000000000000
RAX=0000000000000000 RBX=0000000000000000 RCX=0000000000000002 RDX=00000000000003d5
RSI=0000000000000000 RDI=00000000000003d5 RBP=0000000000107ff0 RSP=0000000000107f80
R8 =0000000000000000 R9 =0000000000000000 R10=0000000000000000 R11=0000000000000000
R12=0000000000000000 R13=0000000000000000 R14=0000000000000000 R15=0000000000000000
RIP=0000000000100500 RFL=00000216 [----AP-] CPL=0 II=0 A20=1 SMM=0 HLT=0
ES =0010 0000000000000000 ffffffff 00cf9300 DPL=0 DS   [-WA]
CS =0008 0000000000000000 ffffffff 00af9a00 DPL=0 CS64 [-R-]
SS =0010 0000000000000000 ffffffff 00cf9300 DPL=0 DS   [-WA]
DS =0010 0000000000000000 ffffffff 00cf9300 DPL=0 DS   [-WA]
FS =0010 0000000000000000 ffffffff 00cf9300 DPL=0 DS   [-WA]
GS =0010 0000000000000000 ffffffff 00cf9300 DPL=0 DS   [-WA]
LDT=0000 0000000000000000 0000ffff 00008200 DPL=0 LDT
TR =0000 0000000000000000 0000ffff 00008b00 DPL=0 TSS64-busy
GDT=     00000000001918c0 00000017
IDT=     00000000001900a0 00000fff
CR0=80000011 CR2=0000000000000000 CR3=0000000000104000 CR4=00000020
DR0=0000000000000000 DR1=0000000000000000 DR2=0000000000000000 DR3=0000000000000000 
DR6=00000000ffff0ff0 DR7=0000000000000400
CCS=0000000000000014 CCD=0000000000107f58 CCO=EFLAGS
EFER=0000000000000500
Servicing hardware INT=0x20
   352: v=20 e=0000 i=0 cpl=0 IP=0008:0000000000100500 pc=0000000000100500 SP=0010:0000000000107f80 env->regs[R_EAX]=0000000000000000
RAX=0000000000000000 RBX=0000000000000000 RCX=0000000000000002 RDX=00000000000003d5
RSI=0000000000000000 RDI=00000000000003d5 RBP=0000000000107ff0 RSP=0000000000107f80
R8 =0000000000000000 R9 =0000000000000000 R10=0000000000000000 R11=0000000000000000
R12=0000000000000000 R13=0000000000000000 R14=0000000000000000 R15=0000000000000000
RIP=0000000000100500 RFL=00000216 [----AP-] CPL=0 II=0 A20=1 SMM=0 HLT=0
ES =0010 0000000000000000 ffffffff 00cf9300 DPL=0 DS   [-WA]
CS =0008 0000000000000000 ffffffff 00af9a00 DPL=0 CS64 [-R-]
SS =0010 0000000000000000 ffffffff 00cf9300 DPL=0 DS   [-WA]
DS =0010 0000000000000000 ffffffff 00cf9300 DPL=0 DS   [-WA]
FS =0010 0000000000000000 ffffffff 00cf9300 DPL=0 DS   [-WA]
GS =0010 0000000000000000 ffffffff 00cf9300 DPL=0 DS   [-WA]
LDT=0000 0000000000000000 0000ffff 00008200 DPL=0 LDT
TR =0000 0000000000000000 0000ffff 00008b00 DPL=0 TSS64-busy
GDT=     00000000001918c0 00000017
IDT=     00000000001900a0 00000fff
CR0=80000011 CR2=0000000000000000 CR3=0000000000104000 CR4=00000020
DR0=0000000000000000 DR1=0000000000000000 DR2=0000000000000000 DR3=0000000000000000 
DR6=00000000ffff0ff0 DR7=0000000000000400
CCS=0000000000000014 CCD=0000000000107f58 CCO=EFLAGS
EFER=0000000000000500
Servicing hardware INT=0x20
   353: v=20 e=0000 i=0 cpl=0 IP=0008:0000000000100500 pc=0000000000100500 SP=0010:0000000000107f80 env->regs[R_EAX]=0000000000000000
RAX=0000000000000000 RBX=0000000000000000 RCX=0000000000000002 RDX=00000000000003d5
RSI=0000000000000000 RDI=00000000000003d5 RBP=0000000000107ff0 RSP=0000000000107f80
R8 =0000000000000000 R9 =0000000000000000 R10=0000000000000000 R11=0000000000000000
R12=0000000000000000 R13=0000000000000000 R14=0000000000000000 R15=0000000000000000
RIP=0000000000100500 RFL=00000216 [----AP-] CPL=0 II=0 A20=1 SMM=0 HLT=0
ES =0010 0000000000000000 ffffffff 00cf9300 DPL=0 DS   [-WA]
CS =0008 0000000000000000 ffffffff 00af9a00 DPL=0 CS64 [-R-]
SS =0010 0000000000000000 ffffffff 00cf9300 DPL=0 DS   [-WA]
DS =0010 0000000000000000 ffffffff 00cf9300 DPL=0 DS   [-WA]
FS =0010 0000000000000000 ffffffff 00cf9300 DPL=0 DS   [-WA]
GS =0010 0000000000000000 ffffffff 00cf9300 DPL=0 DS   [-WA]
LDT=0000 0000000000000000 0000ffff 00008200 DPL=0 LDT
TR =0000 0000000000000000 0000ffff 00008b00 DPL=0 TSS64-busy
GDT=     00000000001918c0 00000017
IDT=     00000000001900a0 00000fff
CR0=80000011 CR2=0000000000000000 CR3=0000000000104000 CR4=00000020
DR0=0000000000000000 DR1=0000000000000000 DR2=0000000000000000 DR3=0000000000000000 
DR6=00000000ffff0ff0 DR7=0000000000000400
CCS=0000000000000014 CCD=0000000000107f58 CCO=EFLAGS
EFER=0000000000000500
Servicing hardware INT=0x20
   354: v=20 e=0000 i=0 cpl=0 IP=0008:0000000000100500 pc=0000000000100500 SP=0010:0000000000107f80 env->regs[R_EAX]=0000000000000000
RAX=0000000000000000 RBX=0000000000000000 RCX=0000000000000002 RDX=00000000000003d5
RSI=0000000000000000 RDI=00000000000003d5 RBP=0000000000107ff0 RSP=0000000000107f80
R8 =0000000000000000 R9 =0000000000000000 R10=0000000000000000 R11=0000000000000000
R12=0000000000000000 R13=0000000000000000 R14=0000000000000000 R15=0000000000000000
RIP=0000000000100500 RFL=00000216 [----AP-] CPL=0 II=0 A20=1 SMM=0 HLT=0
ES =0010 0000000000000000 ffffffff 00cf9300 DPL=0 DS   [-WA]
CS =0008 0000000000000000 ffffffff 00af9a00 DPL=0 CS64 [-R-]
SS =0010 0000000000000000 ffffffff 00cf9300 DPL=0 DS   [-WA]
DS =0010 0000000000000000 ffffffff 00cf9300 DPL=0 DS   [-WA]
FS =0010 0000000000000000 ffffffff 00cf9300 DPL=0 DS   [-WA]
GS =0010 0000000000000000 ffffffff 00cf9300 DPL=0 DS   [-WA]
LDT=0000 0000000000000000 0000ffff 00008200 DPL=0 LDT
TR =0000 0000000000000000 0000ffff 00008b00 DPL=0 TSS64-busy
GDT=     00000000001918c0 00000017
IDT=     00000000001900a0 00000fff
CR0=80000011 CR2=0000000000000000 CR3=0000000000104000 CR4=00000020
DR0=0000000000000000 DR1=0000000000000000 DR2=0000000000000000 DR3=0000000000000000 
DR6=00000000ffff0ff0 DR7=0000000000000400
CCS=0000000000000014 CCD=0000000000107f58 CCO=EFLAGS
EFER=0000000000000500
Servicing hardware INT=0x20
   355: v=20 e=0000 i=0 cpl=0 IP=0008:0000000000100500 pc=0000000000100500 SP=0010:0000000000107f80 env->regs[R_EAX]=0000000000000000
RAX=0000000000000000 RBX=0000000000000000 RCX=0000000000000002 RDX=00000000000003d5
RSI=0000000000000000 RDI=00000000000003d5 RBP=0000000000107ff0 RSP=0000000000107f80
R8 =0000000000000000 R9 =0000000000000000 R10=0000000000000000 R11=0000000000000000
R12=0000000000000000 R13=0000000000000000 R14=0000000000000000 R15=0000000000000000
RIP=0000000000100500 RFL=00000216 [----AP-] CPL=0 II=0 A20=1 SMM=0 HLT=0
ES =0010 0000000000000000 ffffffff 00cf9300 DPL=0 DS   [-WA]
CS =0008 0000000000000000 ffffffff 00af9a00 DPL=0 CS64 [-R-]
SS =0010 0000000000000000 ffffffff 00cf9300 DPL=0 DS   [-WA]
DS =0010 0000000000000000 ffffffff 00cf9300 DPL=0 DS   [-WA]
FS =0010 0000000000000000 ffffffff 00cf9300 DPL=0 DS   [-WA]
GS =0010 0000000000000000 ffffffff 00cf9300 DPL=0 DS   [-WA]
LDT=0000 0000000000000000 0000ffff 00008200 DPL=0 LDT
TR =0000 0000000000000000 0000ffff 00008b00 DPL=0 TSS64-busy
GDT=     00000000001918c0 00000017
IDT=     00000000001900a0 00000fff
CR0=80000011 CR2=0000000000000000 CR3=0000000000104000 CR4=00000020
DR0=0000000000000000 DR1=0000000000000000 DR2=0000000000000000 DR3=0000000000000000 
DR6=00000000ffff0ff0 DR7=0000000000000400
CCS=0000000000000014 CCD=0000000000107f58 CCO=EFLAGS
EFER=0000000000000500
Servicing hardware INT=0x20
   356: v=20 e=0000 i=0 cpl=0 IP=0008:0000000000100500 pc=0000000000100500 SP=0010:0000000000107f80 env->regs[R_EAX]=0000000000000000
RAX=0000000000000000 RBX=0000000000000000 RCX=0000000000000002 RDX=00000000000003d5
RSI=0000000000000000 RDI=00000000000003d5 RBP=0000000000107ff0 RSP=0000000000107f80
R8 =0000000000000000 R9 =0000000000000000 R10=0000000000000000 R11=0000000000000000
R12=0000000000000000 R13=0000000000000000 R14=0000000000000000 R15=0000000000000000
RIP=0000000000100500 RFL=00000216 [----AP-] CPL=0 II=0 A20=1 SMM=0 HLT=0
ES =0010 0000000000000000 ffffffff 00cf9300 DPL=0 DS   [-WA]
CS =0008 0000000000000000 ffffffff 00af9a00 DPL=0 CS64 [-R-]
SS =0010 0000000000000000 ffffffff 00cf9300 DPL=0 DS   [-WA]
DS =0010 0000000000000000 ffffffff 00cf9300 DPL=0 DS   [-WA]
FS =0010 0000000000000000 ffffffff 00cf9300 DPL=0 DS   [-WA]
GS =0010 0000000000000000 ffffffff 00cf9300 DPL=0 DS   [-WA]
LDT=0000 0000000000000000 0000ffff 00008200 DPL=0 LDT
TR =0000 0000000000000000 0000ffff 00008b00 DPL=0 TSS64-busy
GDT=     00000000001918c0 00000017
IDT=     00000000001900a0 00000fff
CR0=80000011 CR2=0000000000000000 CR3=0000000000104000 CR4=00000020
DR0=0000000000000000 DR1=0000000000000000 DR2=0000000000000000 DR3=0000000000000000 
DR6=00000000ffff0ff0 DR7=0000000000000400
CCS=0000000000000014 CCD=0000000000107f58 CCO=EFLAGS
EFER=0000000000000500
Servicing hardware INT=0x20
   357: v=20 e=0000 i=0 cpl=0 IP=0008:0000000000100500 pc=0000000000100500 SP=0010:0000000000107f80 env->regs[R_EAX]=0000000000000000
RAX=0000000000000000 RBX=0000000000000000 RCX=0000000000000002 RDX=00000000000003d5
RSI=0000000000000000 RDI=00000000000003d5 RBP=0000000000107ff0 RSP=0000000000107f80
R8 =0000000000000000 R9 =0000000000000000 R10=0000000000000000 R11=0000000000000000
R12=0000000000000000 R13=0000000000000000 R14=0000000000000000 R15=0000000000000000
RIP=0000000000100500 RFL=00000216 [----AP-] CPL=0 II=0 A20=1 SMM=0 HLT=0
ES =0010 0000000000000000 ffffffff 00cf9300 DPL=0 DS   [-WA]
CS =0008 0000000000000000 ffffffff 00af9a00 DPL=0 CS64 [-R-]
SS =0010 0000000000000000 ffffffff 00cf9300 DPL=0 DS   [-WA]
DS =0010 0000000000000000 ffffffff 00cf9300 DPL=0 DS   [-WA]
FS =0010 0000000000000000 ffffffff 00cf9300 DPL=0 DS   [-WA]
GS =0010 0000000000000000 ffffffff 00cf9300 DPL=0 DS   [-WA]
LDT=0000 0000000000000000 0000ffff 00008200 DPL=0 LDT
TR =0000 0000000000000000 0000ffff 00008b00 DPL=0 TSS64-busy
GDT=     00000000001918c0 00000017
IDT=     00000000001900a0 00000fff
CR0=80000011 CR2=0000000000000000 CR3=0000000000104000 CR4=00000020
DR0=0000000000000000 DR1=0000000000000000 DR2=0000000000000000 DR3=0000000000000000 
DR6=00000000ffff0ff0 DR7=0000000000000400
CCS=0000000000000014 CCD=0000000000107f58 CCO=EFLAGS
EFER=0000000000000500
Servicing hardware INT=0x20
   358: v=20 e=0000 i=0 cpl=0 IP=0008:0000000000100500 pc=0000000000100500 SP=0010:0000000000107f80 env->regs[R_EAX]=0000000000000000
RAX=0000000000000000 RBX=0000000000000000 RCX=0000000000000002 RDX=00000000000003d5
RSI=0000000000000000 RDI=00000000000003d5 RBP=0000000000107ff0 RSP=0000000000107f80
R8 =0000000000000000 R9 =0000000000000000 R10=0000000000000000 R11=0000000000000000
R12=0000000000000000 R13=0000000000000000 R14=0000000000000000 R15=0000000000000000
RIP=0000000000100500 RFL=00000216 [----AP-] CPL=0 II=0 A20=1 SMM=0 HLT=0
ES =0010 0000000000000000 ffffffff 00cf9300 DPL=0 DS   [-WA]
CS =0008 0000000000000000 ffffffff 00af9a00 DPL=0 CS64 [-R-]
SS =0010 0000000000000000 ffffffff 00cf9300 DPL=0 DS   [-WA]
DS =0010 0000000000000000 ffffffff 00cf9300 DPL=0 DS   [-WA]
FS =0010 0000000000000000 ffffffff 00cf9300 DPL=0 DS   [-WA]
GS =0010 0000000000000000 ffffffff 00cf9300 DPL=0 DS   [-WA]
LDT=0000 0000000000000000 0000ffff 00008200 DPL=0 LDT
TR =0000 0000000000000000 0000ffff 00008b00 DPL=0 TSS64-busy
GDT=     00000000001918c0 00000017
IDT=     00000000001900a0 00000fff
CR0=80000011 CR2=0000000000000000 CR3=0000000000104000 CR4=00000020
DR0=0000000000000000 DR1=0000000000000000 DR2=0000000000000000 DR3=0000000000000000 
DR6=00000000ffff0ff0 DR7=0000000000000400
CCS=0000000000000014 CCD=0000000000107f58 CCO=EFLAGS
EFER=0000000000000500
Servicing hardware INT=0x20
   359: v=20 e=0000 i=0 cpl=0 IP=0008:0000000000100500 pc=0000000000100500 SP=0010:0000000000107f80 env->regs[R_EAX]=0000000000000000
RAX=0000000000000000 RBX=0000000000000000 RCX=0000000000000002 RDX=00000000000003d5
RSI=0000000000000000 RDI=00000000000003d5 RBP=0000000000107ff0 RSP=0000000000107f80
R8 =0000000000000000 R9 =0000000000000000 R10=0000000000000000 R11=0000000000000000
R12=0000000000000000 R13=0000000000000000 R14=0000000000000000 R15=0000000000000000
RIP=0000000000100500 RFL=00000216 [----AP-] CPL=0 II=0 A20=1 SMM=0 HLT=0
ES =0010 0000000000000000 ffffffff 00cf9300 DPL=0 DS   [-WA]
CS =0008 0000000000000000 ffffffff 00af9a00 DPL=0 CS64 [-R-]
SS =0010 0000000000000000 ffffffff 00cf9300 DPL=0 DS   [-WA]
DS =0010 0000000000000000 ffffffff 00cf9300 DPL=0 DS   [-WA]
FS =0010 0000000000000000 ffffffff 00cf9300 DPL=0 DS   [-WA]
GS =0010 0000000000000000 ffffffff 00cf9300 DPL=0 DS   [-WA]
LDT=0000 0000000000000000 0000ffff 00008200 DPL=0 LDT
TR =0000 0000000000000000 0000ffff 00008b00 DPL=0 TSS64-busy
GDT=     00000000001918c0 00000017
IDT=     00000000001900a0 00000fff
CR0=80000011 CR2=0000000000000000 CR3=0000000000104000 CR4=00000020
DR0=0000000000000000 DR1=0000000000000000 DR2=0000000000000000 DR3=0000000000000000 
DR6=00000000ffff0ff0 DR7=0000000000000400
CCS=0000000000000014 CCD=0000000000107f58 CCO=EFLAGS
EFER=0000000000000500
Servicing hardware INT=0x20
   360: v=20 e=0000 i=0 cpl=0 IP=0008:0000000000100500 pc=0000000000100500 SP=0010:0000000000107f80 env->regs[R_EAX]=0000000000000000
RAX=0000000000000000 RBX=0000000000000000 RCX=0000000000000002 RDX=00000000000003d5
RSI=0000000000000000 RDI=00000000000003d5 RBP=0000000000107ff0 RSP=0000000000107f80
R8 =0000000000000000 R9 =0000000000000000 R10=0000000000000000 R11=0000000000000000
R12=0000000000000000 R13=0000000000000000 R14=0000000000000000 R15=0000000000000000
RIP=0000000000100500 RFL=00000216 [----AP-] CPL=0 II=0 A20=1 SMM=0 HLT=0
ES =0010 0000000000000000 ffffffff 00cf9300 DPL=0 DS   [-WA]
CS =0008 0000000000000000 ffffffff 00af9a00 DPL=0 CS64 [-R-]
SS =0010 0000000000000000 ffffffff 00cf9300 DPL=0 DS   [-WA]
DS =0010 0000000000000000 ffffffff 00cf9300 DPL=0 DS   [-WA]
FS =0010 0000000000000000 ffffffff 00cf9300 DPL=0 DS   [-WA]
GS =0010 0000000000000000 ffffffff 00cf9300 DPL=0 DS   [-WA]
LDT=0000 0000000000000000 0000ffff 00008200 DPL=0 LDT
TR =0000 0000000000000000 0000ffff 00008b00 DPL=0 TSS64-busy
GDT=     00000000001918c0 00000017
IDT=     00000000001900a0 00000fff
CR0=80000011 CR2=0000000000000000 CR3=0000000000104000 CR4=00000020
DR0=0000000000000000 DR1=0000000000000000 DR2=0000000000000000 DR3=0000000000000000 
DR6=00000000ffff0ff0 DR7=0000000000000400
CCS=0000000000000014 CCD=0000000000107f58 CCO=EFLAGS
EFER=0000000000000500
Servicing hardware INT=0x20
   361: v=20 e=0000 i=0 cpl=0 IP=0008:0000000000100500 pc=0000000000100500 SP=0010:0000000000107f80 env->regs[R_EAX]=0000000000000000
RAX=0000000000000000 RBX=0000000000000000 RCX=0000000000000002 RDX=00000000000003d5
RSI=0000000000000000 RDI=00000000000003d5 RBP=0000000000107ff0 RSP=0000000000107f80
R8 =0000000000000000 R9 =0000000000000000 R10=0000000000000000 R11=0000000000000000
R12=0000000000000000 R13=0000000000000000 R14=0000000000000000 R15=0000000000000000
RIP=0000000000100500 RFL=00000216 [----AP-] CPL=0 II=0 A20=1 SMM=0 HLT=0
ES =0010 0000000000000000 ffffffff 00cf9300 DPL=0 DS   [-WA]
CS =0008 0000000000000000 ffffffff 00af9a00 DPL=0 CS64 [-R-]
SS =0010 0000000000000000 ffffffff 00cf9300 DPL=0 DS   [-WA]
DS =0010 0000000000000000 ffffffff 00cf9300 DPL=0 DS   [-WA]
FS =0010 0000000000000000 ffffffff 00cf9300 DPL=0 DS   [-WA]
GS =0010 0000000000000000 ffffffff 00cf9300 DPL=0 DS   [-WA]
LDT=0000 0000000000000000 0000ffff 00008200 DPL=0 LDT
TR =0000 0000000000000000 0000ffff 00008b00 DPL=0 TSS64-busy
GDT=     00000000001918c0 00000017
IDT=     00000000001900a0 00000fff
CR0=80000011 CR2=0000000000000000 CR3=0000000000104000 CR4=00000020
DR0=0000000000000000 DR1=0000000000000000 DR2=0000000000000000 DR3=0000000000000000 
DR6=00000000ffff0ff0 DR7=0000000000000400
CCS=0000000000000014 CCD=0000000000107f58 CCO=EFLAGS
EFER=0000000000000500
Servicing hardware INT=0x20
   362: v=20 e=0000 i=0 cpl=0 IP=0008:0000000000100500 pc=0000000000100500 SP=0010:0000000000107f80 env->regs[R_EAX]=0000000000000000
RAX=0000000000000000 RBX=0000000000000000 RCX=0000000000000002 RDX=00000000000003d5
RSI=0000000000000000 RDI=00000000000003d5 RBP=0000000000107ff0 RSP=0000000000107f80
R8 =0000000000000000 R9 =0000000000000000 R10=0000000000000000 R11=0000000000000000
R12=0000000000000000 R13=0000000000000000 R14=0000000000000000 R15=0000000000000000
RIP=0000000000100500 RFL=00000216 [----AP-] CPL=0 II=0 A20=1 SMM=0 HLT=0
ES =0010 0000000000000000 ffffffff 00cf9300 DPL=0 DS   [-WA]
CS =0008 0000000000000000 ffffffff 00af9a00 DPL=0 CS64 [-R-]
SS =0010 0000000000000000 ffffffff 00cf9300 DPL=0 DS   [-WA]
DS =0010 0000000000000000 ffffffff 00cf9300 DPL=0 DS   [-WA]
FS =0010 0000000000000000 ffffffff 00cf9300 DPL=0 DS   [-WA]
GS =0010 0000000000000000 ffffffff 00cf9300 DPL=0 DS   [-WA]
LDT=0000 0000000000000000 0000ffff 00008200 DPL=0 LDT
TR =0000 0000000000000000 0000ffff 00008b00 DPL=0 TSS64-busy
GDT=     00000000001918c0 00000017
IDT=     00000000001900a0 00000fff
CR0=80000011 CR2=0000000000000000 CR3=0000000000104000 CR4=00000020
DR0=0000000000000000 DR1=0000000000000000 DR2=0000000000000000 DR3=0000000000000000 
DR6=00000000ffff0ff0 DR7=0000000000000400
CCS=0000000000000014 CCD=0000000000107f58 CCO=EFLAGS
EFER=0000000000000500
Servicing hardware INT=0x20
   363: v=20 e=0000 i=0 cpl=0 IP=0008:0000000000100500 pc=0000000000100500 SP=0010:0000000000107f80 env->regs[R_EAX]=0000000000000000
RAX=0000000000000000 RBX=0000000000000000 RCX=0000000000000002 RDX=00000000000003d5
RSI=0000000000000000 RDI=00000000000003d5 RBP=0000000000107ff0 RSP=0000000000107f80
R8 =0000000000000000 R9 =0000000000000000 R10=0000000000000000 R11=0000000000000000
R12=0000000000000000 R13=0000000000000000 R14=0000000000000000 R15=0000000000000000
RIP=0000000000100500 RFL=00000216 [----AP-] CPL=0 II=0 A20=1 SMM=0 HLT=0
ES =0010 0000000000000000 ffffffff 00cf9300 DPL=0 DS   [-WA]
CS =0008 0000000000000000 ffffffff 00af9a00 DPL=0 CS64 [-R-]
SS =0010 0000000000000000 ffffffff 00cf9300 DPL=0 DS   [-WA]
DS =0010 0000000000000000 ffffffff 00cf9300 DPL=0 DS   [-WA]
FS =0010 0000000000000000 ffffffff 00cf9300 DPL=0 DS   [-WA]
GS =0010 0000000000000000 ffffffff 00cf9300 DPL=0 DS   [-WA]
LDT=0000 0000000000000000 0000ffff 00008200 DPL=0 LDT
TR =0000 0000000000000000 0000ffff 00008b00 DPL=0 TSS64-busy
GDT=     00000000001918c0 00000017
IDT=     00000000001900a0 00000fff
CR0=80000011 CR2=0000000000000000 CR3=0000000000104000 CR4=00000020
DR0=0000000000000000 DR1=0000000000000000 DR2=0000000000000000 DR3=0000000000000000 
DR6=00000000ffff0ff0 DR7=0000000000000400
CCS=0000000000000014 CCD=0000000000107f58 CCO=EFLAGS
EFER=0000000000000500
Servicing hardware INT=0x20
   364: v=20 e=0000 i=0 cpl=0 IP=0008:0000000000100500 pc=0000000000100500 SP=0010:0000000000107f80 env->regs[R_EAX]=0000000000000000
RAX=0000000000000000 RBX=0000000000000000 RCX=0000000000000002 RDX=00000000000003d5
RSI=0000000000000000 RDI=00000000000003d5 RBP=0000000000107ff0 RSP=0000000000107f80
R8 =0000000000000000 R9 =0000000000000000 R10=0000000000000000 R11=0000000000000000
R12=0000000000000000 R13=0000000000000000 R14=0000000000000000 R15=0000000000000000
RIP=0000000000100500 RFL=00000216 [----AP-] CPL=0 II=0 A20=1 SMM=0 HLT=0
ES =0010 0000000000000000 ffffffff 00cf9300 DPL=0 DS   [-WA]
CS =0008 0000000000000000 ffffffff 00af9a00 DPL=0 CS64 [-R-]
SS =0010 0000000000000000 ffffffff 00cf9300 DPL=0 DS   [-WA]
DS =0010 0000000000000000 ffffffff 00cf9300 DPL=0 DS   [-WA]
FS =0010 0000000000000000 ffffffff 00cf9300 DPL=0 DS   [-WA]
GS =0010 0000000000000000 ffffffff 00cf9300 DPL=0 DS   [-WA]
LDT=0000 0000000000000000 0000ffff 00008200 DPL=0 LDT
TR =0000 0000000000000000 0000ffff 00008b00 DPL=0 TSS64-busy
GDT=     00000000001918c0 00000017
IDT=     00000000001900a0 00000fff
CR0=80000011 CR2=0000000000000000 CR3=0000000000104000 CR4=00000020
DR0=0000000000000000 DR1=0000000000000000 DR2=0000000000000000 DR3=0000000000000000 
DR6=00000000ffff0ff0 DR7=0000000000000400
CCS=0000000000000014 CCD=0000000000107f58 CCO=EFLAGS
EFER=0000000000000500
Servicing hardware INT=0x20
   365: v=20 e=0000 i=0 cpl=0 IP=0008:0000000000100500 pc=0000000000100500 SP=0010:0000000000107f80 env->regs[R_EAX]=0000000000000000
RAX=0000000000000000 RBX=0000000000000000 RCX=0000000000000002 RDX=00000000000003d5
RSI=0000000000000000 RDI=00000000000003d5 RBP=0000000000107ff0 RSP=0000000000107f80
R8 =0000000000000000 R9 =0000000000000000 R10=0000000000000000 R11=0000000000000000
R12=0000000000000000 R13=0000000000000000 R14=0000000000000000 R15=0000000000000000
RIP=0000000000100500 RFL=00000216 [----AP-] CPL=0 II=0 A20=1 SMM=0 HLT=0
ES =0010 0000000000000000 ffffffff 00cf9300 DPL=0 DS   [-WA]
CS =0008 0000000000000000 ffffffff 00af9a00 DPL=0 CS64 [-R-]
SS =0010 0000000000000000 ffffffff 00cf9300 DPL=0 DS   [-WA]
DS =0010 0000000000000000 ffffffff 00cf9300 DPL=0 DS   [-WA]
FS =0010 0000000000000000 ffffffff 00cf9300 DPL=0 DS   [-WA]
GS =0010 0000000000000000 ffffffff 00cf9300 DPL=0 DS   [-WA]
LDT=0000 0000000000000000 0000ffff 00008200 DPL=0 LDT
TR =0000 0000000000000000 0000ffff 00008b00 DPL=0 TSS64-busy
GDT=     00000000001918c0 00000017
IDT=     00000000001900a0 00000fff
CR0=80000011 CR2=0000000000000000 CR3=0000000000104000 CR4=00000020
DR0=0000000000000000 DR1=0000000000000000 DR2=0000000000000000 DR3=0000000000000000 
DR6=00000000ffff0ff0 DR7=0000000000000400
CCS=0000000000000014 CCD=0000000000107f58 CCO=EFLAGS
EFER=0000000000000500
Servicing hardware INT=0x20
   366: v=20 e=0000 i=0 cpl=0 IP=0008:0000000000100500 pc=0000000000100500 SP=0010:0000000000107f80 env->regs[R_EAX]=0000000000000000
RAX=0000000000000000 RBX=0000000000000000 RCX=0000000000000002 RDX=00000000000003d5
RSI=0000000000000000 RDI=00000000000003d5 RBP=0000000000107ff0 RSP=0000000000107f80
R8 =0000000000000000 R9 =0000000000000000 R10=0000000000000000 R11=0000000000000000
R12=0000000000000000 R13=0000000000000000 R14=0000000000000000 R15=0000000000000000
RIP=0000000000100500 RFL=00000216 [----AP-] CPL=0 II=0 A20=1 SMM=0 HLT=0
ES =0010 0000000000000000 ffffffff 00cf9300 DPL=0 DS   [-WA]
CS =0008 0000000000000000 ffffffff 00af9a00 DPL=0 CS64 [-R-]
SS =0010 0000000000000000 ffffffff 00cf9300 DPL=0 DS   [-WA]
DS =0010 0000000000000000 ffffffff 00cf9300 DPL=0 DS   [-WA]
FS =0010 0000000000000000 ffffffff 00cf9300 DPL=0 DS   [-WA]
GS =0010 0000000000000000 ffffffff 00cf9300 DPL=0 DS   [-WA]
LDT=0000 0000000000000000 0000ffff 00008200 DPL=0 LDT
TR =0000 0000000000000000 0000ffff 00008b00 DPL=0 TSS64-busy
GDT=     00000000001918c0 00000017
IDT=     00000000001900a0 00000fff
CR0=80000011 CR2=0000000000000000 CR3=0000000000104000 CR4=00000020
DR0=0000000000000000 DR1=0000000000000000 DR2=0000000000000000 DR3=0000000000000000 
DR6=00000000ffff0ff0 DR7=0000000000000400
CCS=0000000000000014 CCD=0000000000107f58 CCO=EFLAGS
EFER=0000000000000500
Servicing hardware INT=0x20
   367: v=20 e=0000 i=0 cpl=0 IP=0008:0000000000100500 pc=0000000000100500 SP=0010:0000000000107f80 env->regs[R_EAX]=0000000000000000
RAX=0000000000000000 RBX=0000000000000000 RCX=0000000000000002 RDX=00000000000003d5
RSI=0000000000000000 RDI=00000000000003d5 RBP=0000000000107ff0 RSP=0000000000107f80
R8 =0000000000000000 R9 =0000000000000000 R10=0000000000000000 R11=0000000000000000
R12=0000000000000000 R13=0000000000000000 R14=0000000000000000 R15=0000000000000000
RIP=0000000000100500 RFL=00000216 [----AP-] CPL=0 II=0 A20=1 SMM=0 HLT=0
ES =0010 0000000000000000 ffffffff 00cf9300 DPL=0 DS   [-WA]
CS =0008 0000000000000000 ffffffff 00af9a00 DPL=0 CS64 [-R-]
SS =0010 0000000000000000 ffffffff 00cf9300 DPL=0 DS   [-WA]
DS =0010 0000000000000000 ffffffff 00cf9300 DPL=0 DS   [-WA]
FS =0010 0000000000000000 ffffffff 00cf9300 DPL=0 DS   [-WA]
GS =0010 0000000000000000 ffffffff 00cf9300 DPL=0 DS   [-WA]
LDT=0000 0000000000000000 0000ffff 00008200 DPL=0 LDT
TR =0000 0000000000000000 0000ffff 00008b00 DPL=0 TSS64-busy
GDT=     00000000001918c0 00000017
IDT=     00000000001900a0 00000fff
CR0=80000011 CR2=0000000000000000 CR3=0000000000104000 CR4=00000020
DR0=0000000000000000 DR1=0000000000000000 DR2=0000000000000000 DR3=0000000000000000 
DR6=00000000ffff0ff0 DR7=0000000000000400
CCS=0000000000000014 CCD=0000000000107f58 CCO=EFLAGS
EFER=0000000000000500
Servicing hardware INT=0x20
   368: v=20 e=0000 i=0 cpl=0 IP=0008:0000000000100500 pc=0000000000100500 SP=0010:0000000000107f80 env->regs[R_EAX]=0000000000000000
RAX=0000000000000000 RBX=0000000000000000 RCX=0000000000000002 RDX=00000000000003d5
RSI=0000000000000000 RDI=00000000000003d5 RBP=0000000000107ff0 RSP=0000000000107f80
R8 =0000000000000000 R9 =0000000000000000 R10=0000000000000000 R11=0000000000000000
R12=0000000000000000 R13=0000000000000000 R14=0000000000000000 R15=0000000000000000
RIP=0000000000100500 RFL=00000216 [----AP-] CPL=0 II=0 A20=1 SMM=0 HLT=0
ES =0010 0000000000000000 ffffffff 00cf9300 DPL=0 DS   [-WA]
CS =0008 0000000000000000 ffffffff 00af9a00 DPL=0 CS64 [-R-]
SS =0010 0000000000000000 ffffffff 00cf9300 DPL=0 DS   [-WA]
DS =0010 0000000000000000 ffffffff 00cf9300 DPL=0 DS   [-WA]
FS =0010 0000000000000000 ffffffff 00cf9300 DPL=0 DS   [-WA]
GS =0010 0000000000000000 ffffffff 00cf9300 DPL=0 DS   [-WA]
LDT=0000 0000000000000000 0000ffff 00008200 DPL=0 LDT
TR =0000 0000000000000000 0000ffff 00008b00 DPL=0 TSS64-busy
GDT=     00000000001918c0 00000017
IDT=     00000000001900a0 00000fff
CR0=80000011 CR2=0000000000000000 CR3=0000000000104000 CR4=00000020
DR0=0000000000000000 DR1=0000000000000000 DR2=0000000000000000 DR3=0000000000000000 
DR6=00000000ffff0ff0 DR7=0000000000000400
CCS=0000000000000014 CCD=0000000000107f58 CCO=EFLAGS
EFER=0000000000000500
Servicing hardware INT=0x20
   369: v=20 e=0000 i=0 cpl=0 IP=0008:0000000000100500 pc=0000000000100500 SP=0010:0000000000107f80 env->regs[R_EAX]=0000000000000000
RAX=0000000000000000 RBX=0000000000000000 RCX=0000000000000002 RDX=00000000000003d5
RSI=0000000000000000 RDI=00000000000003d5 RBP=0000000000107ff0 RSP=0000000000107f80
R8 =0000000000000000 R9 =0000000000000000 R10=0000000000000000 R11=0000000000000000
R12=0000000000000000 R13=0000000000000000 R14=0000000000000000 R15=0000000000000000
RIP=0000000000100500 RFL=00000216 [----AP-] CPL=0 II=0 A20=1 SMM=0 HLT=0
ES =0010 0000000000000000 ffffffff 00cf9300 DPL=0 DS   [-WA]
CS =0008 0000000000000000 ffffffff 00af9a00 DPL=0 CS64 [-R-]
SS =0010 0000000000000000 ffffffff 00cf9300 DPL=0 DS   [-WA]
DS =0010 0000000000000000 ffffffff 00cf9300 DPL=0 DS   [-WA]
FS =0010 0000000000000000 ffffffff 00cf9300 DPL=0 DS   [-WA]
GS =0010 0000000000000000 ffffffff 00cf9300 DPL=0 DS   [-WA]
LDT=0000 0000000000000000 0000ffff 00008200 DPL=0 LDT
TR =0000 0000000000000000 0000ffff 00008b00 DPL=0 TSS64-busy
GDT=     00000000001918c0 00000017
IDT=     00000000001900a0 00000fff
CR0=80000011 CR2=0000000000000000 CR3=0000000000104000 CR4=00000020
DR0=0000000000000000 DR1=0000000000000000 DR2=0000000000000000 DR3=0000000000000000 
DR6=00000000ffff0ff0 DR7=0000000000000400
CCS=0000000000000014 CCD=0000000000107f58 CCO=EFLAGS
EFER=0000000000000500
Servicing hardware INT=0x21
   370: v=21 e=0000 i=0 cpl=0 IP=0008:0000000000100500 pc=0000000000100500 SP=0010:0000000000107f80 env->regs[R_EAX]=0000000000000000
RAX=0000000000000000 RBX=0000000000000000 RCX=0000000000000002 RDX=00000000000003d5
RSI=0000000000000000 RDI=00000000000003d5 RBP=0000000000107ff0 RSP=0000000000107f80
R8 =0000000000000000 R9 =0000000000000000 R10=0000000000000000 R11=0000000000000000
R12=0000000000000000 R13=0000000000000000 R14=0000000000000000 R15=0000000000000000
RIP=0000000000100500 RFL=00000216 [----AP-] CPL=0 II=0 A20=1 SMM=0 HLT=0
ES =0010 0000000000000000 ffffffff 00cf9300 DPL=0 DS   [-WA]
CS =0008 0000000000000000 ffffffff 00af9a00 DPL=0 CS64 [-R-]
SS =0010 0000000000000000 ffffffff 00cf9300 DPL=0 DS   [-WA]
DS =0010 0000000000000000 ffffffff 00cf9300 DPL=0 DS   [-WA]
FS =0010 0000000000000000 ffffffff 00cf9300 DPL=0 DS   [-WA]
GS =0010 0000000000000000 ffffffff 00cf9300 DPL=0 DS   [-WA]
LDT=0000 0000000000000000 0000ffff 00008200 DPL=0 LDT
TR =0000 0000000000000000 0000ffff 00008b00 DPL=0 TSS64-busy
GDT=     00000000001918c0 00000017
IDT=     00000000001900a0 00000fff
CR0=80000011 CR2=0000000000000000 CR3=0000000000104000 CR4=00000020
DR0=0000000000000000 DR1=0000000000000000 DR2=0000000000000000 DR3=0000000000000000 
DR6=00000000ffff0ff0 DR7=0000000000000400
CCS=0000000000000014 CCD=0000000000107f58 CCO=EFLAGS
EFER=0000000000000500
Servicing hardware INT=0x20
   371: v=20 e=0000 i=0 cpl=0 IP=0008:0000000000100500 pc=0000000000100500 SP=0010:0000000000107f80 env->regs[R_EAX]=0000000000000000
RAX=0000000000000000 RBX=0000000000000000 RCX=0000000000000002 RDX=00000000000003d5
RSI=0000000000000000 RDI=00000000000003d5 RBP=0000000000107ff0 RSP=0000000000107f80
R8 =0000000000000000 R9 =0000000000000000 R10=0000000000000000 R11=0000000000000000
R12=0000000000000000 R13=0000000000000000 R14=0000000000000000 R15=0000000000000000
RIP=0000000000100500 RFL=00000216 [----AP-] CPL=0 II=0 A20=1 SMM=0 HLT=0
ES =0010 0000000000000000 ffffffff 00cf9300 DPL=0 DS   [-WA]
CS =0008 0000000000000000 ffffffff 00af9a00 DPL=0 CS64 [-R-]
SS =0010 0000000000000000 ffffffff 00cf9300 DPL=0 DS   [-WA]
DS =0010 0000000000000000 ffffffff 00cf9300 DPL=0 DS   [-WA]
FS =0010 0000000000000000 ffffffff 00cf9300 DPL=0 DS   [-WA]
GS =0010 0000000000000000 ffffffff 00cf9300 DPL=0 DS   [-WA]
LDT=0000 0000000000000000 0000ffff 00008200 DPL=0 LDT
TR =0000 0000000000000000 0000ffff 00008b00 DPL=0 TSS64-busy
GDT=     00000000001918c0 00000017
IDT=     00000000001900a0 00000fff
CR0=80000011 CR2=0000000000000000 CR3=0000000000104000 CR4=00000020
DR0=0000000000000000 DR1=0000000000000000 DR2=0000000000000000 DR3=0000000000000000 
DR6=00000000ffff0ff0 DR7=0000000000000400
CCS=0000000000000014 CCD=0000000000107f58 CCO=EFLAGS
EFER=0000000000000500
Servicing hardware INT=0x20
   372: v=20 e=0000 i=0 cpl=0 IP=0008:0000000000100500 pc=0000000000100500 SP=0010:0000000000107f80 env->regs[R_EAX]=0000000000000000
RAX=0000000000000000 RBX=0000000000000000 RCX=0000000000000002 RDX=00000000000003d5
RSI=0000000000000000 RDI=00000000000003d5 RBP=0000000000107ff0 RSP=0000000000107f80
R8 =0000000000000000 R9 =0000000000000000 R10=0000000000000000 R11=0000000000000000
R12=0000000000000000 R13=0000000000000000 R14=0000000000000000 R15=0000000000000000
RIP=0000000000100500 RFL=00000216 [----AP-] CPL=0 II=0 A20=1 SMM=0 HLT=0
ES =0010 0000000000000000 ffffffff 00cf9300 DPL=0 DS   [-WA]
CS =0008 0000000000000000 ffffffff 00af9a00 DPL=0 CS64 [-R-]
SS =0010 0000000000000000 ffffffff 00cf9300 DPL=0 DS   [-WA]
DS =0010 0000000000000000 ffffffff 00cf9300 DPL=0 DS   [-WA]
FS =0010 0000000000000000 ffffffff 00cf9300 DPL=0 DS   [-WA]
GS =0010 0000000000000000 ffffffff 00cf9300 DPL=0 DS   [-WA]
LDT=0000 0000000000000000 0000ffff 00008200 DPL=0 LDT
TR =0000 0000000000000000 0000ffff 00008b00 DPL=0 TSS64-busy
GDT=     00000000001918c0 00000017
IDT=     00000000001900a0 00000fff
CR0=80000011 CR2=0000000000000000 CR3=0000000000104000 CR4=00000020
DR0=0000000000000000 DR1=0000000000000000 DR2=0000000000000000 DR3=0000000000000000 
DR6=00000000ffff0ff0 DR7=0000000000000400
CCS=0000000000000014 CCD=0000000000107f58 CCO=EFLAGS
EFER=0000000000000500
Servicing hardware INT=0x20
   373: v=20 e=0000 i=0 cpl=0 IP=0008:0000000000100500 pc=0000000000100500 SP=0010:0000000000107f80 env->regs[R_EAX]=0000000000000000
RAX=0000000000000000 RBX=0000000000000000 RCX=0000000000000002 RDX=00000000000003d5
RSI=0000000000000000 RDI=00000000000003d5 RBP=0000000000107ff0 RSP=0000000000107f80
R8 =0000000000000000 R9 =0000000000000000 R10=0000000000000000 R11=0000000000000000
R12=0000000000000000 R13=0000000000000000 R14=0000000000000000 R15=0000000000000000
RIP=0000000000100500 RFL=00000216 [----AP-] CPL=0 II=0 A20=1 SMM=0 HLT=0
ES =0010 0000000000000000 ffffffff 00cf9300 DPL=0 DS   [-WA]
CS =0008 0000000000000000 ffffffff 00af9a00 DPL=0 CS64 [-R-]
SS =0010 0000000000000000 ffffffff 00cf9300 DPL=0 DS   [-WA]
DS =0010 0000000000000000 ffffffff 00cf9300 DPL=0 DS   [-WA]
FS =0010 0000000000000000 ffffffff 00cf9300 DPL=0 DS   [-WA]
GS =0010 0000000000000000 ffffffff 00cf9300 DPL=0 DS   [-WA]
LDT=0000 0000000000000000 0000ffff 00008200 DPL=0 LDT
TR =0000 0000000000000000 0000ffff 00008b00 DPL=0 TSS64-busy
GDT=     00000000001918c0 00000017
IDT=     00000000001900a0 00000fff
CR0=80000011 CR2=0000000000000000 CR3=0000000000104000 CR4=00000020
DR0=0000000000000000 DR1=0000000000000000 DR2=0000000000000000 DR3=0000000000000000 
DR6=00000000ffff0ff0 DR7=0000000000000400
CCS=0000000000000014 CCD=0000000000107f58 CCO=EFLAGS
EFER=0000000000000500
Servicing hardware INT=0x20
   374: v=20 e=0000 i=0 cpl=0 IP=0008:0000000000100500 pc=0000000000100500 SP=0010:0000000000107f80 env->regs[R_EAX]=0000000000000000
RAX=0000000000000000 RBX=0000000000000000 RCX=0000000000000002 RDX=00000000000003d5
RSI=0000000000000000 RDI=00000000000003d5 RBP=0000000000107ff0 RSP=0000000000107f80
R8 =0000000000000000 R9 =0000000000000000 R10=0000000000000000 R11=0000000000000000
R12=0000000000000000 R13=0000000000000000 R14=0000000000000000 R15=0000000000000000
RIP=0000000000100500 RFL=00000216 [----AP-] CPL=0 II=0 A20=1 SMM=0 HLT=0
ES =0010 0000000000000000 ffffffff 00cf9300 DPL=0 DS   [-WA]
CS =0008 0000000000000000 ffffffff 00af9a00 DPL=0 CS64 [-R-]
SS =0010 0000000000000000 ffffffff 00cf9300 DPL=0 DS   [-WA]
DS =0010 0000000000000000 ffffffff 00cf9300 DPL=0 DS   [-WA]
FS =0010 0000000000000000 ffffffff 00cf9300 DPL=0 DS   [-WA]
GS =0010 0000000000000000 ffffffff 00cf9300 DPL=0 DS   [-WA]
LDT=0000 0000000000000000 0000ffff 00008200 DPL=0 LDT
TR =0000 0000000000000000 0000ffff 00008b00 DPL=0 TSS64-busy
GDT=     00000000001918c0 00000017
IDT=     00000000001900a0 00000fff
CR0=80000011 CR2=0000000000000000 CR3=0000000000104000 CR4=00000020
DR0=0000000000000000 DR1=0000000000000000 DR2=0000000000000000 DR3=0000000000000000 
DR6=00000000ffff0ff0 DR7=0000000000000400
CCS=0000000000000014 CCD=0000000000107f58 CCO=EFLAGS
EFER=0000000000000500
Servicing hardware INT=0x20
   375: v=20 e=0000 i=0 cpl=0 IP=0008:0000000000100500 pc=0000000000100500 SP=0010:0000000000107f80 env->regs[R_EAX]=0000000000000000
RAX=0000000000000000 RBX=0000000000000000 RCX=0000000000000002 RDX=00000000000003d5
RSI=0000000000000000 RDI=00000000000003d5 RBP=0000000000107ff0 RSP=0000000000107f80
R8 =0000000000000000 R9 =0000000000000000 R10=0000000000000000 R11=0000000000000000
R12=0000000000000000 R13=0000000000000000 R14=0000000000000000 R15=0000000000000000
RIP=0000000000100500 RFL=00000216 [----AP-] CPL=0 II=0 A20=1 SMM=0 HLT=0
ES =0010 0000000000000000 ffffffff 00cf9300 DPL=0 DS   [-WA]
CS =0008 0000000000000000 ffffffff 00af9a00 DPL=0 CS64 [-R-]
SS =0010 0000000000000000 ffffffff 00cf9300 DPL=0 DS   [-WA]
DS =0010 0000000000000000 ffffffff 00cf9300 DPL=0 DS   [-WA]
FS =0010 0000000000000000 ffffffff 00cf9300 DPL=0 DS   [-WA]
GS =0010 0000000000000000 ffffffff 00cf9300 DPL=0 DS   [-WA]
LDT=0000 0000000000000000 0000ffff 00008200 DPL=0 LDT
TR =0000 0000000000000000 0000ffff 00008b00 DPL=0 TSS64-busy
GDT=     00000000001918c0 00000017
IDT=     00000000001900a0 00000fff
CR0=80000011 CR2=0000000000000000 CR3=0000000000104000 CR4=00000020
DR0=0000000000000000 DR1=0000000000000000 DR2=0000000000000000 DR3=0000000000000000 
DR6=00000000ffff0ff0 DR7=0000000000000400
CCS=0000000000000014 CCD=0000000000107f58 CCO=EFLAGS
EFER=0000000000000500
Servicing hardware INT=0x20
   376: v=20 e=0000 i=0 cpl=0 IP=0008:0000000000100500 pc=0000000000100500 SP=0010:0000000000107f80 env->regs[R_EAX]=0000000000000000
RAX=0000000000000000 RBX=0000000000000000 RCX=0000000000000002 RDX=00000000000003d5
RSI=0000000000000000 RDI=00000000000003d5 RBP=0000000000107ff0 RSP=0000000000107f80
R8 =0000000000000000 R9 =0000000000000000 R10=0000000000000000 R11=0000000000000000
R12=0000000000000000 R13=0000000000000000 R14=0000000000000000 R15=0000000000000000
RIP=0000000000100500 RFL=00000216 [----AP-] CPL=0 II=0 A20=1 SMM=0 HLT=0
ES =0010 0000000000000000 ffffffff 00cf9300 DPL=0 DS   [-WA]
CS =0008 0000000000000000 ffffffff 00af9a00 DPL=0 CS64 [-R-]
SS =0010 0000000000000000 ffffffff 00cf9300 DPL=0 DS   [-WA]
DS =0010 0000000000000000 ffffffff 00cf9300 DPL=0 DS   [-WA]
FS =0010 0000000000000000 ffffffff 00cf9300 DPL=0 DS   [-WA]
GS =0010 0000000000000000 ffffffff 00cf9300 DPL=0 DS   [-WA]
LDT=0000 0000000000000000 0000ffff 00008200 DPL=0 LDT
TR =0000 0000000000000000 0000ffff 00008b00 DPL=0 TSS64-busy
GDT=     00000000001918c0 00000017
IDT=     00000000001900a0 00000fff
CR0=80000011 CR2=0000000000000000 CR3=0000000000104000 CR4=00000020
DR0=0000000000000000 DR1=0000000000000000 DR2=0000000000000000 DR3=0000000000000000 
DR6=00000000ffff0ff0 DR7=0000000000000400
CCS=0000000000000014 CCD=0000000000107f58 CCO=EFLAGS
EFER=0000000000000500
Servicing hardware INT=0x20
   377: v=20 e=0000 i=0 cpl=0 IP=0008:0000000000100500 pc=0000000000100500 SP=0010:0000000000107f80 env->regs[R_EAX]=0000000000000000
RAX=0000000000000000 RBX=0000000000000000 RCX=0000000000000002 RDX=00000000000003d5
RSI=0000000000000000 RDI=00000000000003d5 RBP=0000000000107ff0 RSP=0000000000107f80
R8 =0000000000000000 R9 =0000000000000000 R10=0000000000000000 R11=0000000000000000
R12=0000000000000000 R13=0000000000000000 R14=0000000000000000 R15=0000000000000000
RIP=0000000000100500 RFL=00000216 [----AP-] CPL=0 II=0 A20=1 SMM=0 HLT=0
ES =0010 0000000000000000 ffffffff 00cf9300 DPL=0 DS   [-WA]
CS =0008 0000000000000000 ffffffff 00af9a00 DPL=0 CS64 [-R-]
SS =0010 0000000000000000 ffffffff 00cf9300 DPL=0 DS   [-WA]
DS =0010 0000000000000000 ffffffff 00cf9300 DPL=0 DS   [-WA]
FS =0010 0000000000000000 ffffffff 00cf9300 DPL=0 DS   [-WA]
GS =0010 0000000000000000 ffffffff 00cf9300 DPL=0 DS   [-WA]
LDT=0000 0000000000000000 0000ffff 00008200 DPL=0 LDT
TR =0000 0000000000000000 0000ffff 00008b00 DPL=0 TSS64-busy
GDT=     00000000001918c0 00000017
IDT=     00000000001900a0 00000fff
CR0=80000011 CR2=0000000000000000 CR3=0000000000104000 CR4=00000020
DR0=0000000000000000 DR1=0000000000000000 DR2=0000000000000000 DR3=0000000000000000 
DR6=00000000ffff0ff0 DR7=0000000000000400
CCS=0000000000000014 CCD=0000000000107f58 CCO=EFLAGS
EFER=0000000000000500
Servicing hardware INT=0x20
   378: v=20 e=0000 i=0 cpl=0 IP=0008:0000000000100500 pc=0000000000100500 SP=0010:0000000000107f80 env->regs[R_EAX]=0000000000000000
RAX=0000000000000000 RBX=0000000000000000 RCX=0000000000000002 RDX=00000000000003d5
RSI=0000000000000000 RDI=00000000000003d5 RBP=0000000000107ff0 RSP=0000000000107f80
R8 =0000000000000000 R9 =0000000000000000 R10=0000000000000000 R11=0000000000000000
R12=0000000000000000 R13=0000000000000000 R14=0000000000000000 R15=0000000000000000
RIP=0000000000100500 RFL=00000216 [----AP-] CPL=0 II=0 A20=1 SMM=0 HLT=0
ES =0010 0000000000000000 ffffffff 00cf9300 DPL=0 DS   [-WA]
CS =0008 0000000000000000 ffffffff 00af9a00 DPL=0 CS64 [-R-]
SS =0010 0000000000000000 ffffffff 00cf9300 DPL=0 DS   [-WA]
DS =0010 0000000000000000 ffffffff 00cf9300 DPL=0 DS   [-WA]
FS =0010 0000000000000000 ffffffff 00cf9300 DPL=0 DS   [-WA]
GS =0010 0000000000000000 ffffffff 00cf9300 DPL=0 DS   [-WA]
LDT=0000 0000000000000000 0000ffff 00008200 DPL=0 LDT
TR =0000 0000000000000000 0000ffff 00008b00 DPL=0 TSS64-busy
GDT=     00000000001918c0 00000017
IDT=     00000000001900a0 00000fff
CR0=80000011 CR2=0000000000000000 CR3=0000000000104000 CR4=00000020
DR0=0000000000000000 DR1=0000000000000000 DR2=0000000000000000 DR3=0000000000000000 
DR6=00000000ffff0ff0 DR7=0000000000000400
CCS=0000000000000014 CCD=0000000000107f58 CCO=EFLAGS
EFER=0000000000000500
Servicing hardware INT=0x20
   379: v=20 e=0000 i=0 cpl=0 IP=0008:0000000000100500 pc=0000000000100500 SP=0010:0000000000107f80 env->regs[R_EAX]=0000000000000000
RAX=0000000000000000 RBX=0000000000000000 RCX=0000000000000002 RDX=00000000000003d5
RSI=0000000000000000 RDI=00000000000003d5 RBP=0000000000107ff0 RSP=0000000000107f80
R8 =0000000000000000 R9 =0000000000000000 R10=0000000000000000 R11=0000000000000000
R12=0000000000000000 R13=0000000000000000 R14=0000000000000000 R15=0000000000000000
RIP=0000000000100500 RFL=00000216 [----AP-] CPL=0 II=0 A20=1 SMM=0 HLT=0
ES =0010 0000000000000000 ffffffff 00cf9300 DPL=0 DS   [-WA]
CS =0008 0000000000000000 ffffffff 00af9a00 DPL=0 CS64 [-R-]
SS =0010 0000000000000000 ffffffff 00cf9300 DPL=0 DS   [-WA]
DS =0010 0000000000000000 ffffffff 00cf9300 DPL=0 DS   [-WA]
FS =0010 0000000000000000 ffffffff 00cf9300 DPL=0 DS   [-WA]
GS =0010 0000000000000000 ffffffff 00cf9300 DPL=0 DS   [-WA]
LDT=0000 0000000000000000 0000ffff 00008200 DPL=0 LDT
TR =0000 0000000000000000 0000ffff 00008b00 DPL=0 TSS64-busy
GDT=     00000000001918c0 00000017
IDT=     00000000001900a0 00000fff
CR0=80000011 CR2=0000000000000000 CR3=0000000000104000 CR4=00000020
DR0=0000000000000000 DR1=0000000000000000 DR2=0000000000000000 DR3=0000000000000000 
DR6=00000000ffff0ff0 DR7=0000000000000400
CCS=0000000000000014 CCD=0000000000107f58 CCO=EFLAGS
EFER=0000000000000500
Servicing hardware INT=0x20
   380: v=20 e=0000 i=0 cpl=0 IP=0008:0000000000100500 pc=0000000000100500 SP=0010:0000000000107f80 env->regs[R_EAX]=0000000000000000
RAX=0000000000000000 RBX=0000000000000000 RCX=0000000000000002 RDX=00000000000003d5
RSI=0000000000000000 RDI=00000000000003d5 RBP=0000000000107ff0 RSP=0000000000107f80
R8 =0000000000000000 R9 =0000000000000000 R10=0000000000000000 R11=0000000000000000
R12=0000000000000000 R13=0000000000000000 R14=0000000000000000 R15=0000000000000000
RIP=0000000000100500 RFL=00000216 [----AP-] CPL=0 II=0 A20=1 SMM=0 HLT=0
ES =0010 0000000000000000 ffffffff 00cf9300 DPL=0 DS   [-WA]
CS =0008 0000000000000000 ffffffff 00af9a00 DPL=0 CS64 [-R-]
SS =0010 0000000000000000 ffffffff 00cf9300 DPL=0 DS   [-WA]
DS =0010 0000000000000000 ffffffff 00cf9300 DPL=0 DS   [-WA]
FS =0010 0000000000000000 ffffffff 00cf9300 DPL=0 DS   [-WA]
GS =0010 0000000000000000 ffffffff 00cf9300 DPL=0 DS   [-WA]
LDT=0000 0000000000000000 0000ffff 00008200 DPL=0 LDT
TR =0000 0000000000000000 0000ffff 00008b00 DPL=0 TSS64-busy
GDT=     00000000001918c0 00000017
IDT=     00000000001900a0 00000fff
CR0=80000011 CR2=0000000000000000 CR3=0000000000104000 CR4=00000020
DR0=0000000000000000 DR1=0000000000000000 DR2=0000000000000000 DR3=0000000000000000 
DR6=00000000ffff0ff0 DR7=0000000000000400
CCS=0000000000000014 CCD=0000000000107f58 CCO=EFLAGS
EFER=0000000000000500
Servicing hardware INT=0x20
   381: v=20 e=0000 i=0 cpl=0 IP=0008:0000000000100500 pc=0000000000100500 SP=0010:0000000000107f80 env->regs[R_EAX]=0000000000000000
RAX=0000000000000000 RBX=0000000000000000 RCX=0000000000000002 RDX=00000000000003d5
RSI=0000000000000000 RDI=00000000000003d5 RBP=0000000000107ff0 RSP=0000000000107f80
R8 =0000000000000000 R9 =0000000000000000 R10=0000000000000000 R11=0000000000000000
R12=0000000000000000 R13=0000000000000000 R14=0000000000000000 R15=0000000000000000
RIP=0000000000100500 RFL=00000216 [----AP-] CPL=0 II=0 A20=1 SMM=0 HLT=0
ES =0010 0000000000000000 ffffffff 00cf9300 DPL=0 DS   [-WA]
CS =0008 0000000000000000 ffffffff 00af9a00 DPL=0 CS64 [-R-]
SS =0010 0000000000000000 ffffffff 00cf9300 DPL=0 DS   [-WA]
DS =0010 0000000000000000 ffffffff 00cf9300 DPL=0 DS   [-WA]
FS =0010 0000000000000000 ffffffff 00cf9300 DPL=0 DS   [-WA]
GS =0010 0000000000000000 ffffffff 00cf9300 DPL=0 DS   [-WA]
LDT=0000 0000000000000000 0000ffff 00008200 DPL=0 LDT
TR =0000 0000000000000000 0000ffff 00008b00 DPL=0 TSS64-busy
GDT=     00000000001918c0 00000017
IDT=     00000000001900a0 00000fff
CR0=80000011 CR2=0000000000000000 CR3=0000000000104000 CR4=00000020
DR0=0000000000000000 DR1=0000000000000000 DR2=0000000000000000 DR3=0000000000000000 
DR6=00000000ffff0ff0 DR7=0000000000000400
CCS=0000000000000014 CCD=0000000000107f58 CCO=EFLAGS
EFER=0000000000000500
Servicing hardware INT=0x20
   382: v=20 e=0000 i=0 cpl=0 IP=0008:0000000000100500 pc=0000000000100500 SP=0010:0000000000107f80 env->regs[R_EAX]=0000000000000000
RAX=0000000000000000 RBX=0000000000000000 RCX=0000000000000002 RDX=00000000000003d5
RSI=0000000000000000 RDI=00000000000003d5 RBP=0000000000107ff0 RSP=0000000000107f80
R8 =0000000000000000 R9 =0000000000000000 R10=0000000000000000 R11=0000000000000000
R12=0000000000000000 R13=0000000000000000 R14=0000000000000000 R15=0000000000000000
RIP=0000000000100500 RFL=00000216 [----AP-] CPL=0 II=0 A20=1 SMM=0 HLT=0
ES =0010 0000000000000000 ffffffff 00cf9300 DPL=0 DS   [-WA]
CS =0008 0000000000000000 ffffffff 00af9a00 DPL=0 CS64 [-R-]
SS =0010 0000000000000000 ffffffff 00cf9300 DPL=0 DS   [-WA]
DS =0010 0000000000000000 ffffffff 00cf9300 DPL=0 DS   [-WA]
FS =0010 0000000000000000 ffffffff 00cf9300 DPL=0 DS   [-WA]
GS =0010 0000000000000000 ffffffff 00cf9300 DPL=0 DS   [-WA]
LDT=0000 0000000000000000 0000ffff 00008200 DPL=0 LDT
TR =0000 0000000000000000 0000ffff 00008b00 DPL=0 TSS64-busy
GDT=     00000000001918c0 00000017
IDT=     00000000001900a0 00000fff
CR0=80000011 CR2=0000000000000000 CR3=0000000000104000 CR4=00000020
DR0=0000000000000000 DR1=0000000000000000 DR2=0000000000000000 DR3=0000000000000000 
DR6=00000000ffff0ff0 DR7=0000000000000400
CCS=0000000000000014 CCD=0000000000107f58 CCO=EFLAGS
EFER=0000000000000500
Servicing hardware INT=0x20
   383: v=20 e=0000 i=0 cpl=0 IP=0008:0000000000100500 pc=0000000000100500 SP=0010:0000000000107f80 env->regs[R_EAX]=0000000000000000
RAX=0000000000000000 RBX=0000000000000000 RCX=0000000000000002 RDX=00000000000003d5
RSI=0000000000000000 RDI=00000000000003d5 RBP=0000000000107ff0 RSP=0000000000107f80
R8 =0000000000000000 R9 =0000000000000000 R10=0000000000000000 R11=0000000000000000
R12=0000000000000000 R13=0000000000000000 R14=0000000000000000 R15=0000000000000000
RIP=0000000000100500 RFL=00000216 [----AP-] CPL=0 II=0 A20=1 SMM=0 HLT=0
ES =0010 0000000000000000 ffffffff 00cf9300 DPL=0 DS   [-WA]
CS =0008 0000000000000000 ffffffff 00af9a00 DPL=0 CS64 [-R-]
SS =0010 0000000000000000 ffffffff 00cf9300 DPL=0 DS   [-WA]
DS =0010 0000000000000000 ffffffff 00cf9300 DPL=0 DS   [-WA]
FS =0010 0000000000000000 ffffffff 00cf9300 DPL=0 DS   [-WA]
GS =0010 0000000000000000 ffffffff 00cf9300 DPL=0 DS   [-WA]
LDT=0000 0000000000000000 0000ffff 00008200 DPL=0 LDT
TR =0000 0000000000000000 0000ffff 00008b00 DPL=0 TSS64-busy
GDT=     00000000001918c0 00000017
IDT=     00000000001900a0 00000fff
CR0=80000011 CR2=0000000000000000 CR3=0000000000104000 CR4=00000020
DR0=0000000000000000 DR1=0000000000000000 DR2=0000000000000000 DR3=0000000000000000 
DR6=00000000ffff0ff0 DR7=0000000000000400
CCS=0000000000000014 CCD=0000000000107f58 CCO=EFLAGS
EFER=0000000000000500
Servicing hardware INT=0x20
   384: v=20 e=0000 i=0 cpl=0 IP=0008:0000000000100500 pc=0000000000100500 SP=0010:0000000000107f80 env->regs[R_EAX]=0000000000000000
RAX=0000000000000000 RBX=0000000000000000 RCX=0000000000000002 RDX=00000000000003d5
RSI=0000000000000000 RDI=00000000000003d5 RBP=0000000000107ff0 RSP=0000000000107f80
R8 =0000000000000000 R9 =0000000000000000 R10=0000000000000000 R11=0000000000000000
R12=0000000000000000 R13=0000000000000000 R14=0000000000000000 R15=0000000000000000
RIP=0000000000100500 RFL=00000216 [----AP-] CPL=0 II=0 A20=1 SMM=0 HLT=0
ES =0010 0000000000000000 ffffffff 00cf9300 DPL=0 DS   [-WA]
CS =0008 0000000000000000 ffffffff 00af9a00 DPL=0 CS64 [-R-]
SS =0010 0000000000000000 ffffffff 00cf9300 DPL=0 DS   [-WA]
DS =0010 0000000000000000 ffffffff 00cf9300 DPL=0 DS   [-WA]
FS =0010 0000000000000000 ffffffff 00cf9300 DPL=0 DS   [-WA]
GS =0010 0000000000000000 ffffffff 00cf9300 DPL=0 DS   [-WA]
LDT=0000 0000000000000000 0000ffff 00008200 DPL=0 LDT
TR =0000 0000000000000000 0000ffff 00008b00 DPL=0 TSS64-busy
GDT=     00000000001918c0 00000017
IDT=     00000000001900a0 00000fff
CR0=80000011 CR2=0000000000000000 CR3=0000000000104000 CR4=00000020
DR0=0000000000000000 DR1=0000000000000000 DR2=0000000000000000 DR3=0000000000000000 
DR6=00000000ffff0ff0 DR7=0000000000000400
CCS=0000000000000014 CCD=0000000000107f58 CCO=EFLAGS
EFER=0000000000000500
Servicing hardware INT=0x20
   385: v=20 e=0000 i=0 cpl=0 IP=0008:0000000000100500 pc=0000000000100500 SP=0010:0000000000107f80 env->regs[R_EAX]=0000000000000000
RAX=0000000000000000 RBX=0000000000000000 RCX=0000000000000002 RDX=00000000000003d5
RSI=0000000000000000 RDI=00000000000003d5 RBP=0000000000107ff0 RSP=0000000000107f80
R8 =0000000000000000 R9 =0000000000000000 R10=0000000000000000 R11=0000000000000000
R12=0000000000000000 R13=0000000000000000 R14=0000000000000000 R15=0000000000000000
RIP=0000000000100500 RFL=00000216 [----AP-] CPL=0 II=0 A20=1 SMM=0 HLT=0
ES =0010 0000000000000000 ffffffff 00cf9300 DPL=0 DS   [-WA]
CS =0008 0000000000000000 ffffffff 00af9a00 DPL=0 CS64 [-R-]
SS =0010 0000000000000000 ffffffff 00cf9300 DPL=0 DS   [-WA]
DS =0010 0000000000000000 ffffffff 00cf9300 DPL=0 DS   [-WA]
FS =0010 0000000000000000 ffffffff 00cf9300 DPL=0 DS   [-WA]
GS =0010 0000000000000000 ffffffff 00cf9300 DPL=0 DS   [-WA]
LDT=0000 0000000000000000 0000ffff 00008200 DPL=0 LDT
TR =0000 0000000000000000 0000ffff 00008b00 DPL=0 TSS64-busy
GDT=     00000000001918c0 00000017
IDT=     00000000001900a0 00000fff
CR0=80000011 CR2=0000000000000000 CR3=0000000000104000 CR4=00000020
DR0=0000000000000000 DR1=0000000000000000 DR2=0000000000000000 DR3=0000000000000000 
DR6=00000000ffff0ff0 DR7=0000000000000400
CCS=0000000000000014 CCD=0000000000107f58 CCO=EFLAGS
EFER=0000000000000500
Servicing hardware INT=0x20
   386: v=20 e=0000 i=0 cpl=0 IP=0008:0000000000100500 pc=0000000000100500 SP=0010:0000000000107f80 env->regs[R_EAX]=0000000000000000
RAX=0000000000000000 RBX=0000000000000000 RCX=0000000000000002 RDX=00000000000003d5
RSI=0000000000000000 RDI=00000000000003d5 RBP=0000000000107ff0 RSP=0000000000107f80
R8 =0000000000000000 R9 =0000000000000000 R10=0000000000000000 R11=0000000000000000
R12=0000000000000000 R13=0000000000000000 R14=0000000000000000 R15=0000000000000000
RIP=0000000000100500 RFL=00000216 [----AP-] CPL=0 II=0 A20=1 SMM=0 HLT=0
ES =0010 0000000000000000 ffffffff 00cf9300 DPL=0 DS   [-WA]
CS =0008 0000000000000000 ffffffff 00af9a00 DPL=0 CS64 [-R-]
SS =0010 0000000000000000 ffffffff 00cf9300 DPL=0 DS   [-WA]
DS =0010 0000000000000000 ffffffff 00cf9300 DPL=0 DS   [-WA]
FS =0010 0000000000000000 ffffffff 00cf9300 DPL=0 DS   [-WA]
GS =0010 0000000000000000 ffffffff 00cf9300 DPL=0 DS   [-WA]
LDT=0000 0000000000000000 0000ffff 00008200 DPL=0 LDT
TR =0000 0000000000000000 0000ffff 00008b00 DPL=0 TSS64-busy
GDT=     00000000001918c0 00000017
IDT=     00000000001900a0 00000fff
CR0=80000011 CR2=0000000000000000 CR3=0000000000104000 CR4=00000020
DR0=0000000000000000 DR1=0000000000000000 DR2=0000000000000000 DR3=0000000000000000 
DR6=00000000ffff0ff0 DR7=0000000000000400
CCS=0000000000000014 CCD=0000000000107f58 CCO=EFLAGS
EFER=0000000000000500
Servicing hardware INT=0x20
   387: v=20 e=0000 i=0 cpl=0 IP=0008:0000000000100500 pc=0000000000100500 SP=0010:0000000000107f80 env->regs[R_EAX]=0000000000000000
RAX=0000000000000000 RBX=0000000000000000 RCX=0000000000000002 RDX=00000000000003d5
RSI=0000000000000000 RDI=00000000000003d5 RBP=0000000000107ff0 RSP=0000000000107f80
R8 =0000000000000000 R9 =0000000000000000 R10=0000000000000000 R11=0000000000000000
R12=0000000000000000 R13=0000000000000000 R14=0000000000000000 R15=0000000000000000
RIP=0000000000100500 RFL=00000216 [----AP-] CPL=0 II=0 A20=1 SMM=0 HLT=0
ES =0010 0000000000000000 ffffffff 00cf9300 DPL=0 DS   [-WA]
CS =0008 0000000000000000 ffffffff 00af9a00 DPL=0 CS64 [-R-]
SS =0010 0000000000000000 ffffffff 00cf9300 DPL=0 DS   [-WA]
DS =0010 0000000000000000 ffffffff 00cf9300 DPL=0 DS   [-WA]
FS =0010 0000000000000000 ffffffff 00cf9300 DPL=0 DS   [-WA]
GS =0010 0000000000000000 ffffffff 00cf9300 DPL=0 DS   [-WA]
LDT=0000 0000000000000000 0000ffff 00008200 DPL=0 LDT
TR =0000 0000000000000000 0000ffff 00008b00 DPL=0 TSS64-busy
GDT=     00000000001918c0 00000017
IDT=     00000000001900a0 00000fff
CR0=80000011 CR2=0000000000000000 CR3=0000000000104000 CR4=00000020
DR0=0000000000000000 DR1=0000000000000000 DR2=0000000000000000 DR3=0000000000000000 
DR6=00000000ffff0ff0 DR7=0000000000000400
CCS=0000000000000014 CCD=0000000000107f58 CCO=EFLAGS
EFER=0000000000000500
Servicing hardware INT=0x20
   388: v=20 e=0000 i=0 cpl=0 IP=0008:0000000000100500 pc=0000000000100500 SP=0010:0000000000107f80 env->regs[R_EAX]=0000000000000000
RAX=0000000000000000 RBX=0000000000000000 RCX=0000000000000002 RDX=00000000000003d5
RSI=0000000000000000 RDI=00000000000003d5 RBP=0000000000107ff0 RSP=0000000000107f80
R8 =0000000000000000 R9 =0000000000000000 R10=0000000000000000 R11=0000000000000000
R12=0000000000000000 R13=0000000000000000 R14=0000000000000000 R15=0000000000000000
RIP=0000000000100500 RFL=00000216 [----AP-] CPL=0 II=0 A20=1 SMM=0 HLT=0
ES =0010 0000000000000000 ffffffff 00cf9300 DPL=0 DS   [-WA]
CS =0008 0000000000000000 ffffffff 00af9a00 DPL=0 CS64 [-R-]
SS =0010 0000000000000000 ffffffff 00cf9300 DPL=0 DS   [-WA]
DS =0010 0000000000000000 ffffffff 00cf9300 DPL=0 DS   [-WA]
FS =0010 0000000000000000 ffffffff 00cf9300 DPL=0 DS   [-WA]
GS =0010 0000000000000000 ffffffff 00cf9300 DPL=0 DS   [-WA]
LDT=0000 0000000000000000 0000ffff 00008200 DPL=0 LDT
TR =0000 0000000000000000 0000ffff 00008b00 DPL=0 TSS64-busy
GDT=     00000000001918c0 00000017
IDT=     00000000001900a0 00000fff
CR0=80000011 CR2=0000000000000000 CR3=0000000000104000 CR4=00000020
DR0=0000000000000000 DR1=0000000000000000 DR2=0000000000000000 DR3=0000000000000000 
DR6=00000000ffff0ff0 DR7=0000000000000400
CCS=0000000000000014 CCD=0000000000107f58 CCO=EFLAGS
EFER=0000000000000500
Servicing hardware INT=0x20
   389: v=20 e=0000 i=0 cpl=0 IP=0008:0000000000100500 pc=0000000000100500 SP=0010:0000000000107f80 env->regs[R_EAX]=0000000000000000
RAX=0000000000000000 RBX=0000000000000000 RCX=0000000000000002 RDX=00000000000003d5
RSI=0000000000000000 RDI=00000000000003d5 RBP=0000000000107ff0 RSP=0000000000107f80
R8 =0000000000000000 R9 =0000000000000000 R10=0000000000000000 R11=0000000000000000
R12=0000000000000000 R13=0000000000000000 R14=0000000000000000 R15=0000000000000000
RIP=0000000000100500 RFL=00000216 [----AP-] CPL=0 II=0 A20=1 SMM=0 HLT=0
ES =0010 0000000000000000 ffffffff 00cf9300 DPL=0 DS   [-WA]
CS =0008 0000000000000000 ffffffff 00af9a00 DPL=0 CS64 [-R-]
SS =0010 0000000000000000 ffffffff 00cf9300 DPL=0 DS   [-WA]
DS =0010 0000000000000000 ffffffff 00cf9300 DPL=0 DS   [-WA]
FS =0010 0000000000000000 ffffffff 00cf9300 DPL=0 DS   [-WA]
GS =0010 0000000000000000 ffffffff 00cf9300 DPL=0 DS   [-WA]
LDT=0000 0000000000000000 0000ffff 00008200 DPL=0 LDT
TR =0000 0000000000000000 0000ffff 00008b00 DPL=0 TSS64-busy
GDT=     00000000001918c0 00000017
IDT=     00000000001900a0 00000fff
CR0=80000011 CR2=0000000000000000 CR3=0000000000104000 CR4=00000020
DR0=0000000000000000 DR1=0000000000000000 DR2=0000000000000000 DR3=0000000000000000 
DR6=00000000ffff0ff0 DR7=0000000000000400
CCS=0000000000000014 CCD=0000000000107f58 CCO=EFLAGS
EFER=0000000000000500
Servicing hardware INT=0x21
   390: v=21 e=0000 i=0 cpl=0 IP=0008:0000000000100500 pc=0000000000100500 SP=0010:0000000000107f80 env->regs[R_EAX]=0000000000000000
RAX=0000000000000000 RBX=0000000000000000 RCX=0000000000000002 RDX=00000000000003d5
RSI=0000000000000000 RDI=00000000000003d5 RBP=0000000000107ff0 RSP=0000000000107f80
R8 =0000000000000000 R9 =0000000000000000 R10=0000000000000000 R11=0000000000000000
R12=0000000000000000 R13=0000000000000000 R14=0000000000000000 R15=0000000000000000
RIP=0000000000100500 RFL=00000216 [----AP-] CPL=0 II=0 A20=1 SMM=0 HLT=0
ES =0010 0000000000000000 ffffffff 00cf9300 DPL=0 DS   [-WA]
CS =0008 0000000000000000 ffffffff 00af9a00 DPL=0 CS64 [-R-]
SS =0010 0000000000000000 ffffffff 00cf9300 DPL=0 DS   [-WA]
DS =0010 0000000000000000 ffffffff 00cf9300 DPL=0 DS   [-WA]
FS =0010 0000000000000000 ffffffff 00cf9300 DPL=0 DS   [-WA]
GS =0010 0000000000000000 ffffffff 00cf9300 DPL=0 DS   [-WA]
LDT=0000 0000000000000000 0000ffff 00008200 DPL=0 LDT
TR =0000 0000000000000000 0000ffff 00008b00 DPL=0 TSS64-busy
GDT=     00000000001918c0 00000017
IDT=     00000000001900a0 00000fff
CR0=80000011 CR2=0000000000000000 CR3=0000000000104000 CR4=00000020
DR0=0000000000000000 DR1=0000000000000000 DR2=0000000000000000 DR3=0000000000000000 
DR6=00000000ffff0ff0 DR7=0000000000000400
CCS=0000000000000014 CCD=0000000000107f58 CCO=EFLAGS
EFER=0000000000000500
Servicing hardware INT=0x20
   391: v=20 e=0000 i=0 cpl=0 IP=0008:0000000000100500 pc=0000000000100500 SP=0010:0000000000107f80 env->regs[R_EAX]=0000000000000000
RAX=0000000000000000 RBX=0000000000000000 RCX=0000000000000002 RDX=00000000000003d5
RSI=0000000000000000 RDI=00000000000003d5 RBP=0000000000107ff0 RSP=0000000000107f80
R8 =0000000000000000 R9 =0000000000000000 R10=0000000000000000 R11=0000000000000000
R12=0000000000000000 R13=0000000000000000 R14=0000000000000000 R15=0000000000000000
RIP=0000000000100500 RFL=00000216 [----AP-] CPL=0 II=0 A20=1 SMM=0 HLT=0
ES =0010 0000000000000000 ffffffff 00cf9300 DPL=0 DS   [-WA]
CS =0008 0000000000000000 ffffffff 00af9a00 DPL=0 CS64 [-R-]
SS =0010 0000000000000000 ffffffff 00cf9300 DPL=0 DS   [-WA]
DS =0010 0000000000000000 ffffffff 00cf9300 DPL=0 DS   [-WA]
FS =0010 0000000000000000 ffffffff 00cf9300 DPL=0 DS   [-WA]
GS =0010 0000000000000000 ffffffff 00cf9300 DPL=0 DS   [-WA]
LDT=0000 0000000000000000 0000ffff 00008200 DPL=0 LDT
TR =0000 0000000000000000 0000ffff 00008b00 DPL=0 TSS64-busy
GDT=     00000000001918c0 00000017
IDT=     00000000001900a0 00000fff
CR0=80000011 CR2=0000000000000000 CR3=0000000000104000 CR4=00000020
DR0=0000000000000000 DR1=0000000000000000 DR2=0000000000000000 DR3=0000000000000000 
DR6=00000000ffff0ff0 DR7=0000000000000400
CCS=0000000000000014 CCD=0000000000107f58 CCO=EFLAGS
EFER=0000000000000500
Servicing hardware INT=0x20
   392: v=20 e=0000 i=0 cpl=0 IP=0008:0000000000100500 pc=0000000000100500 SP=0010:0000000000107f80 env->regs[R_EAX]=0000000000000000
RAX=0000000000000000 RBX=0000000000000000 RCX=0000000000000002 RDX=00000000000003d5
RSI=0000000000000000 RDI=00000000000003d5 RBP=0000000000107ff0 RSP=0000000000107f80
R8 =0000000000000000 R9 =0000000000000000 R10=0000000000000000 R11=0000000000000000
R12=0000000000000000 R13=0000000000000000 R14=0000000000000000 R15=0000000000000000
RIP=0000000000100500 RFL=00000216 [----AP-] CPL=0 II=0 A20=1 SMM=0 HLT=0
ES =0010 0000000000000000 ffffffff 00cf9300 DPL=0 DS   [-WA]
CS =0008 0000000000000000 ffffffff 00af9a00 DPL=0 CS64 [-R-]
SS =0010 0000000000000000 ffffffff 00cf9300 DPL=0 DS   [-WA]
DS =0010 0000000000000000 ffffffff 00cf9300 DPL=0 DS   [-WA]
FS =0010 0000000000000000 ffffffff 00cf9300 DPL=0 DS   [-WA]
GS =0010 0000000000000000 ffffffff 00cf9300 DPL=0 DS   [-WA]
LDT=0000 0000000000000000 0000ffff 00008200 DPL=0 LDT
TR =0000 0000000000000000 0000ffff 00008b00 DPL=0 TSS64-busy
GDT=     00000000001918c0 00000017
IDT=     00000000001900a0 00000fff
CR0=80000011 CR2=0000000000000000 CR3=0000000000104000 CR4=00000020
DR0=0000000000000000 DR1=0000000000000000 DR2=0000000000000000 DR3=0000000000000000 
DR6=00000000ffff0ff0 DR7=0000000000000400
CCS=0000000000000014 CCD=0000000000107f58 CCO=EFLAGS
EFER=0000000000000500
Servicing hardware INT=0x20
   393: v=20 e=0000 i=0 cpl=0 IP=0008:0000000000100500 pc=0000000000100500 SP=0010:0000000000107f80 env->regs[R_EAX]=0000000000000000
RAX=0000000000000000 RBX=0000000000000000 RCX=0000000000000002 RDX=00000000000003d5
RSI=0000000000000000 RDI=00000000000003d5 RBP=0000000000107ff0 RSP=0000000000107f80
R8 =0000000000000000 R9 =0000000000000000 R10=0000000000000000 R11=0000000000000000
R12=0000000000000000 R13=0000000000000000 R14=0000000000000000 R15=0000000000000000
RIP=0000000000100500 RFL=00000216 [----AP-] CPL=0 II=0 A20=1 SMM=0 HLT=0
ES =0010 0000000000000000 ffffffff 00cf9300 DPL=0 DS   [-WA]
CS =0008 0000000000000000 ffffffff 00af9a00 DPL=0 CS64 [-R-]
SS =0010 0000000000000000 ffffffff 00cf9300 DPL=0 DS   [-WA]
DS =0010 0000000000000000 ffffffff 00cf9300 DPL=0 DS   [-WA]
FS =0010 0000000000000000 ffffffff 00cf9300 DPL=0 DS   [-WA]
GS =0010 0000000000000000 ffffffff 00cf9300 DPL=0 DS   [-WA]
LDT=0000 0000000000000000 0000ffff 00008200 DPL=0 LDT
TR =0000 0000000000000000 0000ffff 00008b00 DPL=0 TSS64-busy
GDT=     00000000001918c0 00000017
IDT=     00000000001900a0 00000fff
CR0=80000011 CR2=0000000000000000 CR3=0000000000104000 CR4=00000020
DR0=0000000000000000 DR1=0000000000000000 DR2=0000000000000000 DR3=0000000000000000 
DR6=00000000ffff0ff0 DR7=0000000000000400
CCS=0000000000000014 CCD=0000000000107f58 CCO=EFLAGS
EFER=0000000000000500
Servicing hardware INT=0x20
   394: v=20 e=0000 i=0 cpl=0 IP=0008:0000000000100500 pc=0000000000100500 SP=0010:0000000000107f80 env->regs[R_EAX]=0000000000000000
RAX=0000000000000000 RBX=0000000000000000 RCX=0000000000000002 RDX=00000000000003d5
RSI=0000000000000000 RDI=00000000000003d5 RBP=0000000000107ff0 RSP=0000000000107f80
R8 =0000000000000000 R9 =0000000000000000 R10=0000000000000000 R11=0000000000000000
R12=0000000000000000 R13=0000000000000000 R14=0000000000000000 R15=0000000000000000
RIP=0000000000100500 RFL=00000216 [----AP-] CPL=0 II=0 A20=1 SMM=0 HLT=0
ES =0010 0000000000000000 ffffffff 00cf9300 DPL=0 DS   [-WA]
CS =0008 0000000000000000 ffffffff 00af9a00 DPL=0 CS64 [-R-]
SS =0010 0000000000000000 ffffffff 00cf9300 DPL=0 DS   [-WA]
DS =0010 0000000000000000 ffffffff 00cf9300 DPL=0 DS   [-WA]
FS =0010 0000000000000000 ffffffff 00cf9300 DPL=0 DS   [-WA]
GS =0010 0000000000000000 ffffffff 00cf9300 DPL=0 DS   [-WA]
LDT=0000 0000000000000000 0000ffff 00008200 DPL=0 LDT
TR =0000 0000000000000000 0000ffff 00008b00 DPL=0 TSS64-busy
GDT=     00000000001918c0 00000017
IDT=     00000000001900a0 00000fff
CR0=80000011 CR2=0000000000000000 CR3=0000000000104000 CR4=00000020
DR0=0000000000000000 DR1=0000000000000000 DR2=0000000000000000 DR3=0000000000000000 
DR6=00000000ffff0ff0 DR7=0000000000000400
CCS=0000000000000014 CCD=0000000000107f58 CCO=EFLAGS
EFER=0000000000000500
Servicing hardware INT=0x20
   395: v=20 e=0000 i=0 cpl=0 IP=0008:0000000000100500 pc=0000000000100500 SP=0010:0000000000107f80 env->regs[R_EAX]=0000000000000000
RAX=0000000000000000 RBX=0000000000000000 RCX=0000000000000002 RDX=00000000000003d5
RSI=0000000000000000 RDI=00000000000003d5 RBP=0000000000107ff0 RSP=0000000000107f80
R8 =0000000000000000 R9 =0000000000000000 R10=0000000000000000 R11=0000000000000000
R12=0000000000000000 R13=0000000000000000 R14=0000000000000000 R15=0000000000000000
RIP=0000000000100500 RFL=00000216 [----AP-] CPL=0 II=0 A20=1 SMM=0 HLT=0
ES =0010 0000000000000000 ffffffff 00cf9300 DPL=0 DS   [-WA]
CS =0008 0000000000000000 ffffffff 00af9a00 DPL=0 CS64 [-R-]
SS =0010 0000000000000000 ffffffff 00cf9300 DPL=0 DS   [-WA]
DS =0010 0000000000000000 ffffffff 00cf9300 DPL=0 DS   [-WA]
FS =0010 0000000000000000 ffffffff 00cf9300 DPL=0 DS   [-WA]
GS =0010 0000000000000000 ffffffff 00cf9300 DPL=0 DS   [-WA]
LDT=0000 0000000000000000 0000ffff 00008200 DPL=0 LDT
TR =0000 0000000000000000 0000ffff 00008b00 DPL=0 TSS64-busy
GDT=     00000000001918c0 00000017
IDT=     00000000001900a0 00000fff
CR0=80000011 CR2=0000000000000000 CR3=0000000000104000 CR4=00000020
DR0=0000000000000000 DR1=0000000000000000 DR2=0000000000000000 DR3=0000000000000000 
DR6=00000000ffff0ff0 DR7=0000000000000400
CCS=0000000000000014 CCD=0000000000107f58 CCO=EFLAGS
EFER=0000000000000500
Servicing hardware INT=0x20
   396: v=20 e=0000 i=0 cpl=0 IP=0008:0000000000100500 pc=0000000000100500 SP=0010:0000000000107f80 env->regs[R_EAX]=0000000000000000
RAX=0000000000000000 RBX=0000000000000000 RCX=0000000000000002 RDX=00000000000003d5
RSI=0000000000000000 RDI=00000000000003d5 RBP=0000000000107ff0 RSP=0000000000107f80
R8 =0000000000000000 R9 =0000000000000000 R10=0000000000000000 R11=0000000000000000
R12=0000000000000000 R13=0000000000000000 R14=0000000000000000 R15=0000000000000000
RIP=0000000000100500 RFL=00000216 [----AP-] CPL=0 II=0 A20=1 SMM=0 HLT=0
ES =0010 0000000000000000 ffffffff 00cf9300 DPL=0 DS   [-WA]
CS =0008 0000000000000000 ffffffff 00af9a00 DPL=0 CS64 [-R-]
SS =0010 0000000000000000 ffffffff 00cf9300 DPL=0 DS   [-WA]
DS =0010 0000000000000000 ffffffff 00cf9300 DPL=0 DS   [-WA]
FS =0010 0000000000000000 ffffffff 00cf9300 DPL=0 DS   [-WA]
GS =0010 0000000000000000 ffffffff 00cf9300 DPL=0 DS   [-WA]
LDT=0000 0000000000000000 0000ffff 00008200 DPL=0 LDT
TR =0000 0000000000000000 0000ffff 00008b00 DPL=0 TSS64-busy
GDT=     00000000001918c0 00000017
IDT=     00000000001900a0 00000fff
CR0=80000011 CR2=0000000000000000 CR3=0000000000104000 CR4=00000020
DR0=0000000000000000 DR1=0000000000000000 DR2=0000000000000000 DR3=0000000000000000 
DR6=00000000ffff0ff0 DR7=0000000000000400
CCS=0000000000000014 CCD=0000000000107f58 CCO=EFLAGS
EFER=0000000000000500
Servicing hardware INT=0x20
   397: v=20 e=0000 i=0 cpl=0 IP=0008:0000000000100500 pc=0000000000100500 SP=0010:0000000000107f80 env->regs[R_EAX]=0000000000000000
RAX=0000000000000000 RBX=0000000000000000 RCX=0000000000000002 RDX=00000000000003d5
RSI=0000000000000000 RDI=00000000000003d5 RBP=0000000000107ff0 RSP=0000000000107f80
R8 =0000000000000000 R9 =0000000000000000 R10=0000000000000000 R11=0000000000000000
R12=0000000000000000 R13=0000000000000000 R14=0000000000000000 R15=0000000000000000
RIP=0000000000100500 RFL=00000216 [----AP-] CPL=0 II=0 A20=1 SMM=0 HLT=0
ES =0010 0000000000000000 ffffffff 00cf9300 DPL=0 DS   [-WA]
CS =0008 0000000000000000 ffffffff 00af9a00 DPL=0 CS64 [-R-]
SS =0010 0000000000000000 ffffffff 00cf9300 DPL=0 DS   [-WA]
DS =0010 0000000000000000 ffffffff 00cf9300 DPL=0 DS   [-WA]
FS =0010 0000000000000000 ffffffff 00cf9300 DPL=0 DS   [-WA]
GS =0010 0000000000000000 ffffffff 00cf9300 DPL=0 DS   [-WA]
LDT=0000 0000000000000000 0000ffff 00008200 DPL=0 LDT
TR =0000 0000000000000000 0000ffff 00008b00 DPL=0 TSS64-busy
GDT=     00000000001918c0 00000017
IDT=     00000000001900a0 00000fff
CR0=80000011 CR2=0000000000000000 CR3=0000000000104000 CR4=00000020
DR0=0000000000000000 DR1=0000000000000000 DR2=0000000000000000 DR3=0000000000000000 
DR6=00000000ffff0ff0 DR7=0000000000000400
CCS=0000000000000014 CCD=0000000000107f58 CCO=EFLAGS
EFER=0000000000000500
Servicing hardware INT=0x20
   398: v=20 e=0000 i=0 cpl=0 IP=0008:0000000000100500 pc=0000000000100500 SP=0010:0000000000107f80 env->regs[R_EAX]=0000000000000000
RAX=0000000000000000 RBX=0000000000000000 RCX=0000000000000002 RDX=00000000000003d5
RSI=0000000000000000 RDI=00000000000003d5 RBP=0000000000107ff0 RSP=0000000000107f80
R8 =0000000000000000 R9 =0000000000000000 R10=0000000000000000 R11=0000000000000000
R12=0000000000000000 R13=0000000000000000 R14=0000000000000000 R15=0000000000000000
RIP=0000000000100500 RFL=00000216 [----AP-] CPL=0 II=0 A20=1 SMM=0 HLT=0
ES =0010 0000000000000000 ffffffff 00cf9300 DPL=0 DS   [-WA]
CS =0008 0000000000000000 ffffffff 00af9a00 DPL=0 CS64 [-R-]
SS =0010 0000000000000000 ffffffff 00cf9300 DPL=0 DS   [-WA]
DS =0010 0000000000000000 ffffffff 00cf9300 DPL=0 DS   [-WA]
FS =0010 0000000000000000 ffffffff 00cf9300 DPL=0 DS   [-WA]
GS =0010 0000000000000000 ffffffff 00cf9300 DPL=0 DS   [-WA]
LDT=0000 0000000000000000 0000ffff 00008200 DPL=0 LDT
TR =0000 0000000000000000 0000ffff 00008b00 DPL=0 TSS64-busy
GDT=     00000000001918c0 00000017
IDT=     00000000001900a0 00000fff
CR0=80000011 CR2=0000000000000000 CR3=0000000000104000 CR4=00000020
DR0=0000000000000000 DR1=0000000000000000 DR2=0000000000000000 DR3=0000000000000000 
DR6=00000000ffff0ff0 DR7=0000000000000400
CCS=0000000000000014 CCD=0000000000107f58 CCO=EFLAGS
EFER=0000000000000500
Servicing hardware INT=0x20
   399: v=20 e=0000 i=0 cpl=0 IP=0008:0000000000100500 pc=0000000000100500 SP=0010:0000000000107f80 env->regs[R_EAX]=0000000000000000
RAX=0000000000000000 RBX=0000000000000000 RCX=0000000000000002 RDX=00000000000003d5
RSI=0000000000000000 RDI=00000000000003d5 RBP=0000000000107ff0 RSP=0000000000107f80
R8 =0000000000000000 R9 =0000000000000000 R10=0000000000000000 R11=0000000000000000
R12=0000000000000000 R13=0000000000000000 R14=0000000000000000 R15=0000000000000000
RIP=0000000000100500 RFL=00000216 [----AP-] CPL=0 II=0 A20=1 SMM=0 HLT=0
ES =0010 0000000000000000 ffffffff 00cf9300 DPL=0 DS   [-WA]
CS =0008 0000000000000000 ffffffff 00af9a00 DPL=0 CS64 [-R-]
SS =0010 0000000000000000 ffffffff 00cf9300 DPL=0 DS   [-WA]
DS =0010 0000000000000000 ffffffff 00cf9300 DPL=0 DS   [-WA]
FS =0010 0000000000000000 ffffffff 00cf9300 DPL=0 DS   [-WA]
GS =0010 0000000000000000 ffffffff 00cf9300 DPL=0 DS   [-WA]
LDT=0000 0000000000000000 0000ffff 00008200 DPL=0 LDT
TR =0000 0000000000000000 0000ffff 00008b00 DPL=0 TSS64-busy
GDT=     00000000001918c0 00000017
IDT=     00000000001900a0 00000fff
CR0=80000011 CR2=0000000000000000 CR3=0000000000104000 CR4=00000020
DR0=0000000000000000 DR1=0000000000000000 DR2=0000000000000000 DR3=0000000000000000 
DR6=00000000ffff0ff0 DR7=0000000000000400
CCS=0000000000000014 CCD=0000000000107f58 CCO=EFLAGS
EFER=0000000000000500
Servicing hardware INT=0x20
   400: v=20 e=0000 i=0 cpl=0 IP=0008:0000000000100500 pc=0000000000100500 SP=0010:0000000000107f80 env->regs[R_EAX]=0000000000000000
RAX=0000000000000000 RBX=0000000000000000 RCX=0000000000000002 RDX=00000000000003d5
RSI=0000000000000000 RDI=00000000000003d5 RBP=0000000000107ff0 RSP=0000000000107f80
R8 =0000000000000000 R9 =0000000000000000 R10=0000000000000000 R11=0000000000000000
R12=0000000000000000 R13=0000000000000000 R14=0000000000000000 R15=0000000000000000
RIP=0000000000100500 RFL=00000216 [----AP-] CPL=0 II=0 A20=1 SMM=0 HLT=0
ES =0010 0000000000000000 ffffffff 00cf9300 DPL=0 DS   [-WA]
CS =0008 0000000000000000 ffffffff 00af9a00 DPL=0 CS64 [-R-]
SS =0010 0000000000000000 ffffffff 00cf9300 DPL=0 DS   [-WA]
DS =0010 0000000000000000 ffffffff 00cf9300 DPL=0 DS   [-WA]
FS =0010 0000000000000000 ffffffff 00cf9300 DPL=0 DS   [-WA]
GS =0010 0000000000000000 ffffffff 00cf9300 DPL=0 DS   [-WA]
LDT=0000 0000000000000000 0000ffff 00008200 DPL=0 LDT
TR =0000 0000000000000000 0000ffff 00008b00 DPL=0 TSS64-busy
GDT=     00000000001918c0 00000017
IDT=     00000000001900a0 00000fff
CR0=80000011 CR2=0000000000000000 CR3=0000000000104000 CR4=00000020
DR0=0000000000000000 DR1=0000000000000000 DR2=0000000000000000 DR3=0000000000000000 
DR6=00000000ffff0ff0 DR7=0000000000000400
CCS=0000000000000014 CCD=0000000000107f58 CCO=EFLAGS
EFER=0000000000000500
Servicing hardware INT=0x20
   401: v=20 e=0000 i=0 cpl=0 IP=0008:0000000000100500 pc=0000000000100500 SP=0010:0000000000107f80 env->regs[R_EAX]=0000000000000000
RAX=0000000000000000 RBX=0000000000000000 RCX=0000000000000002 RDX=00000000000003d5
RSI=0000000000000000 RDI=00000000000003d5 RBP=0000000000107ff0 RSP=0000000000107f80
R8 =0000000000000000 R9 =0000000000000000 R10=0000000000000000 R11=0000000000000000
R12=0000000000000000 R13=0000000000000000 R14=0000000000000000 R15=0000000000000000
RIP=0000000000100500 RFL=00000216 [----AP-] CPL=0 II=0 A20=1 SMM=0 HLT=0
ES =0010 0000000000000000 ffffffff 00cf9300 DPL=0 DS   [-WA]
CS =0008 0000000000000000 ffffffff 00af9a00 DPL=0 CS64 [-R-]
SS =0010 0000000000000000 ffffffff 00cf9300 DPL=0 DS   [-WA]
DS =0010 0000000000000000 ffffffff 00cf9300 DPL=0 DS   [-WA]
FS =0010 0000000000000000 ffffffff 00cf9300 DPL=0 DS   [-WA]
GS =0010 0000000000000000 ffffffff 00cf9300 DPL=0 DS   [-WA]
LDT=0000 0000000000000000 0000ffff 00008200 DPL=0 LDT
TR =0000 0000000000000000 0000ffff 00008b00 DPL=0 TSS64-busy
GDT=     00000000001918c0 00000017
IDT=     00000000001900a0 00000fff
CR0=80000011 CR2=0000000000000000 CR3=0000000000104000 CR4=00000020
DR0=0000000000000000 DR1=0000000000000000 DR2=0000000000000000 DR3=0000000000000000 
DR6=00000000ffff0ff0 DR7=0000000000000400
CCS=0000000000000014 CCD=0000000000107f58 CCO=EFLAGS
EFER=0000000000000500
Servicing hardware INT=0x20
   402: v=20 e=0000 i=0 cpl=0 IP=0008:0000000000100500 pc=0000000000100500 SP=0010:0000000000107f80 env->regs[R_EAX]=0000000000000000
RAX=0000000000000000 RBX=0000000000000000 RCX=0000000000000002 RDX=00000000000003d5
RSI=0000000000000000 RDI=00000000000003d5 RBP=0000000000107ff0 RSP=0000000000107f80
R8 =0000000000000000 R9 =0000000000000000 R10=0000000000000000 R11=0000000000000000
R12=0000000000000000 R13=0000000000000000 R14=0000000000000000 R15=0000000000000000
RIP=0000000000100500 RFL=00000216 [----AP-] CPL=0 II=0 A20=1 SMM=0 HLT=0
ES =0010 0000000000000000 ffffffff 00cf9300 DPL=0 DS   [-WA]
CS =0008 0000000000000000 ffffffff 00af9a00 DPL=0 CS64 [-R-]
SS =0010 0000000000000000 ffffffff 00cf9300 DPL=0 DS   [-WA]
DS =0010 0000000000000000 ffffffff 00cf9300 DPL=0 DS   [-WA]
FS =0010 0000000000000000 ffffffff 00cf9300 DPL=0 DS   [-WA]
GS =0010 0000000000000000 ffffffff 00cf9300 DPL=0 DS   [-WA]
LDT=0000 0000000000000000 0000ffff 00008200 DPL=0 LDT
TR =0000 0000000000000000 0000ffff 00008b00 DPL=0 TSS64-busy
GDT=     00000000001918c0 00000017
IDT=     00000000001900a0 00000fff
CR0=80000011 CR2=0000000000000000 CR3=0000000000104000 CR4=00000020
DR0=0000000000000000 DR1=0000000000000000 DR2=0000000000000000 DR3=0000000000000000 
DR6=00000000ffff0ff0 DR7=0000000000000400
CCS=0000000000000014 CCD=0000000000107f58 CCO=EFLAGS
EFER=0000000000000500
Servicing hardware INT=0x20
   403: v=20 e=0000 i=0 cpl=0 IP=0008:0000000000100500 pc=0000000000100500 SP=0010:0000000000107f80 env->regs[R_EAX]=0000000000000000
RAX=0000000000000000 RBX=0000000000000000 RCX=0000000000000002 RDX=00000000000003d5
RSI=0000000000000000 RDI=00000000000003d5 RBP=0000000000107ff0 RSP=0000000000107f80
R8 =0000000000000000 R9 =0000000000000000 R10=0000000000000000 R11=0000000000000000
R12=0000000000000000 R13=0000000000000000 R14=0000000000000000 R15=0000000000000000
RIP=0000000000100500 RFL=00000216 [----AP-] CPL=0 II=0 A20=1 SMM=0 HLT=0
ES =0010 0000000000000000 ffffffff 00cf9300 DPL=0 DS   [-WA]
CS =0008 0000000000000000 ffffffff 00af9a00 DPL=0 CS64 [-R-]
SS =0010 0000000000000000 ffffffff 00cf9300 DPL=0 DS   [-WA]
DS =0010 0000000000000000 ffffffff 00cf9300 DPL=0 DS   [-WA]
FS =0010 0000000000000000 ffffffff 00cf9300 DPL=0 DS   [-WA]
GS =0010 0000000000000000 ffffffff 00cf9300 DPL=0 DS   [-WA]
LDT=0000 0000000000000000 0000ffff 00008200 DPL=0 LDT
TR =0000 0000000000000000 0000ffff 00008b00 DPL=0 TSS64-busy
GDT=     00000000001918c0 00000017
IDT=     00000000001900a0 00000fff
CR0=80000011 CR2=0000000000000000 CR3=0000000000104000 CR4=00000020
DR0=0000000000000000 DR1=0000000000000000 DR2=0000000000000000 DR3=0000000000000000 
DR6=00000000ffff0ff0 DR7=0000000000000400
CCS=0000000000000014 CCD=0000000000107f58 CCO=EFLAGS
EFER=0000000000000500
Servicing hardware INT=0x20
   404: v=20 e=0000 i=0 cpl=0 IP=0008:0000000000100500 pc=0000000000100500 SP=0010:0000000000107f80 env->regs[R_EAX]=0000000000000000
RAX=0000000000000000 RBX=0000000000000000 RCX=0000000000000002 RDX=00000000000003d5
RSI=0000000000000000 RDI=00000000000003d5 RBP=0000000000107ff0 RSP=0000000000107f80
R8 =0000000000000000 R9 =0000000000000000 R10=0000000000000000 R11=0000000000000000
R12=0000000000000000 R13=0000000000000000 R14=0000000000000000 R15=0000000000000000
RIP=0000000000100500 RFL=00000216 [----AP-] CPL=0 II=0 A20=1 SMM=0 HLT=0
ES =0010 0000000000000000 ffffffff 00cf9300 DPL=0 DS   [-WA]
CS =0008 0000000000000000 ffffffff 00af9a00 DPL=0 CS64 [-R-]
SS =0010 0000000000000000 ffffffff 00cf9300 DPL=0 DS   [-WA]
DS =0010 0000000000000000 ffffffff 00cf9300 DPL=0 DS   [-WA]
FS =0010 0000000000000000 ffffffff 00cf9300 DPL=0 DS   [-WA]
GS =0010 0000000000000000 ffffffff 00cf9300 DPL=0 DS   [-WA]
LDT=0000 0000000000000000 0000ffff 00008200 DPL=0 LDT
TR =0000 0000000000000000 0000ffff 00008b00 DPL=0 TSS64-busy
GDT=     00000000001918c0 00000017
IDT=     00000000001900a0 00000fff
CR0=80000011 CR2=0000000000000000 CR3=0000000000104000 CR4=00000020
DR0=0000000000000000 DR1=0000000000000000 DR2=0000000000000000 DR3=0000000000000000 
DR6=00000000ffff0ff0 DR7=0000000000000400
CCS=0000000000000014 CCD=0000000000107f58 CCO=EFLAGS
EFER=0000000000000500
Servicing hardware INT=0x20
   405: v=20 e=0000 i=0 cpl=0 IP=0008:0000000000100500 pc=0000000000100500 SP=0010:0000000000107f80 env->regs[R_EAX]=0000000000000000
RAX=0000000000000000 RBX=0000000000000000 RCX=0000000000000002 RDX=00000000000003d5
RSI=0000000000000000 RDI=00000000000003d5 RBP=0000000000107ff0 RSP=0000000000107f80
R8 =0000000000000000 R9 =0000000000000000 R10=0000000000000000 R11=0000000000000000
R12=0000000000000000 R13=0000000000000000 R14=0000000000000000 R15=0000000000000000
RIP=0000000000100500 RFL=00000216 [----AP-] CPL=0 II=0 A20=1 SMM=0 HLT=0
ES =0010 0000000000000000 ffffffff 00cf9300 DPL=0 DS   [-WA]
CS =0008 0000000000000000 ffffffff 00af9a00 DPL=0 CS64 [-R-]
SS =0010 0000000000000000 ffffffff 00cf9300 DPL=0 DS   [-WA]
DS =0010 0000000000000000 ffffffff 00cf9300 DPL=0 DS   [-WA]
FS =0010 0000000000000000 ffffffff 00cf9300 DPL=0 DS   [-WA]
GS =0010 0000000000000000 ffffffff 00cf9300 DPL=0 DS   [-WA]
LDT=0000 0000000000000000 0000ffff 00008200 DPL=0 LDT
TR =0000 0000000000000000 0000ffff 00008b00 DPL=0 TSS64-busy
GDT=     00000000001918c0 00000017
IDT=     00000000001900a0 00000fff
CR0=80000011 CR2=0000000000000000 CR3=0000000000104000 CR4=00000020
DR0=0000000000000000 DR1=0000000000000000 DR2=0000000000000000 DR3=0000000000000000 
DR6=00000000ffff0ff0 DR7=0000000000000400
CCS=0000000000000014 CCD=0000000000107f58 CCO=EFLAGS
EFER=0000000000000500
Servicing hardware INT=0x20
   406: v=20 e=0000 i=0 cpl=0 IP=0008:0000000000100500 pc=0000000000100500 SP=0010:0000000000107f80 env->regs[R_EAX]=0000000000000000
RAX=0000000000000000 RBX=0000000000000000 RCX=0000000000000002 RDX=00000000000003d5
RSI=0000000000000000 RDI=00000000000003d5 RBP=0000000000107ff0 RSP=0000000000107f80
R8 =0000000000000000 R9 =0000000000000000 R10=0000000000000000 R11=0000000000000000
R12=0000000000000000 R13=0000000000000000 R14=0000000000000000 R15=0000000000000000
RIP=0000000000100500 RFL=00000216 [----AP-] CPL=0 II=0 A20=1 SMM=0 HLT=0
ES =0010 0000000000000000 ffffffff 00cf9300 DPL=0 DS   [-WA]
CS =0008 0000000000000000 ffffffff 00af9a00 DPL=0 CS64 [-R-]
SS =0010 0000000000000000 ffffffff 00cf9300 DPL=0 DS   [-WA]
DS =0010 0000000000000000 ffffffff 00cf9300 DPL=0 DS   [-WA]
FS =0010 0000000000000000 ffffffff 00cf9300 DPL=0 DS   [-WA]
GS =0010 0000000000000000 ffffffff 00cf9300 DPL=0 DS   [-WA]
LDT=0000 0000000000000000 0000ffff 00008200 DPL=0 LDT
TR =0000 0000000000000000 0000ffff 00008b00 DPL=0 TSS64-busy
GDT=     00000000001918c0 00000017
IDT=     00000000001900a0 00000fff
CR0=80000011 CR2=0000000000000000 CR3=0000000000104000 CR4=00000020
DR0=0000000000000000 DR1=0000000000000000 DR2=0000000000000000 DR3=0000000000000000 
DR6=00000000ffff0ff0 DR7=0000000000000400
CCS=0000000000000014 CCD=0000000000107f58 CCO=EFLAGS
EFER=0000000000000500
Servicing hardware INT=0x20
   407: v=20 e=0000 i=0 cpl=0 IP=0008:0000000000100500 pc=0000000000100500 SP=0010:0000000000107f80 env->regs[R_EAX]=0000000000000000
RAX=0000000000000000 RBX=0000000000000000 RCX=0000000000000002 RDX=00000000000003d5
RSI=0000000000000000 RDI=00000000000003d5 RBP=0000000000107ff0 RSP=0000000000107f80
R8 =0000000000000000 R9 =0000000000000000 R10=0000000000000000 R11=0000000000000000
R12=0000000000000000 R13=0000000000000000 R14=0000000000000000 R15=0000000000000000
RIP=0000000000100500 RFL=00000216 [----AP-] CPL=0 II=0 A20=1 SMM=0 HLT=0
ES =0010 0000000000000000 ffffffff 00cf9300 DPL=0 DS   [-WA]
CS =0008 0000000000000000 ffffffff 00af9a00 DPL=0 CS64 [-R-]
SS =0010 0000000000000000 ffffffff 00cf9300 DPL=0 DS   [-WA]
DS =0010 0000000000000000 ffffffff 00cf9300 DPL=0 DS   [-WA]
FS =0010 0000000000000000 ffffffff 00cf9300 DPL=0 DS   [-WA]
GS =0010 0000000000000000 ffffffff 00cf9300 DPL=0 DS   [-WA]
LDT=0000 0000000000000000 0000ffff 00008200 DPL=0 LDT
TR =0000 0000000000000000 0000ffff 00008b00 DPL=0 TSS64-busy
GDT=     00000000001918c0 00000017
IDT=     00000000001900a0 00000fff
CR0=80000011 CR2=0000000000000000 CR3=0000000000104000 CR4=00000020
DR0=0000000000000000 DR1=0000000000000000 DR2=0000000000000000 DR3=0000000000000000 
DR6=00000000ffff0ff0 DR7=0000000000000400
CCS=0000000000000014 CCD=0000000000107f58 CCO=EFLAGS
EFER=0000000000000500
Servicing hardware INT=0x20
   408: v=20 e=0000 i=0 cpl=0 IP=0008:0000000000100500 pc=0000000000100500 SP=0010:0000000000107f80 env->regs[R_EAX]=0000000000000000
RAX=0000000000000000 RBX=0000000000000000 RCX=0000000000000002 RDX=00000000000003d5
RSI=0000000000000000 RDI=00000000000003d5 RBP=0000000000107ff0 RSP=0000000000107f80
R8 =0000000000000000 R9 =0000000000000000 R10=0000000000000000 R11=0000000000000000
R12=0000000000000000 R13=0000000000000000 R14=0000000000000000 R15=0000000000000000
RIP=0000000000100500 RFL=00000216 [----AP-] CPL=0 II=0 A20=1 SMM=0 HLT=0
ES =0010 0000000000000000 ffffffff 00cf9300 DPL=0 DS   [-WA]
CS =0008 0000000000000000 ffffffff 00af9a00 DPL=0 CS64 [-R-]
SS =0010 0000000000000000 ffffffff 00cf9300 DPL=0 DS   [-WA]
DS =0010 0000000000000000 ffffffff 00cf9300 DPL=0 DS   [-WA]
FS =0010 0000000000000000 ffffffff 00cf9300 DPL=0 DS   [-WA]
GS =0010 0000000000000000 ffffffff 00cf9300 DPL=0 DS   [-WA]
LDT=0000 0000000000000000 0000ffff 00008200 DPL=0 LDT
TR =0000 0000000000000000 0000ffff 00008b00 DPL=0 TSS64-busy
GDT=     00000000001918c0 00000017
IDT=     00000000001900a0 00000fff
CR0=80000011 CR2=0000000000000000 CR3=0000000000104000 CR4=00000020
DR0=0000000000000000 DR1=0000000000000000 DR2=0000000000000000 DR3=0000000000000000 
DR6=00000000ffff0ff0 DR7=0000000000000400
CCS=0000000000000014 CCD=0000000000107f58 CCO=EFLAGS
EFER=0000000000000500
Servicing hardware INT=0x20
   409: v=20 e=0000 i=0 cpl=0 IP=0008:0000000000100500 pc=0000000000100500 SP=0010:0000000000107f80 env->regs[R_EAX]=0000000000000000
RAX=0000000000000000 RBX=0000000000000000 RCX=0000000000000002 RDX=00000000000003d5
RSI=0000000000000000 RDI=00000000000003d5 RBP=0000000000107ff0 RSP=0000000000107f80
R8 =0000000000000000 R9 =0000000000000000 R10=0000000000000000 R11=0000000000000000
R12=0000000000000000 R13=0000000000000000 R14=0000000000000000 R15=0000000000000000
RIP=0000000000100500 RFL=00000216 [----AP-] CPL=0 II=0 A20=1 SMM=0 HLT=0
ES =0010 0000000000000000 ffffffff 00cf9300 DPL=0 DS   [-WA]
CS =0008 0000000000000000 ffffffff 00af9a00 DPL=0 CS64 [-R-]
SS =0010 0000000000000000 ffffffff 00cf9300 DPL=0 DS   [-WA]
DS =0010 0000000000000000 ffffffff 00cf9300 DPL=0 DS   [-WA]
FS =0010 0000000000000000 ffffffff 00cf9300 DPL=0 DS   [-WA]
GS =0010 0000000000000000 ffffffff 00cf9300 DPL=0 DS   [-WA]
LDT=0000 0000000000000000 0000ffff 00008200 DPL=0 LDT
TR =0000 0000000000000000 0000ffff 00008b00 DPL=0 TSS64-busy
GDT=     00000000001918c0 00000017
IDT=     00000000001900a0 00000fff
CR0=80000011 CR2=0000000000000000 CR3=0000000000104000 CR4=00000020
DR0=0000000000000000 DR1=0000000000000000 DR2=0000000000000000 DR3=0000000000000000 
DR6=00000000ffff0ff0 DR7=0000000000000400
CCS=0000000000000014 CCD=0000000000107f58 CCO=EFLAGS
EFER=0000000000000500
Servicing hardware INT=0x20
   410: v=20 e=0000 i=0 cpl=0 IP=0008:0000000000100500 pc=0000000000100500 SP=0010:0000000000107f80 env->regs[R_EAX]=0000000000000000
RAX=0000000000000000 RBX=0000000000000000 RCX=0000000000000002 RDX=00000000000003d5
RSI=0000000000000000 RDI=00000000000003d5 RBP=0000000000107ff0 RSP=0000000000107f80
R8 =0000000000000000 R9 =0000000000000000 R10=0000000000000000 R11=0000000000000000
R12=0000000000000000 R13=0000000000000000 R14=0000000000000000 R15=0000000000000000
RIP=0000000000100500 RFL=00000216 [----AP-] CPL=0 II=0 A20=1 SMM=0 HLT=0
ES =0010 0000000000000000 ffffffff 00cf9300 DPL=0 DS   [-WA]
CS =0008 0000000000000000 ffffffff 00af9a00 DPL=0 CS64 [-R-]
SS =0010 0000000000000000 ffffffff 00cf9300 DPL=0 DS   [-WA]
DS =0010 0000000000000000 ffffffff 00cf9300 DPL=0 DS   [-WA]
FS =0010 0000000000000000 ffffffff 00cf9300 DPL=0 DS   [-WA]
GS =0010 0000000000000000 ffffffff 00cf9300 DPL=0 DS   [-WA]
LDT=0000 0000000000000000 0000ffff 00008200 DPL=0 LDT
TR =0000 0000000000000000 0000ffff 00008b00 DPL=0 TSS64-busy
GDT=     00000000001918c0 00000017
IDT=     00000000001900a0 00000fff
CR0=80000011 CR2=0000000000000000 CR3=0000000000104000 CR4=00000020
DR0=0000000000000000 DR1=0000000000000000 DR2=0000000000000000 DR3=0000000000000000 
DR6=00000000ffff0ff0 DR7=0000000000000400
CCS=0000000000000014 CCD=0000000000107f58 CCO=EFLAGS
EFER=0000000000000500
Servicing hardware INT=0x20
   411: v=20 e=0000 i=0 cpl=0 IP=0008:0000000000100500 pc=0000000000100500 SP=0010:0000000000107f80 env->regs[R_EAX]=0000000000000000
RAX=0000000000000000 RBX=0000000000000000 RCX=0000000000000002 RDX=00000000000003d5
RSI=0000000000000000 RDI=00000000000003d5 RBP=0000000000107ff0 RSP=0000000000107f80
R8 =0000000000000000 R9 =0000000000000000 R10=0000000000000000 R11=0000000000000000
R12=0000000000000000 R13=0000000000000000 R14=0000000000000000 R15=0000000000000000
RIP=0000000000100500 RFL=00000216 [----AP-] CPL=0 II=0 A20=1 SMM=0 HLT=0
ES =0010 0000000000000000 ffffffff 00cf9300 DPL=0 DS   [-WA]
CS =0008 0000000000000000 ffffffff 00af9a00 DPL=0 CS64 [-R-]
SS =0010 0000000000000000 ffffffff 00cf9300 DPL=0 DS   [-WA]
DS =0010 0000000000000000 ffffffff 00cf9300 DPL=0 DS   [-WA]
FS =0010 0000000000000000 ffffffff 00cf9300 DPL=0 DS   [-WA]
GS =0010 0000000000000000 ffffffff 00cf9300 DPL=0 DS   [-WA]
LDT=0000 0000000000000000 0000ffff 00008200 DPL=0 LDT
TR =0000 0000000000000000 0000ffff 00008b00 DPL=0 TSS64-busy
GDT=     00000000001918c0 00000017
IDT=     00000000001900a0 00000fff
CR0=80000011 CR2=0000000000000000 CR3=0000000000104000 CR4=00000020
DR0=0000000000000000 DR1=0000000000000000 DR2=0000000000000000 DR3=0000000000000000 
DR6=00000000ffff0ff0 DR7=0000000000000400
CCS=0000000000000014 CCD=0000000000107f58 CCO=EFLAGS
EFER=0000000000000500
Servicing hardware INT=0x20
   412: v=20 e=0000 i=0 cpl=0 IP=0008:0000000000100500 pc=0000000000100500 SP=0010:0000000000107f80 env->regs[R_EAX]=0000000000000000
RAX=0000000000000000 RBX=0000000000000000 RCX=0000000000000002 RDX=00000000000003d5
RSI=0000000000000000 RDI=00000000000003d5 RBP=0000000000107ff0 RSP=0000000000107f80
R8 =0000000000000000 R9 =0000000000000000 R10=0000000000000000 R11=0000000000000000
R12=0000000000000000 R13=0000000000000000 R14=0000000000000000 R15=0000000000000000
RIP=0000000000100500 RFL=00000216 [----AP-] CPL=0 II=0 A20=1 SMM=0 HLT=0
ES =0010 0000000000000000 ffffffff 00cf9300 DPL=0 DS   [-WA]
CS =0008 0000000000000000 ffffffff 00af9a00 DPL=0 CS64 [-R-]
SS =0010 0000000000000000 ffffffff 00cf9300 DPL=0 DS   [-WA]
DS =0010 0000000000000000 ffffffff 00cf9300 DPL=0 DS   [-WA]
FS =0010 0000000000000000 ffffffff 00cf9300 DPL=0 DS   [-WA]
GS =0010 0000000000000000 ffffffff 00cf9300 DPL=0 DS   [-WA]
LDT=0000 0000000000000000 0000ffff 00008200 DPL=0 LDT
TR =0000 0000000000000000 0000ffff 00008b00 DPL=0 TSS64-busy
GDT=     00000000001918c0 00000017
IDT=     00000000001900a0 00000fff
CR0=80000011 CR2=0000000000000000 CR3=0000000000104000 CR4=00000020
DR0=0000000000000000 DR1=0000000000000000 DR2=0000000000000000 DR3=0000000000000000 
DR6=00000000ffff0ff0 DR7=0000000000000400
CCS=0000000000000014 CCD=0000000000107f58 CCO=EFLAGS
EFER=0000000000000500
Servicing hardware INT=0x20
   413: v=20 e=0000 i=0 cpl=0 IP=0008:0000000000100500 pc=0000000000100500 SP=0010:0000000000107f80 env->regs[R_EAX]=0000000000000000
RAX=0000000000000000 RBX=0000000000000000 RCX=0000000000000002 RDX=00000000000003d5
RSI=0000000000000000 RDI=00000000000003d5 RBP=0000000000107ff0 RSP=0000000000107f80
R8 =0000000000000000 R9 =0000000000000000 R10=0000000000000000 R11=0000000000000000
R12=0000000000000000 R13=0000000000000000 R14=0000000000000000 R15=0000000000000000
RIP=0000000000100500 RFL=00000216 [----AP-] CPL=0 II=0 A20=1 SMM=0 HLT=0
ES =0010 0000000000000000 ffffffff 00cf9300 DPL=0 DS   [-WA]
CS =0008 0000000000000000 ffffffff 00af9a00 DPL=0 CS64 [-R-]
SS =0010 0000000000000000 ffffffff 00cf9300 DPL=0 DS   [-WA]
DS =0010 0000000000000000 ffffffff 00cf9300 DPL=0 DS   [-WA]
FS =0010 0000000000000000 ffffffff 00cf9300 DPL=0 DS   [-WA]
GS =0010 0000000000000000 ffffffff 00cf9300 DPL=0 DS   [-WA]
LDT=0000 0000000000000000 0000ffff 00008200 DPL=0 LDT
TR =0000 0000000000000000 0000ffff 00008b00 DPL=0 TSS64-busy
GDT=     00000000001918c0 00000017
IDT=     00000000001900a0 00000fff
CR0=80000011 CR2=0000000000000000 CR3=0000000000104000 CR4=00000020
DR0=0000000000000000 DR1=0000000000000000 DR2=0000000000000000 DR3=0000000000000000 
DR6=00000000ffff0ff0 DR7=0000000000000400
CCS=0000000000000014 CCD=0000000000107f58 CCO=EFLAGS
EFER=0000000000000500
Servicing hardware INT=0x20
   414: v=20 e=0000 i=0 cpl=0 IP=0008:0000000000100500 pc=0000000000100500 SP=0010:0000000000107f80 env->regs[R_EAX]=0000000000000000
RAX=0000000000000000 RBX=0000000000000000 RCX=0000000000000002 RDX=00000000000003d5
RSI=0000000000000000 RDI=00000000000003d5 RBP=0000000000107ff0 RSP=0000000000107f80
R8 =0000000000000000 R9 =0000000000000000 R10=0000000000000000 R11=0000000000000000
R12=0000000000000000 R13=0000000000000000 R14=0000000000000000 R15=0000000000000000
RIP=0000000000100500 RFL=00000216 [----AP-] CPL=0 II=0 A20=1 SMM=0 HLT=0
ES =0010 0000000000000000 ffffffff 00cf9300 DPL=0 DS   [-WA]
CS =0008 0000000000000000 ffffffff 00af9a00 DPL=0 CS64 [-R-]
SS =0010 0000000000000000 ffffffff 00cf9300 DPL=0 DS   [-WA]
DS =0010 0000000000000000 ffffffff 00cf9300 DPL=0 DS   [-WA]
FS =0010 0000000000000000 ffffffff 00cf9300 DPL=0 DS   [-WA]
GS =0010 0000000000000000 ffffffff 00cf9300 DPL=0 DS   [-WA]
LDT=0000 0000000000000000 0000ffff 00008200 DPL=0 LDT
TR =0000 0000000000000000 0000ffff 00008b00 DPL=0 TSS64-busy
GDT=     00000000001918c0 00000017
IDT=     00000000001900a0 00000fff
CR0=80000011 CR2=0000000000000000 CR3=0000000000104000 CR4=00000020
DR0=0000000000000000 DR1=0000000000000000 DR2=0000000000000000 DR3=0000000000000000 
DR6=00000000ffff0ff0 DR7=0000000000000400
CCS=0000000000000014 CCD=0000000000107f58 CCO=EFLAGS
EFER=0000000000000500
Servicing hardware INT=0x20
   415: v=20 e=0000 i=0 cpl=0 IP=0008:0000000000100500 pc=0000000000100500 SP=0010:0000000000107f80 env->regs[R_EAX]=0000000000000000
RAX=0000000000000000 RBX=0000000000000000 RCX=0000000000000002 RDX=00000000000003d5
RSI=0000000000000000 RDI=00000000000003d5 RBP=0000000000107ff0 RSP=0000000000107f80
R8 =0000000000000000 R9 =0000000000000000 R10=0000000000000000 R11=0000000000000000
R12=0000000000000000 R13=0000000000000000 R14=0000000000000000 R15=0000000000000000
RIP=0000000000100500 RFL=00000216 [----AP-] CPL=0 II=0 A20=1 SMM=0 HLT=0
ES =0010 0000000000000000 ffffffff 00cf9300 DPL=0 DS   [-WA]
CS =0008 0000000000000000 ffffffff 00af9a00 DPL=0 CS64 [-R-]
SS =0010 0000000000000000 ffffffff 00cf9300 DPL=0 DS   [-WA]
DS =0010 0000000000000000 ffffffff 00cf9300 DPL=0 DS   [-WA]
FS =0010 0000000000000000 ffffffff 00cf9300 DPL=0 DS   [-WA]
GS =0010 0000000000000000 ffffffff 00cf9300 DPL=0 DS   [-WA]
LDT=0000 0000000000000000 0000ffff 00008200 DPL=0 LDT
TR =0000 0000000000000000 0000ffff 00008b00 DPL=0 TSS64-busy
GDT=     00000000001918c0 00000017
IDT=     00000000001900a0 00000fff
CR0=80000011 CR2=0000000000000000 CR3=0000000000104000 CR4=00000020
DR0=0000000000000000 DR1=0000000000000000 DR2=0000000000000000 DR3=0000000000000000 
DR6=00000000ffff0ff0 DR7=0000000000000400
CCS=0000000000000014 CCD=0000000000107f58 CCO=EFLAGS
EFER=0000000000000500
Servicing hardware INT=0x20
   416: v=20 e=0000 i=0 cpl=0 IP=0008:0000000000100500 pc=0000000000100500 SP=0010:0000000000107f80 env->regs[R_EAX]=0000000000000000
RAX=0000000000000000 RBX=0000000000000000 RCX=0000000000000002 RDX=00000000000003d5
RSI=0000000000000000 RDI=00000000000003d5 RBP=0000000000107ff0 RSP=0000000000107f80
R8 =0000000000000000 R9 =0000000000000000 R10=0000000000000000 R11=0000000000000000
R12=0000000000000000 R13=0000000000000000 R14=0000000000000000 R15=0000000000000000
RIP=0000000000100500 RFL=00000216 [----AP-] CPL=0 II=0 A20=1 SMM=0 HLT=0
ES =0010 0000000000000000 ffffffff 00cf9300 DPL=0 DS   [-WA]
CS =0008 0000000000000000 ffffffff 00af9a00 DPL=0 CS64 [-R-]
SS =0010 0000000000000000 ffffffff 00cf9300 DPL=0 DS   [-WA]
DS =0010 0000000000000000 ffffffff 00cf9300 DPL=0 DS   [-WA]
FS =0010 0000000000000000 ffffffff 00cf9300 DPL=0 DS   [-WA]
GS =0010 0000000000000000 ffffffff 00cf9300 DPL=0 DS   [-WA]
LDT=0000 0000000000000000 0000ffff 00008200 DPL=0 LDT
TR =0000 0000000000000000 0000ffff 00008b00 DPL=0 TSS64-busy
GDT=     00000000001918c0 00000017
IDT=     00000000001900a0 00000fff
CR0=80000011 CR2=0000000000000000 CR3=0000000000104000 CR4=00000020
DR0=0000000000000000 DR1=0000000000000000 DR2=0000000000000000 DR3=0000000000000000 
DR6=00000000ffff0ff0 DR7=0000000000000400
CCS=0000000000000014 CCD=0000000000107f58 CCO=EFLAGS
EFER=0000000000000500
Servicing hardware INT=0x20
   417: v=20 e=0000 i=0 cpl=0 IP=0008:0000000000100500 pc=0000000000100500 SP=0010:0000000000107f80 env->regs[R_EAX]=0000000000000000
RAX=0000000000000000 RBX=0000000000000000 RCX=0000000000000002 RDX=00000000000003d5
RSI=0000000000000000 RDI=00000000000003d5 RBP=0000000000107ff0 RSP=0000000000107f80
R8 =0000000000000000 R9 =0000000000000000 R10=0000000000000000 R11=0000000000000000
R12=0000000000000000 R13=0000000000000000 R14=0000000000000000 R15=0000000000000000
RIP=0000000000100500 RFL=00000216 [----AP-] CPL=0 II=0 A20=1 SMM=0 HLT=0
ES =0010 0000000000000000 ffffffff 00cf9300 DPL=0 DS   [-WA]
CS =0008 0000000000000000 ffffffff 00af9a00 DPL=0 CS64 [-R-]
SS =0010 0000000000000000 ffffffff 00cf9300 DPL=0 DS   [-WA]
DS =0010 0000000000000000 ffffffff 00cf9300 DPL=0 DS   [-WA]
FS =0010 0000000000000000 ffffffff 00cf9300 DPL=0 DS   [-WA]
GS =0010 0000000000000000 ffffffff 00cf9300 DPL=0 DS   [-WA]
LDT=0000 0000000000000000 0000ffff 00008200 DPL=0 LDT
TR =0000 0000000000000000 0000ffff 00008b00 DPL=0 TSS64-busy
GDT=     00000000001918c0 00000017
IDT=     00000000001900a0 00000fff
CR0=80000011 CR2=0000000000000000 CR3=0000000000104000 CR4=00000020
DR0=0000000000000000 DR1=0000000000000000 DR2=0000000000000000 DR3=0000000000000000 
DR6=00000000ffff0ff0 DR7=0000000000000400
CCS=0000000000000014 CCD=0000000000107f58 CCO=EFLAGS
EFER=0000000000000500
Servicing hardware INT=0x20
   418: v=20 e=0000 i=0 cpl=0 IP=0008:0000000000100500 pc=0000000000100500 SP=0010:0000000000107f80 env->regs[R_EAX]=0000000000000000
RAX=0000000000000000 RBX=0000000000000000 RCX=0000000000000002 RDX=00000000000003d5
RSI=0000000000000000 RDI=00000000000003d5 RBP=0000000000107ff0 RSP=0000000000107f80
R8 =0000000000000000 R9 =0000000000000000 R10=0000000000000000 R11=0000000000000000
R12=0000000000000000 R13=0000000000000000 R14=0000000000000000 R15=0000000000000000
RIP=0000000000100500 RFL=00000216 [----AP-] CPL=0 II=0 A20=1 SMM=0 HLT=0
ES =0010 0000000000000000 ffffffff 00cf9300 DPL=0 DS   [-WA]
CS =0008 0000000000000000 ffffffff 00af9a00 DPL=0 CS64 [-R-]
SS =0010 0000000000000000 ffffffff 00cf9300 DPL=0 DS   [-WA]
DS =0010 0000000000000000 ffffffff 00cf9300 DPL=0 DS   [-WA]
FS =0010 0000000000000000 ffffffff 00cf9300 DPL=0 DS   [-WA]
GS =0010 0000000000000000 ffffffff 00cf9300 DPL=0 DS   [-WA]
LDT=0000 0000000000000000 0000ffff 00008200 DPL=0 LDT
TR =0000 0000000000000000 0000ffff 00008b00 DPL=0 TSS64-busy
GDT=     00000000001918c0 00000017
IDT=     00000000001900a0 00000fff
CR0=80000011 CR2=0000000000000000 CR3=0000000000104000 CR4=00000020
DR0=0000000000000000 DR1=0000000000000000 DR2=0000000000000000 DR3=0000000000000000 
DR6=00000000ffff0ff0 DR7=0000000000000400
CCS=0000000000000014 CCD=0000000000107f58 CCO=EFLAGS
EFER=0000000000000500
Servicing hardware INT=0x20
   419: v=20 e=0000 i=0 cpl=0 IP=0008:0000000000100500 pc=0000000000100500 SP=0010:0000000000107f80 env->regs[R_EAX]=0000000000000000
RAX=0000000000000000 RBX=0000000000000000 RCX=0000000000000002 RDX=00000000000003d5
RSI=0000000000000000 RDI=00000000000003d5 RBP=0000000000107ff0 RSP=0000000000107f80
R8 =0000000000000000 R9 =0000000000000000 R10=0000000000000000 R11=0000000000000000
R12=0000000000000000 R13=0000000000000000 R14=0000000000000000 R15=0000000000000000
RIP=0000000000100500 RFL=00000216 [----AP-] CPL=0 II=0 A20=1 SMM=0 HLT=0
ES =0010 0000000000000000 ffffffff 00cf9300 DPL=0 DS   [-WA]
CS =0008 0000000000000000 ffffffff 00af9a00 DPL=0 CS64 [-R-]
SS =0010 0000000000000000 ffffffff 00cf9300 DPL=0 DS   [-WA]
DS =0010 0000000000000000 ffffffff 00cf9300 DPL=0 DS   [-WA]
FS =0010 0000000000000000 ffffffff 00cf9300 DPL=0 DS   [-WA]
GS =0010 0000000000000000 ffffffff 00cf9300 DPL=0 DS   [-WA]
LDT=0000 0000000000000000 0000ffff 00008200 DPL=0 LDT
TR =0000 0000000000000000 0000ffff 00008b00 DPL=0 TSS64-busy
GDT=     00000000001918c0 00000017
IDT=     00000000001900a0 00000fff
CR0=80000011 CR2=0000000000000000 CR3=0000000000104000 CR4=00000020
DR0=0000000000000000 DR1=0000000000000000 DR2=0000000000000000 DR3=0000000000000000 
DR6=00000000ffff0ff0 DR7=0000000000000400
CCS=0000000000000014 CCD=0000000000107f58 CCO=EFLAGS
EFER=0000000000000500
Servicing hardware INT=0x20
   420: v=20 e=0000 i=0 cpl=0 IP=0008:0000000000100500 pc=0000000000100500 SP=0010:0000000000107f80 env->regs[R_EAX]=0000000000000000
RAX=0000000000000000 RBX=0000000000000000 RCX=0000000000000002 RDX=00000000000003d5
RSI=0000000000000000 RDI=00000000000003d5 RBP=0000000000107ff0 RSP=0000000000107f80
R8 =0000000000000000 R9 =0000000000000000 R10=0000000000000000 R11=0000000000000000
R12=0000000000000000 R13=0000000000000000 R14=0000000000000000 R15=0000000000000000
RIP=0000000000100500 RFL=00000216 [----AP-] CPL=0 II=0 A20=1 SMM=0 HLT=0
ES =0010 0000000000000000 ffffffff 00cf9300 DPL=0 DS   [-WA]
CS =0008 0000000000000000 ffffffff 00af9a00 DPL=0 CS64 [-R-]
SS =0010 0000000000000000 ffffffff 00cf9300 DPL=0 DS   [-WA]
DS =0010 0000000000000000 ffffffff 00cf9300 DPL=0 DS   [-WA]
FS =0010 0000000000000000 ffffffff 00cf9300 DPL=0 DS   [-WA]
GS =0010 0000000000000000 ffffffff 00cf9300 DPL=0 DS   [-WA]
LDT=0000 0000000000000000 0000ffff 00008200 DPL=0 LDT
TR =0000 0000000000000000 0000ffff 00008b00 DPL=0 TSS64-busy
GDT=     00000000001918c0 00000017
IDT=     00000000001900a0 00000fff
CR0=80000011 CR2=0000000000000000 CR3=0000000000104000 CR4=00000020
DR0=0000000000000000 DR1=0000000000000000 DR2=0000000000000000 DR3=0000000000000000 
DR6=00000000ffff0ff0 DR7=0000000000000400
CCS=0000000000000014 CCD=0000000000107f58 CCO=EFLAGS
EFER=0000000000000500
Servicing hardware INT=0x20
   421: v=20 e=0000 i=0 cpl=0 IP=0008:0000000000100500 pc=0000000000100500 SP=0010:0000000000107f80 env->regs[R_EAX]=0000000000000000
RAX=0000000000000000 RBX=0000000000000000 RCX=0000000000000002 RDX=00000000000003d5
RSI=0000000000000000 RDI=00000000000003d5 RBP=0000000000107ff0 RSP=0000000000107f80
R8 =0000000000000000 R9 =0000000000000000 R10=0000000000000000 R11=0000000000000000
R12=0000000000000000 R13=0000000000000000 R14=0000000000000000 R15=0000000000000000
RIP=0000000000100500 RFL=00000216 [----AP-] CPL=0 II=0 A20=1 SMM=0 HLT=0
ES =0010 0000000000000000 ffffffff 00cf9300 DPL=0 DS   [-WA]
CS =0008 0000000000000000 ffffffff 00af9a00 DPL=0 CS64 [-R-]
SS =0010 0000000000000000 ffffffff 00cf9300 DPL=0 DS   [-WA]
DS =0010 0000000000000000 ffffffff 00cf9300 DPL=0 DS   [-WA]
FS =0010 0000000000000000 ffffffff 00cf9300 DPL=0 DS   [-WA]
GS =0010 0000000000000000 ffffffff 00cf9300 DPL=0 DS   [-WA]
LDT=0000 0000000000000000 0000ffff 00008200 DPL=0 LDT
TR =0000 0000000000000000 0000ffff 00008b00 DPL=0 TSS64-busy
GDT=     00000000001918c0 00000017
IDT=     00000000001900a0 00000fff
CR0=80000011 CR2=0000000000000000 CR3=0000000000104000 CR4=00000020
DR0=0000000000000000 DR1=0000000000000000 DR2=0000000000000000 DR3=0000000000000000 
DR6=00000000ffff0ff0 DR7=0000000000000400
CCS=0000000000000014 CCD=0000000000107f58 CCO=EFLAGS
EFER=0000000000000500
Servicing hardware INT=0x20
   422: v=20 e=0000 i=0 cpl=0 IP=0008:0000000000100500 pc=0000000000100500 SP=0010:0000000000107f80 env->regs[R_EAX]=0000000000000000
RAX=0000000000000000 RBX=0000000000000000 RCX=0000000000000002 RDX=00000000000003d5
RSI=0000000000000000 RDI=00000000000003d5 RBP=0000000000107ff0 RSP=0000000000107f80
R8 =0000000000000000 R9 =0000000000000000 R10=0000000000000000 R11=0000000000000000
R12=0000000000000000 R13=0000000000000000 R14=0000000000000000 R15=0000000000000000
RIP=0000000000100500 RFL=00000216 [----AP-] CPL=0 II=0 A20=1 SMM=0 HLT=0
ES =0010 0000000000000000 ffffffff 00cf9300 DPL=0 DS   [-WA]
CS =0008 0000000000000000 ffffffff 00af9a00 DPL=0 CS64 [-R-]
SS =0010 0000000000000000 ffffffff 00cf9300 DPL=0 DS   [-WA]
DS =0010 0000000000000000 ffffffff 00cf9300 DPL=0 DS   [-WA]
FS =0010 0000000000000000 ffffffff 00cf9300 DPL=0 DS   [-WA]
GS =0010 0000000000000000 ffffffff 00cf9300 DPL=0 DS   [-WA]
LDT=0000 0000000000000000 0000ffff 00008200 DPL=0 LDT
TR =0000 0000000000000000 0000ffff 00008b00 DPL=0 TSS64-busy
GDT=     00000000001918c0 00000017
IDT=     00000000001900a0 00000fff
CR0=80000011 CR2=0000000000000000 CR3=0000000000104000 CR4=00000020
DR0=0000000000000000 DR1=0000000000000000 DR2=0000000000000000 DR3=0000000000000000 
DR6=00000000ffff0ff0 DR7=0000000000000400
CCS=0000000000000014 CCD=0000000000107f58 CCO=EFLAGS
EFER=0000000000000500
Servicing hardware INT=0x20
   423: v=20 e=0000 i=0 cpl=0 IP=0008:0000000000100500 pc=0000000000100500 SP=0010:0000000000107f80 env->regs[R_EAX]=0000000000000000
RAX=0000000000000000 RBX=0000000000000000 RCX=0000000000000002 RDX=00000000000003d5
RSI=0000000000000000 RDI=00000000000003d5 RBP=0000000000107ff0 RSP=0000000000107f80
R8 =0000000000000000 R9 =0000000000000000 R10=0000000000000000 R11=0000000000000000
R12=0000000000000000 R13=0000000000000000 R14=0000000000000000 R15=0000000000000000
RIP=0000000000100500 RFL=00000216 [----AP-] CPL=0 II=0 A20=1 SMM=0 HLT=0
ES =0010 0000000000000000 ffffffff 00cf9300 DPL=0 DS   [-WA]
CS =0008 0000000000000000 ffffffff 00af9a00 DPL=0 CS64 [-R-]
SS =0010 0000000000000000 ffffffff 00cf9300 DPL=0 DS   [-WA]
DS =0010 0000000000000000 ffffffff 00cf9300 DPL=0 DS   [-WA]
FS =0010 0000000000000000 ffffffff 00cf9300 DPL=0 DS   [-WA]
GS =0010 0000000000000000 ffffffff 00cf9300 DPL=0 DS   [-WA]
LDT=0000 0000000000000000 0000ffff 00008200 DPL=0 LDT
TR =0000 0000000000000000 0000ffff 00008b00 DPL=0 TSS64-busy
GDT=     00000000001918c0 00000017
IDT=     00000000001900a0 00000fff
CR0=80000011 CR2=0000000000000000 CR3=0000000000104000 CR4=00000020
DR0=0000000000000000 DR1=0000000000000000 DR2=0000000000000000 DR3=0000000000000000 
DR6=00000000ffff0ff0 DR7=0000000000000400
CCS=0000000000000014 CCD=0000000000107f58 CCO=EFLAGS
EFER=0000000000000500
Servicing hardware INT=0x20
   424: v=20 e=0000 i=0 cpl=0 IP=0008:0000000000100500 pc=0000000000100500 SP=0010:0000000000107f80 env->regs[R_EAX]=0000000000000000
RAX=0000000000000000 RBX=0000000000000000 RCX=0000000000000002 RDX=00000000000003d5
RSI=0000000000000000 RDI=00000000000003d5 RBP=0000000000107ff0 RSP=0000000000107f80
R8 =0000000000000000 R9 =0000000000000000 R10=0000000000000000 R11=0000000000000000
R12=0000000000000000 R13=0000000000000000 R14=0000000000000000 R15=0000000000000000
RIP=0000000000100500 RFL=00000216 [----AP-] CPL=0 II=0 A20=1 SMM=0 HLT=0
ES =0010 0000000000000000 ffffffff 00cf9300 DPL=0 DS   [-WA]
CS =0008 0000000000000000 ffffffff 00af9a00 DPL=0 CS64 [-R-]
SS =0010 0000000000000000 ffffffff 00cf9300 DPL=0 DS   [-WA]
DS =0010 0000000000000000 ffffffff 00cf9300 DPL=0 DS   [-WA]
FS =0010 0000000000000000 ffffffff 00cf9300 DPL=0 DS   [-WA]
GS =0010 0000000000000000 ffffffff 00cf9300 DPL=0 DS   [-WA]
LDT=0000 0000000000000000 0000ffff 00008200 DPL=0 LDT
TR =0000 0000000000000000 0000ffff 00008b00 DPL=0 TSS64-busy
GDT=     00000000001918c0 00000017
IDT=     00000000001900a0 00000fff
CR0=80000011 CR2=0000000000000000 CR3=0000000000104000 CR4=00000020
DR0=0000000000000000 DR1=0000000000000000 DR2=0000000000000000 DR3=0000000000000000 
DR6=00000000ffff0ff0 DR7=0000000000000400
CCS=0000000000000014 CCD=0000000000107f58 CCO=EFLAGS
EFER=0000000000000500
Servicing hardware INT=0x20
   425: v=20 e=0000 i=0 cpl=0 IP=0008:0000000000100500 pc=0000000000100500 SP=0010:0000000000107f80 env->regs[R_EAX]=0000000000000000
RAX=0000000000000000 RBX=0000000000000000 RCX=0000000000000002 RDX=00000000000003d5
RSI=0000000000000000 RDI=00000000000003d5 RBP=0000000000107ff0 RSP=0000000000107f80
R8 =0000000000000000 R9 =0000000000000000 R10=0000000000000000 R11=0000000000000000
R12=0000000000000000 R13=0000000000000000 R14=0000000000000000 R15=0000000000000000
RIP=0000000000100500 RFL=00000216 [----AP-] CPL=0 II=0 A20=1 SMM=0 HLT=0
ES =0010 0000000000000000 ffffffff 00cf9300 DPL=0 DS   [-WA]
CS =0008 0000000000000000 ffffffff 00af9a00 DPL=0 CS64 [-R-]
SS =0010 0000000000000000 ffffffff 00cf9300 DPL=0 DS   [-WA]
DS =0010 0000000000000000 ffffffff 00cf9300 DPL=0 DS   [-WA]
FS =0010 0000000000000000 ffffffff 00cf9300 DPL=0 DS   [-WA]
GS =0010 0000000000000000 ffffffff 00cf9300 DPL=0 DS   [-WA]
LDT=0000 0000000000000000 0000ffff 00008200 DPL=0 LDT
TR =0000 0000000000000000 0000ffff 00008b00 DPL=0 TSS64-busy
GDT=     00000000001918c0 00000017
IDT=     00000000001900a0 00000fff
CR0=80000011 CR2=0000000000000000 CR3=0000000000104000 CR4=00000020
DR0=0000000000000000 DR1=0000000000000000 DR2=0000000000000000 DR3=0000000000000000 
DR6=00000000ffff0ff0 DR7=0000000000000400
CCS=0000000000000014 CCD=0000000000107f58 CCO=EFLAGS
EFER=0000000000000500
Servicing hardware INT=0x20
   426: v=20 e=0000 i=0 cpl=0 IP=0008:0000000000100500 pc=0000000000100500 SP=0010:0000000000107f80 env->regs[R_EAX]=0000000000000000
RAX=0000000000000000 RBX=0000000000000000 RCX=0000000000000002 RDX=00000000000003d5
RSI=0000000000000000 RDI=00000000000003d5 RBP=0000000000107ff0 RSP=0000000000107f80
R8 =0000000000000000 R9 =0000000000000000 R10=0000000000000000 R11=0000000000000000
R12=0000000000000000 R13=0000000000000000 R14=0000000000000000 R15=0000000000000000
RIP=0000000000100500 RFL=00000216 [----AP-] CPL=0 II=0 A20=1 SMM=0 HLT=0
ES =0010 0000000000000000 ffffffff 00cf9300 DPL=0 DS   [-WA]
CS =0008 0000000000000000 ffffffff 00af9a00 DPL=0 CS64 [-R-]
SS =0010 0000000000000000 ffffffff 00cf9300 DPL=0 DS   [-WA]
DS =0010 0000000000000000 ffffffff 00cf9300 DPL=0 DS   [-WA]
FS =0010 0000000000000000 ffffffff 00cf9300 DPL=0 DS   [-WA]
GS =0010 0000000000000000 ffffffff 00cf9300 DPL=0 DS   [-WA]
LDT=0000 0000000000000000 0000ffff 00008200 DPL=0 LDT
TR =0000 0000000000000000 0000ffff 00008b00 DPL=0 TSS64-busy
GDT=     00000000001918c0 00000017
IDT=     00000000001900a0 00000fff
CR0=80000011 CR2=0000000000000000 CR3=0000000000104000 CR4=00000020
DR0=0000000000000000 DR1=0000000000000000 DR2=0000000000000000 DR3=0000000000000000 
DR6=00000000ffff0ff0 DR7=0000000000000400
CCS=0000000000000014 CCD=0000000000107f58 CCO=EFLAGS
EFER=0000000000000500
Servicing hardware INT=0x20
   427: v=20 e=0000 i=0 cpl=0 IP=0008:0000000000100500 pc=0000000000100500 SP=0010:0000000000107f80 env->regs[R_EAX]=0000000000000000
RAX=0000000000000000 RBX=0000000000000000 RCX=0000000000000002 RDX=00000000000003d5
RSI=0000000000000000 RDI=00000000000003d5 RBP=0000000000107ff0 RSP=0000000000107f80
R8 =0000000000000000 R9 =0000000000000000 R10=0000000000000000 R11=0000000000000000
R12=0000000000000000 R13=0000000000000000 R14=0000000000000000 R15=0000000000000000
RIP=0000000000100500 RFL=00000216 [----AP-] CPL=0 II=0 A20=1 SMM=0 HLT=0
ES =0010 0000000000000000 ffffffff 00cf9300 DPL=0 DS   [-WA]
CS =0008 0000000000000000 ffffffff 00af9a00 DPL=0 CS64 [-R-]
SS =0010 0000000000000000 ffffffff 00cf9300 DPL=0 DS   [-WA]
DS =0010 0000000000000000 ffffffff 00cf9300 DPL=0 DS   [-WA]
FS =0010 0000000000000000 ffffffff 00cf9300 DPL=0 DS   [-WA]
GS =0010 0000000000000000 ffffffff 00cf9300 DPL=0 DS   [-WA]
LDT=0000 0000000000000000 0000ffff 00008200 DPL=0 LDT
TR =0000 0000000000000000 0000ffff 00008b00 DPL=0 TSS64-busy
GDT=     00000000001918c0 00000017
IDT=     00000000001900a0 00000fff
CR0=80000011 CR2=0000000000000000 CR3=0000000000104000 CR4=00000020
DR0=0000000000000000 DR1=0000000000000000 DR2=0000000000000000 DR3=0000000000000000 
DR6=00000000ffff0ff0 DR7=0000000000000400
CCS=0000000000000014 CCD=0000000000107f58 CCO=EFLAGS
EFER=0000000000000500
Servicing hardware INT=0x20
   428: v=20 e=0000 i=0 cpl=0 IP=0008:0000000000100500 pc=0000000000100500 SP=0010:0000000000107f80 env->regs[R_EAX]=0000000000000000
RAX=0000000000000000 RBX=0000000000000000 RCX=0000000000000002 RDX=00000000000003d5
RSI=0000000000000000 RDI=00000000000003d5 RBP=0000000000107ff0 RSP=0000000000107f80
R8 =0000000000000000 R9 =0000000000000000 R10=0000000000000000 R11=0000000000000000
R12=0000000000000000 R13=0000000000000000 R14=0000000000000000 R15=0000000000000000
RIP=0000000000100500 RFL=00000216 [----AP-] CPL=0 II=0 A20=1 SMM=0 HLT=0
ES =0010 0000000000000000 ffffffff 00cf9300 DPL=0 DS   [-WA]
CS =0008 0000000000000000 ffffffff 00af9a00 DPL=0 CS64 [-R-]
SS =0010 0000000000000000 ffffffff 00cf9300 DPL=0 DS   [-WA]
DS =0010 0000000000000000 ffffffff 00cf9300 DPL=0 DS   [-WA]
FS =0010 0000000000000000 ffffffff 00cf9300 DPL=0 DS   [-WA]
GS =0010 0000000000000000 ffffffff 00cf9300 DPL=0 DS   [-WA]
LDT=0000 0000000000000000 0000ffff 00008200 DPL=0 LDT
TR =0000 0000000000000000 0000ffff 00008b00 DPL=0 TSS64-busy
GDT=     00000000001918c0 00000017
IDT=     00000000001900a0 00000fff
CR0=80000011 CR2=0000000000000000 CR3=0000000000104000 CR4=00000020
DR0=0000000000000000 DR1=0000000000000000 DR2=0000000000000000 DR3=0000000000000000 
DR6=00000000ffff0ff0 DR7=0000000000000400
CCS=0000000000000014 CCD=0000000000107f58 CCO=EFLAGS
EFER=0000000000000500
Servicing hardware INT=0x20
   429: v=20 e=0000 i=0 cpl=0 IP=0008:0000000000100500 pc=0000000000100500 SP=0010:0000000000107f80 env->regs[R_EAX]=0000000000000000
RAX=0000000000000000 RBX=0000000000000000 RCX=0000000000000002 RDX=00000000000003d5
RSI=0000000000000000 RDI=00000000000003d5 RBP=0000000000107ff0 RSP=0000000000107f80
R8 =0000000000000000 R9 =0000000000000000 R10=0000000000000000 R11=0000000000000000
R12=0000000000000000 R13=0000000000000000 R14=0000000000000000 R15=0000000000000000
RIP=0000000000100500 RFL=00000216 [----AP-] CPL=0 II=0 A20=1 SMM=0 HLT=0
ES =0010 0000000000000000 ffffffff 00cf9300 DPL=0 DS   [-WA]
CS =0008 0000000000000000 ffffffff 00af9a00 DPL=0 CS64 [-R-]
SS =0010 0000000000000000 ffffffff 00cf9300 DPL=0 DS   [-WA]
DS =0010 0000000000000000 ffffffff 00cf9300 DPL=0 DS   [-WA]
FS =0010 0000000000000000 ffffffff 00cf9300 DPL=0 DS   [-WA]
GS =0010 0000000000000000 ffffffff 00cf9300 DPL=0 DS   [-WA]
LDT=0000 0000000000000000 0000ffff 00008200 DPL=0 LDT
TR =0000 0000000000000000 0000ffff 00008b00 DPL=0 TSS64-busy
GDT=     00000000001918c0 00000017
IDT=     00000000001900a0 00000fff
CR0=80000011 CR2=0000000000000000 CR3=0000000000104000 CR4=00000020
DR0=0000000000000000 DR1=0000000000000000 DR2=0000000000000000 DR3=0000000000000000 
DR6=00000000ffff0ff0 DR7=0000000000000400
CCS=0000000000000014 CCD=0000000000107f58 CCO=EFLAGS
EFER=0000000000000500
Servicing hardware INT=0x20
   430: v=20 e=0000 i=0 cpl=0 IP=0008:0000000000100500 pc=0000000000100500 SP=0010:0000000000107f80 env->regs[R_EAX]=0000000000000000
RAX=0000000000000000 RBX=0000000000000000 RCX=0000000000000002 RDX=00000000000003d5
RSI=0000000000000000 RDI=00000000000003d5 RBP=0000000000107ff0 RSP=0000000000107f80
R8 =0000000000000000 R9 =0000000000000000 R10=0000000000000000 R11=0000000000000000
R12=0000000000000000 R13=0000000000000000 R14=0000000000000000 R15=0000000000000000
RIP=0000000000100500 RFL=00000216 [----AP-] CPL=0 II=0 A20=1 SMM=0 HLT=0
ES =0010 0000000000000000 ffffffff 00cf9300 DPL=0 DS   [-WA]
CS =0008 0000000000000000 ffffffff 00af9a00 DPL=0 CS64 [-R-]
SS =0010 0000000000000000 ffffffff 00cf9300 DPL=0 DS   [-WA]
DS =0010 0000000000000000 ffffffff 00cf9300 DPL=0 DS   [-WA]
FS =0010 0000000000000000 ffffffff 00cf9300 DPL=0 DS   [-WA]
GS =0010 0000000000000000 ffffffff 00cf9300 DPL=0 DS   [-WA]
LDT=0000 0000000000000000 0000ffff 00008200 DPL=0 LDT
TR =0000 0000000000000000 0000ffff 00008b00 DPL=0 TSS64-busy
GDT=     00000000001918c0 00000017
IDT=     00000000001900a0 00000fff
CR0=80000011 CR2=0000000000000000 CR3=0000000000104000 CR4=00000020
DR0=0000000000000000 DR1=0000000000000000 DR2=0000000000000000 DR3=0000000000000000 
DR6=00000000ffff0ff0 DR7=0000000000000400
CCS=0000000000000014 CCD=0000000000107f58 CCO=EFLAGS
EFER=0000000000000500
Servicing hardware INT=0x20
   431: v=20 e=0000 i=0 cpl=0 IP=0008:0000000000100500 pc=0000000000100500 SP=0010:0000000000107f80 env->regs[R_EAX]=0000000000000000
RAX=0000000000000000 RBX=0000000000000000 RCX=0000000000000002 RDX=00000000000003d5
RSI=0000000000000000 RDI=00000000000003d5 RBP=0000000000107ff0 RSP=0000000000107f80
R8 =0000000000000000 R9 =0000000000000000 R10=0000000000000000 R11=0000000000000000
R12=0000000000000000 R13=0000000000000000 R14=0000000000000000 R15=0000000000000000
RIP=0000000000100500 RFL=00000216 [----AP-] CPL=0 II=0 A20=1 SMM=0 HLT=0
ES =0010 0000000000000000 ffffffff 00cf9300 DPL=0 DS   [-WA]
CS =0008 0000000000000000 ffffffff 00af9a00 DPL=0 CS64 [-R-]
SS =0010 0000000000000000 ffffffff 00cf9300 DPL=0 DS   [-WA]
DS =0010 0000000000000000 ffffffff 00cf9300 DPL=0 DS   [-WA]
FS =0010 0000000000000000 ffffffff 00cf9300 DPL=0 DS   [-WA]
GS =0010 0000000000000000 ffffffff 00cf9300 DPL=0 DS   [-WA]
LDT=0000 0000000000000000 0000ffff 00008200 DPL=0 LDT
TR =0000 0000000000000000 0000ffff 00008b00 DPL=0 TSS64-busy
GDT=     00000000001918c0 00000017
IDT=     00000000001900a0 00000fff
CR0=80000011 CR2=0000000000000000 CR3=0000000000104000 CR4=00000020
DR0=0000000000000000 DR1=0000000000000000 DR2=0000000000000000 DR3=0000000000000000 
DR6=00000000ffff0ff0 DR7=0000000000000400
CCS=0000000000000014 CCD=0000000000107f58 CCO=EFLAGS
EFER=0000000000000500
Servicing hardware INT=0x20
   432: v=20 e=0000 i=0 cpl=0 IP=0008:0000000000100500 pc=0000000000100500 SP=0010:0000000000107f80 env->regs[R_EAX]=0000000000000000
RAX=0000000000000000 RBX=0000000000000000 RCX=0000000000000002 RDX=00000000000003d5
RSI=0000000000000000 RDI=00000000000003d5 RBP=0000000000107ff0 RSP=0000000000107f80
R8 =0000000000000000 R9 =0000000000000000 R10=0000000000000000 R11=0000000000000000
R12=0000000000000000 R13=0000000000000000 R14=0000000000000000 R15=0000000000000000
RIP=0000000000100500 RFL=00000216 [----AP-] CPL=0 II=0 A20=1 SMM=0 HLT=0
ES =0010 0000000000000000 ffffffff 00cf9300 DPL=0 DS   [-WA]
CS =0008 0000000000000000 ffffffff 00af9a00 DPL=0 CS64 [-R-]
SS =0010 0000000000000000 ffffffff 00cf9300 DPL=0 DS   [-WA]
DS =0010 0000000000000000 ffffffff 00cf9300 DPL=0 DS   [-WA]
FS =0010 0000000000000000 ffffffff 00cf9300 DPL=0 DS   [-WA]
GS =0010 0000000000000000 ffffffff 00cf9300 DPL=0 DS   [-WA]
LDT=0000 0000000000000000 0000ffff 00008200 DPL=0 LDT
TR =0000 0000000000000000 0000ffff 00008b00 DPL=0 TSS64-busy
GDT=     00000000001918c0 00000017
IDT=     00000000001900a0 00000fff
CR0=80000011 CR2=0000000000000000 CR3=0000000000104000 CR4=00000020
DR0=0000000000000000 DR1=0000000000000000 DR2=0000000000000000 DR3=0000000000000000 
DR6=00000000ffff0ff0 DR7=0000000000000400
CCS=0000000000000014 CCD=0000000000107f58 CCO=EFLAGS
EFER=0000000000000500
Servicing hardware INT=0x20
   433: v=20 e=0000 i=0 cpl=0 IP=0008:0000000000100500 pc=0000000000100500 SP=0010:0000000000107f80 env->regs[R_EAX]=0000000000000000
RAX=0000000000000000 RBX=0000000000000000 RCX=0000000000000002 RDX=00000000000003d5
RSI=0000000000000000 RDI=00000000000003d5 RBP=0000000000107ff0 RSP=0000000000107f80
R8 =0000000000000000 R9 =0000000000000000 R10=0000000000000000 R11=0000000000000000
R12=0000000000000000 R13=0000000000000000 R14=0000000000000000 R15=0000000000000000
RIP=0000000000100500 RFL=00000216 [----AP-] CPL=0 II=0 A20=1 SMM=0 HLT=0
ES =0010 0000000000000000 ffffffff 00cf9300 DPL=0 DS   [-WA]
CS =0008 0000000000000000 ffffffff 00af9a00 DPL=0 CS64 [-R-]
SS =0010 0000000000000000 ffffffff 00cf9300 DPL=0 DS   [-WA]
DS =0010 0000000000000000 ffffffff 00cf9300 DPL=0 DS   [-WA]
FS =0010 0000000000000000 ffffffff 00cf9300 DPL=0 DS   [-WA]
GS =0010 0000000000000000 ffffffff 00cf9300 DPL=0 DS   [-WA]
LDT=0000 0000000000000000 0000ffff 00008200 DPL=0 LDT
TR =0000 0000000000000000 0000ffff 00008b00 DPL=0 TSS64-busy
GDT=     00000000001918c0 00000017
IDT=     00000000001900a0 00000fff
CR0=80000011 CR2=0000000000000000 CR3=0000000000104000 CR4=00000020
DR0=0000000000000000 DR1=0000000000000000 DR2=0000000000000000 DR3=0000000000000000 
DR6=00000000ffff0ff0 DR7=0000000000000400
CCS=0000000000000014 CCD=0000000000107f58 CCO=EFLAGS
EFER=0000000000000500
Servicing hardware INT=0x20
   434: v=20 e=0000 i=0 cpl=0 IP=0008:0000000000100500 pc=0000000000100500 SP=0010:0000000000107f80 env->regs[R_EAX]=0000000000000000
RAX=0000000000000000 RBX=0000000000000000 RCX=0000000000000002 RDX=00000000000003d5
RSI=0000000000000000 RDI=00000000000003d5 RBP=0000000000107ff0 RSP=0000000000107f80
R8 =0000000000000000 R9 =0000000000000000 R10=0000000000000000 R11=0000000000000000
R12=0000000000000000 R13=0000000000000000 R14=0000000000000000 R15=0000000000000000
RIP=0000000000100500 RFL=00000216 [----AP-] CPL=0 II=0 A20=1 SMM=0 HLT=0
ES =0010 0000000000000000 ffffffff 00cf9300 DPL=0 DS   [-WA]
CS =0008 0000000000000000 ffffffff 00af9a00 DPL=0 CS64 [-R-]
SS =0010 0000000000000000 ffffffff 00cf9300 DPL=0 DS   [-WA]
DS =0010 0000000000000000 ffffffff 00cf9300 DPL=0 DS   [-WA]
FS =0010 0000000000000000 ffffffff 00cf9300 DPL=0 DS   [-WA]
GS =0010 0000000000000000 ffffffff 00cf9300 DPL=0 DS   [-WA]
LDT=0000 0000000000000000 0000ffff 00008200 DPL=0 LDT
TR =0000 0000000000000000 0000ffff 00008b00 DPL=0 TSS64-busy
GDT=     00000000001918c0 00000017
IDT=     00000000001900a0 00000fff
CR0=80000011 CR2=0000000000000000 CR3=0000000000104000 CR4=00000020
DR0=0000000000000000 DR1=0000000000000000 DR2=0000000000000000 DR3=0000000000000000 
DR6=00000000ffff0ff0 DR7=0000000000000400
CCS=0000000000000014 CCD=0000000000107f58 CCO=EFLAGS
EFER=0000000000000500
Servicing hardware INT=0x20
   435: v=20 e=0000 i=0 cpl=0 IP=0008:0000000000100500 pc=0000000000100500 SP=0010:0000000000107f80 env->regs[R_EAX]=0000000000000000
RAX=0000000000000000 RBX=0000000000000000 RCX=0000000000000002 RDX=00000000000003d5
RSI=0000000000000000 RDI=00000000000003d5 RBP=0000000000107ff0 RSP=0000000000107f80
R8 =0000000000000000 R9 =0000000000000000 R10=0000000000000000 R11=0000000000000000
R12=0000000000000000 R13=0000000000000000 R14=0000000000000000 R15=0000000000000000
RIP=0000000000100500 RFL=00000216 [----AP-] CPL=0 II=0 A20=1 SMM=0 HLT=0
ES =0010 0000000000000000 ffffffff 00cf9300 DPL=0 DS   [-WA]
CS =0008 0000000000000000 ffffffff 00af9a00 DPL=0 CS64 [-R-]
SS =0010 0000000000000000 ffffffff 00cf9300 DPL=0 DS   [-WA]
DS =0010 0000000000000000 ffffffff 00cf9300 DPL=0 DS   [-WA]
FS =0010 0000000000000000 ffffffff 00cf9300 DPL=0 DS   [-WA]
GS =0010 0000000000000000 ffffffff 00cf9300 DPL=0 DS   [-WA]
LDT=0000 0000000000000000 0000ffff 00008200 DPL=0 LDT
TR =0000 0000000000000000 0000ffff 00008b00 DPL=0 TSS64-busy
GDT=     00000000001918c0 00000017
IDT=     00000000001900a0 00000fff
CR0=80000011 CR2=0000000000000000 CR3=0000000000104000 CR4=00000020
DR0=0000000000000000 DR1=0000000000000000 DR2=0000000000000000 DR3=0000000000000000 
DR6=00000000ffff0ff0 DR7=0000000000000400
CCS=0000000000000014 CCD=0000000000107f58 CCO=EFLAGS
EFER=0000000000000500
Servicing hardware INT=0x20
   436: v=20 e=0000 i=0 cpl=0 IP=0008:0000000000100500 pc=0000000000100500 SP=0010:0000000000107f80 env->regs[R_EAX]=0000000000000000
RAX=0000000000000000 RBX=0000000000000000 RCX=0000000000000002 RDX=00000000000003d5
RSI=0000000000000000 RDI=00000000000003d5 RBP=0000000000107ff0 RSP=0000000000107f80
R8 =0000000000000000 R9 =0000000000000000 R10=0000000000000000 R11=0000000000000000
R12=0000000000000000 R13=0000000000000000 R14=0000000000000000 R15=0000000000000000
RIP=0000000000100500 RFL=00000216 [----AP-] CPL=0 II=0 A20=1 SMM=0 HLT=0
ES =0010 0000000000000000 ffffffff 00cf9300 DPL=0 DS   [-WA]
CS =0008 0000000000000000 ffffffff 00af9a00 DPL=0 CS64 [-R-]
SS =0010 0000000000000000 ffffffff 00cf9300 DPL=0 DS   [-WA]
DS =0010 0000000000000000 ffffffff 00cf9300 DPL=0 DS   [-WA]
FS =0010 0000000000000000 ffffffff 00cf9300 DPL=0 DS   [-WA]
GS =0010 0000000000000000 ffffffff 00cf9300 DPL=0 DS   [-WA]
LDT=0000 0000000000000000 0000ffff 00008200 DPL=0 LDT
TR =0000 0000000000000000 0000ffff 00008b00 DPL=0 TSS64-busy
GDT=     00000000001918c0 00000017
IDT=     00000000001900a0 00000fff
CR0=80000011 CR2=0000000000000000 CR3=0000000000104000 CR4=00000020
DR0=0000000000000000 DR1=0000000000000000 DR2=0000000000000000 DR3=0000000000000000 
DR6=00000000ffff0ff0 DR7=0000000000000400
CCS=0000000000000014 CCD=0000000000107f58 CCO=EFLAGS
EFER=0000000000000500
Servicing hardware INT=0x20
   437: v=20 e=0000 i=0 cpl=0 IP=0008:0000000000100500 pc=0000000000100500 SP=0010:0000000000107f80 env->regs[R_EAX]=0000000000000000
RAX=0000000000000000 RBX=0000000000000000 RCX=0000000000000002 RDX=00000000000003d5
RSI=0000000000000000 RDI=00000000000003d5 RBP=0000000000107ff0 RSP=0000000000107f80
R8 =0000000000000000 R9 =0000000000000000 R10=0000000000000000 R11=0000000000000000
R12=0000000000000000 R13=0000000000000000 R14=0000000000000000 R15=0000000000000000
RIP=0000000000100500 RFL=00000216 [----AP-] CPL=0 II=0 A20=1 SMM=0 HLT=0
ES =0010 0000000000000000 ffffffff 00cf9300 DPL=0 DS   [-WA]
CS =0008 0000000000000000 ffffffff 00af9a00 DPL=0 CS64 [-R-]
SS =0010 0000000000000000 ffffffff 00cf9300 DPL=0 DS   [-WA]
DS =0010 0000000000000000 ffffffff 00cf9300 DPL=0 DS   [-WA]
FS =0010 0000000000000000 ffffffff 00cf9300 DPL=0 DS   [-WA]
GS =0010 0000000000000000 ffffffff 00cf9300 DPL=0 DS   [-WA]
LDT=0000 0000000000000000 0000ffff 00008200 DPL=0 LDT
TR =0000 0000000000000000 0000ffff 00008b00 DPL=0 TSS64-busy
GDT=     00000000001918c0 00000017
IDT=     00000000001900a0 00000fff
CR0=80000011 CR2=0000000000000000 CR3=0000000000104000 CR4=00000020
DR0=0000000000000000 DR1=0000000000000000 DR2=0000000000000000 DR3=0000000000000000 
DR6=00000000ffff0ff0 DR7=0000000000000400
CCS=0000000000000014 CCD=0000000000107f58 CCO=EFLAGS
EFER=0000000000000500
Servicing hardware INT=0x20
   438: v=20 e=0000 i=0 cpl=0 IP=0008:0000000000100500 pc=0000000000100500 SP=0010:0000000000107f80 env->regs[R_EAX]=0000000000000000
RAX=0000000000000000 RBX=0000000000000000 RCX=0000000000000002 RDX=00000000000003d5
RSI=0000000000000000 RDI=00000000000003d5 RBP=0000000000107ff0 RSP=0000000000107f80
R8 =0000000000000000 R9 =0000000000000000 R10=0000000000000000 R11=0000000000000000
R12=0000000000000000 R13=0000000000000000 R14=0000000000000000 R15=0000000000000000
RIP=0000000000100500 RFL=00000216 [----AP-] CPL=0 II=0 A20=1 SMM=0 HLT=0
ES =0010 0000000000000000 ffffffff 00cf9300 DPL=0 DS   [-WA]
CS =0008 0000000000000000 ffffffff 00af9a00 DPL=0 CS64 [-R-]
SS =0010 0000000000000000 ffffffff 00cf9300 DPL=0 DS   [-WA]
DS =0010 0000000000000000 ffffffff 00cf9300 DPL=0 DS   [-WA]
FS =0010 0000000000000000 ffffffff 00cf9300 DPL=0 DS   [-WA]
GS =0010 0000000000000000 ffffffff 00cf9300 DPL=0 DS   [-WA]
LDT=0000 0000000000000000 0000ffff 00008200 DPL=0 LDT
TR =0000 0000000000000000 0000ffff 00008b00 DPL=0 TSS64-busy
GDT=     00000000001918c0 00000017
IDT=     00000000001900a0 00000fff
CR0=80000011 CR2=0000000000000000 CR3=0000000000104000 CR4=00000020
DR0=0000000000000000 DR1=0000000000000000 DR2=0000000000000000 DR3=0000000000000000 
DR6=00000000ffff0ff0 DR7=0000000000000400
CCS=0000000000000014 CCD=0000000000107f58 CCO=EFLAGS
EFER=0000000000000500
Servicing hardware INT=0x20
   439: v=20 e=0000 i=0 cpl=0 IP=0008:0000000000100500 pc=0000000000100500 SP=0010:0000000000107f80 env->regs[R_EAX]=0000000000000000
RAX=0000000000000000 RBX=0000000000000000 RCX=0000000000000002 RDX=00000000000003d5
RSI=0000000000000000 RDI=00000000000003d5 RBP=0000000000107ff0 RSP=0000000000107f80
R8 =0000000000000000 R9 =0000000000000000 R10=0000000000000000 R11=0000000000000000
R12=0000000000000000 R13=0000000000000000 R14=0000000000000000 R15=0000000000000000
RIP=0000000000100500 RFL=00000216 [----AP-] CPL=0 II=0 A20=1 SMM=0 HLT=0
ES =0010 0000000000000000 ffffffff 00cf9300 DPL=0 DS   [-WA]
CS =0008 0000000000000000 ffffffff 00af9a00 DPL=0 CS64 [-R-]
SS =0010 0000000000000000 ffffffff 00cf9300 DPL=0 DS   [-WA]
DS =0010 0000000000000000 ffffffff 00cf9300 DPL=0 DS   [-WA]
FS =0010 0000000000000000 ffffffff 00cf9300 DPL=0 DS   [-WA]
GS =0010 0000000000000000 ffffffff 00cf9300 DPL=0 DS   [-WA]
LDT=0000 0000000000000000 0000ffff 00008200 DPL=0 LDT
TR =0000 0000000000000000 0000ffff 00008b00 DPL=0 TSS64-busy
GDT=     00000000001918c0 00000017
IDT=     00000000001900a0 00000fff
CR0=80000011 CR2=0000000000000000 CR3=0000000000104000 CR4=00000020
DR0=0000000000000000 DR1=0000000000000000 DR2=0000000000000000 DR3=0000000000000000 
DR6=00000000ffff0ff0 DR7=0000000000000400
CCS=0000000000000014 CCD=0000000000107f58 CCO=EFLAGS
EFER=0000000000000500
Servicing hardware INT=0x20
   440: v=20 e=0000 i=0 cpl=0 IP=0008:0000000000100500 pc=0000000000100500 SP=0010:0000000000107f80 env->regs[R_EAX]=0000000000000000
RAX=0000000000000000 RBX=0000000000000000 RCX=0000000000000002 RDX=00000000000003d5
RSI=0000000000000000 RDI=00000000000003d5 RBP=0000000000107ff0 RSP=0000000000107f80
R8 =0000000000000000 R9 =0000000000000000 R10=0000000000000000 R11=0000000000000000
R12=0000000000000000 R13=0000000000000000 R14=0000000000000000 R15=0000000000000000
RIP=0000000000100500 RFL=00000216 [----AP-] CPL=0 II=0 A20=1 SMM=0 HLT=0
ES =0010 0000000000000000 ffffffff 00cf9300 DPL=0 DS   [-WA]
CS =0008 0000000000000000 ffffffff 00af9a00 DPL=0 CS64 [-R-]
SS =0010 0000000000000000 ffffffff 00cf9300 DPL=0 DS   [-WA]
DS =0010 0000000000000000 ffffffff 00cf9300 DPL=0 DS   [-WA]
FS =0010 0000000000000000 ffffffff 00cf9300 DPL=0 DS   [-WA]
GS =0010 0000000000000000 ffffffff 00cf9300 DPL=0 DS   [-WA]
LDT=0000 0000000000000000 0000ffff 00008200 DPL=0 LDT
TR =0000 0000000000000000 0000ffff 00008b00 DPL=0 TSS64-busy
GDT=     00000000001918c0 00000017
IDT=     00000000001900a0 00000fff
CR0=80000011 CR2=0000000000000000 CR3=0000000000104000 CR4=00000020
DR0=0000000000000000 DR1=0000000000000000 DR2=0000000000000000 DR3=0000000000000000 
DR6=00000000ffff0ff0 DR7=0000000000000400
CCS=0000000000000014 CCD=0000000000107f58 CCO=EFLAGS
EFER=0000000000000500
Servicing hardware INT=0x20
   441: v=20 e=0000 i=0 cpl=0 IP=0008:0000000000100500 pc=0000000000100500 SP=0010:0000000000107f80 env->regs[R_EAX]=0000000000000000
RAX=0000000000000000 RBX=0000000000000000 RCX=0000000000000002 RDX=00000000000003d5
RSI=0000000000000000 RDI=00000000000003d5 RBP=0000000000107ff0 RSP=0000000000107f80
R8 =0000000000000000 R9 =0000000000000000 R10=0000000000000000 R11=0000000000000000
R12=0000000000000000 R13=0000000000000000 R14=0000000000000000 R15=0000000000000000
RIP=0000000000100500 RFL=00000216 [----AP-] CPL=0 II=0 A20=1 SMM=0 HLT=0
ES =0010 0000000000000000 ffffffff 00cf9300 DPL=0 DS   [-WA]
CS =0008 0000000000000000 ffffffff 00af9a00 DPL=0 CS64 [-R-]
SS =0010 0000000000000000 ffffffff 00cf9300 DPL=0 DS   [-WA]
DS =0010 0000000000000000 ffffffff 00cf9300 DPL=0 DS   [-WA]
FS =0010 0000000000000000 ffffffff 00cf9300 DPL=0 DS   [-WA]
GS =0010 0000000000000000 ffffffff 00cf9300 DPL=0 DS   [-WA]
LDT=0000 0000000000000000 0000ffff 00008200 DPL=0 LDT
TR =0000 0000000000000000 0000ffff 00008b00 DPL=0 TSS64-busy
GDT=     00000000001918c0 00000017
IDT=     00000000001900a0 00000fff
CR0=80000011 CR2=0000000000000000 CR3=0000000000104000 CR4=00000020
DR0=0000000000000000 DR1=0000000000000000 DR2=0000000000000000 DR3=0000000000000000 
DR6=00000000ffff0ff0 DR7=0000000000000400
CCS=0000000000000014 CCD=0000000000107f58 CCO=EFLAGS
EFER=0000000000000500
Servicing hardware INT=0x20
   442: v=20 e=0000 i=0 cpl=0 IP=0008:0000000000100500 pc=0000000000100500 SP=0010:0000000000107f80 env->regs[R_EAX]=0000000000000000
RAX=0000000000000000 RBX=0000000000000000 RCX=0000000000000002 RDX=00000000000003d5
RSI=0000000000000000 RDI=00000000000003d5 RBP=0000000000107ff0 RSP=0000000000107f80
R8 =0000000000000000 R9 =0000000000000000 R10=0000000000000000 R11=0000000000000000
R12=0000000000000000 R13=0000000000000000 R14=0000000000000000 R15=0000000000000000
RIP=0000000000100500 RFL=00000216 [----AP-] CPL=0 II=0 A20=1 SMM=0 HLT=0
ES =0010 0000000000000000 ffffffff 00cf9300 DPL=0 DS   [-WA]
CS =0008 0000000000000000 ffffffff 00af9a00 DPL=0 CS64 [-R-]
SS =0010 0000000000000000 ffffffff 00cf9300 DPL=0 DS   [-WA]
DS =0010 0000000000000000 ffffffff 00cf9300 DPL=0 DS   [-WA]
FS =0010 0000000000000000 ffffffff 00cf9300 DPL=0 DS   [-WA]
GS =0010 0000000000000000 ffffffff 00cf9300 DPL=0 DS   [-WA]
LDT=0000 0000000000000000 0000ffff 00008200 DPL=0 LDT
TR =0000 0000000000000000 0000ffff 00008b00 DPL=0 TSS64-busy
GDT=     00000000001918c0 00000017
IDT=     00000000001900a0 00000fff
CR0=80000011 CR2=0000000000000000 CR3=0000000000104000 CR4=00000020
DR0=0000000000000000 DR1=0000000000000000 DR2=0000000000000000 DR3=0000000000000000 
DR6=00000000ffff0ff0 DR7=0000000000000400
CCS=0000000000000014 CCD=0000000000107f58 CCO=EFLAGS
EFER=0000000000000500
Servicing hardware INT=0x20
   443: v=20 e=0000 i=0 cpl=0 IP=0008:0000000000100500 pc=0000000000100500 SP=0010:0000000000107f80 env->regs[R_EAX]=0000000000000000
RAX=0000000000000000 RBX=0000000000000000 RCX=0000000000000002 RDX=00000000000003d5
RSI=0000000000000000 RDI=00000000000003d5 RBP=0000000000107ff0 RSP=0000000000107f80
R8 =0000000000000000 R9 =0000000000000000 R10=0000000000000000 R11=0000000000000000
R12=0000000000000000 R13=0000000000000000 R14=0000000000000000 R15=0000000000000000
RIP=0000000000100500 RFL=00000216 [----AP-] CPL=0 II=0 A20=1 SMM=0 HLT=0
ES =0010 0000000000000000 ffffffff 00cf9300 DPL=0 DS   [-WA]
CS =0008 0000000000000000 ffffffff 00af9a00 DPL=0 CS64 [-R-]
SS =0010 0000000000000000 ffffffff 00cf9300 DPL=0 DS   [-WA]
DS =0010 0000000000000000 ffffffff 00cf9300 DPL=0 DS   [-WA]
FS =0010 0000000000000000 ffffffff 00cf9300 DPL=0 DS   [-WA]
GS =0010 0000000000000000 ffffffff 00cf9300 DPL=0 DS   [-WA]
LDT=0000 0000000000000000 0000ffff 00008200 DPL=0 LDT
TR =0000 0000000000000000 0000ffff 00008b00 DPL=0 TSS64-busy
GDT=     00000000001918c0 00000017
IDT=     00000000001900a0 00000fff
CR0=80000011 CR2=0000000000000000 CR3=0000000000104000 CR4=00000020
DR0=0000000000000000 DR1=0000000000000000 DR2=0000000000000000 DR3=0000000000000000 
DR6=00000000ffff0ff0 DR7=0000000000000400
CCS=0000000000000014 CCD=0000000000107f58 CCO=EFLAGS
EFER=0000000000000500
Servicing hardware INT=0x20
   444: v=20 e=0000 i=0 cpl=0 IP=0008:0000000000100500 pc=0000000000100500 SP=0010:0000000000107f80 env->regs[R_EAX]=0000000000000000
RAX=0000000000000000 RBX=0000000000000000 RCX=0000000000000002 RDX=00000000000003d5
RSI=0000000000000000 RDI=00000000000003d5 RBP=0000000000107ff0 RSP=0000000000107f80
R8 =0000000000000000 R9 =0000000000000000 R10=0000000000000000 R11=0000000000000000
R12=0000000000000000 R13=0000000000000000 R14=0000000000000000 R15=0000000000000000
RIP=0000000000100500 RFL=00000216 [----AP-] CPL=0 II=0 A20=1 SMM=0 HLT=0
ES =0010 0000000000000000 ffffffff 00cf9300 DPL=0 DS   [-WA]
CS =0008 0000000000000000 ffffffff 00af9a00 DPL=0 CS64 [-R-]
SS =0010 0000000000000000 ffffffff 00cf9300 DPL=0 DS   [-WA]
DS =0010 0000000000000000 ffffffff 00cf9300 DPL=0 DS   [-WA]
FS =0010 0000000000000000 ffffffff 00cf9300 DPL=0 DS   [-WA]
GS =0010 0000000000000000 ffffffff 00cf9300 DPL=0 DS   [-WA]
LDT=0000 0000000000000000 0000ffff 00008200 DPL=0 LDT
TR =0000 0000000000000000 0000ffff 00008b00 DPL=0 TSS64-busy
GDT=     00000000001918c0 00000017
IDT=     00000000001900a0 00000fff
CR0=80000011 CR2=0000000000000000 CR3=0000000000104000 CR4=00000020
DR0=0000000000000000 DR1=0000000000000000 DR2=0000000000000000 DR3=0000000000000000 
DR6=00000000ffff0ff0 DR7=0000000000000400
CCS=0000000000000014 CCD=0000000000107f58 CCO=EFLAGS
EFER=0000000000000500
Servicing hardware INT=0x20
   445: v=20 e=0000 i=0 cpl=0 IP=0008:0000000000100500 pc=0000000000100500 SP=0010:0000000000107f80 env->regs[R_EAX]=0000000000000000
RAX=0000000000000000 RBX=0000000000000000 RCX=0000000000000002 RDX=00000000000003d5
RSI=0000000000000000 RDI=00000000000003d5 RBP=0000000000107ff0 RSP=0000000000107f80
R8 =0000000000000000 R9 =0000000000000000 R10=0000000000000000 R11=0000000000000000
R12=0000000000000000 R13=0000000000000000 R14=0000000000000000 R15=0000000000000000
RIP=0000000000100500 RFL=00000216 [----AP-] CPL=0 II=0 A20=1 SMM=0 HLT=0
ES =0010 0000000000000000 ffffffff 00cf9300 DPL=0 DS   [-WA]
CS =0008 0000000000000000 ffffffff 00af9a00 DPL=0 CS64 [-R-]
SS =0010 0000000000000000 ffffffff 00cf9300 DPL=0 DS   [-WA]
DS =0010 0000000000000000 ffffffff 00cf9300 DPL=0 DS   [-WA]
FS =0010 0000000000000000 ffffffff 00cf9300 DPL=0 DS   [-WA]
GS =0010 0000000000000000 ffffffff 00cf9300 DPL=0 DS   [-WA]
LDT=0000 0000000000000000 0000ffff 00008200 DPL=0 LDT
TR =0000 0000000000000000 0000ffff 00008b00 DPL=0 TSS64-busy
GDT=     00000000001918c0 00000017
IDT=     00000000001900a0 00000fff
CR0=80000011 CR2=0000000000000000 CR3=0000000000104000 CR4=00000020
DR0=0000000000000000 DR1=0000000000000000 DR2=0000000000000000 DR3=0000000000000000 
DR6=00000000ffff0ff0 DR7=0000000000000400
CCS=0000000000000014 CCD=0000000000107f58 CCO=EFLAGS
EFER=0000000000000500
Servicing hardware INT=0x20
   446: v=20 e=0000 i=0 cpl=0 IP=0008:0000000000100500 pc=0000000000100500 SP=0010:0000000000107f80 env->regs[R_EAX]=0000000000000000
RAX=0000000000000000 RBX=0000000000000000 RCX=0000000000000002 RDX=00000000000003d5
RSI=0000000000000000 RDI=00000000000003d5 RBP=0000000000107ff0 RSP=0000000000107f80
R8 =0000000000000000 R9 =0000000000000000 R10=0000000000000000 R11=0000000000000000
R12=0000000000000000 R13=0000000000000000 R14=0000000000000000 R15=0000000000000000
RIP=0000000000100500 RFL=00000216 [----AP-] CPL=0 II=0 A20=1 SMM=0 HLT=0
ES =0010 0000000000000000 ffffffff 00cf9300 DPL=0 DS   [-WA]
CS =0008 0000000000000000 ffffffff 00af9a00 DPL=0 CS64 [-R-]
SS =0010 0000000000000000 ffffffff 00cf9300 DPL=0 DS   [-WA]
DS =0010 0000000000000000 ffffffff 00cf9300 DPL=0 DS   [-WA]
FS =0010 0000000000000000 ffffffff 00cf9300 DPL=0 DS   [-WA]
GS =0010 0000000000000000 ffffffff 00cf9300 DPL=0 DS   [-WA]
LDT=0000 0000000000000000 0000ffff 00008200 DPL=0 LDT
TR =0000 0000000000000000 0000ffff 00008b00 DPL=0 TSS64-busy
GDT=     00000000001918c0 00000017
IDT=     00000000001900a0 00000fff
CR0=80000011 CR2=0000000000000000 CR3=0000000000104000 CR4=00000020
DR0=0000000000000000 DR1=0000000000000000 DR2=0000000000000000 DR3=0000000000000000 
DR6=00000000ffff0ff0 DR7=0000000000000400
CCS=0000000000000014 CCD=0000000000107f58 CCO=EFLAGS
EFER=0000000000000500
Servicing hardware INT=0x20
   447: v=20 e=0000 i=0 cpl=0 IP=0008:0000000000100500 pc=0000000000100500 SP=0010:0000000000107f80 env->regs[R_EAX]=0000000000000000
RAX=0000000000000000 RBX=0000000000000000 RCX=0000000000000002 RDX=00000000000003d5
RSI=0000000000000000 RDI=00000000000003d5 RBP=0000000000107ff0 RSP=0000000000107f80
R8 =0000000000000000 R9 =0000000000000000 R10=0000000000000000 R11=0000000000000000
R12=0000000000000000 R13=0000000000000000 R14=0000000000000000 R15=0000000000000000
RIP=0000000000100500 RFL=00000216 [----AP-] CPL=0 II=0 A20=1 SMM=0 HLT=0
ES =0010 0000000000000000 ffffffff 00cf9300 DPL=0 DS   [-WA]
CS =0008 0000000000000000 ffffffff 00af9a00 DPL=0 CS64 [-R-]
SS =0010 0000000000000000 ffffffff 00cf9300 DPL=0 DS   [-WA]
DS =0010 0000000000000000 ffffffff 00cf9300 DPL=0 DS   [-WA]
FS =0010 0000000000000000 ffffffff 00cf9300 DPL=0 DS   [-WA]
GS =0010 0000000000000000 ffffffff 00cf9300 DPL=0 DS   [-WA]
LDT=0000 0000000000000000 0000ffff 00008200 DPL=0 LDT
TR =0000 0000000000000000 0000ffff 00008b00 DPL=0 TSS64-busy
GDT=     00000000001918c0 00000017
IDT=     00000000001900a0 00000fff
CR0=80000011 CR2=0000000000000000 CR3=0000000000104000 CR4=00000020
DR0=0000000000000000 DR1=0000000000000000 DR2=0000000000000000 DR3=0000000000000000 
DR6=00000000ffff0ff0 DR7=0000000000000400
CCS=0000000000000014 CCD=0000000000107f58 CCO=EFLAGS
EFER=0000000000000500
Servicing hardware INT=0x20
   448: v=20 e=0000 i=0 cpl=0 IP=0008:0000000000100500 pc=0000000000100500 SP=0010:0000000000107f80 env->regs[R_EAX]=0000000000000000
RAX=0000000000000000 RBX=0000000000000000 RCX=0000000000000002 RDX=00000000000003d5
RSI=0000000000000000 RDI=00000000000003d5 RBP=0000000000107ff0 RSP=0000000000107f80
R8 =0000000000000000 R9 =0000000000000000 R10=0000000000000000 R11=0000000000000000
R12=0000000000000000 R13=0000000000000000 R14=0000000000000000 R15=0000000000000000
RIP=0000000000100500 RFL=00000216 [----AP-] CPL=0 II=0 A20=1 SMM=0 HLT=0
ES =0010 0000000000000000 ffffffff 00cf9300 DPL=0 DS   [-WA]
CS =0008 0000000000000000 ffffffff 00af9a00 DPL=0 CS64 [-R-]
SS =0010 0000000000000000 ffffffff 00cf9300 DPL=0 DS   [-WA]
DS =0010 0000000000000000 ffffffff 00cf9300 DPL=0 DS   [-WA]
FS =0010 0000000000000000 ffffffff 00cf9300 DPL=0 DS   [-WA]
GS =0010 0000000000000000 ffffffff 00cf9300 DPL=0 DS   [-WA]
LDT=0000 0000000000000000 0000ffff 00008200 DPL=0 LDT
TR =0000 0000000000000000 0000ffff 00008b00 DPL=0 TSS64-busy
GDT=     00000000001918c0 00000017
IDT=     00000000001900a0 00000fff
CR0=80000011 CR2=0000000000000000 CR3=0000000000104000 CR4=00000020
DR0=0000000000000000 DR1=0000000000000000 DR2=0000000000000000 DR3=0000000000000000 
DR6=00000000ffff0ff0 DR7=0000000000000400
CCS=0000000000000014 CCD=0000000000107f58 CCO=EFLAGS
EFER=0000000000000500
Servicing hardware INT=0x20
   449: v=20 e=0000 i=0 cpl=0 IP=0008:0000000000100500 pc=0000000000100500 SP=0010:0000000000107f80 env->regs[R_EAX]=0000000000000000
RAX=0000000000000000 RBX=0000000000000000 RCX=0000000000000002 RDX=00000000000003d5
RSI=0000000000000000 RDI=00000000000003d5 RBP=0000000000107ff0 RSP=0000000000107f80
R8 =0000000000000000 R9 =0000000000000000 R10=0000000000000000 R11=0000000000000000
R12=0000000000000000 R13=0000000000000000 R14=0000000000000000 R15=0000000000000000
RIP=0000000000100500 RFL=00000216 [----AP-] CPL=0 II=0 A20=1 SMM=0 HLT=0
ES =0010 0000000000000000 ffffffff 00cf9300 DPL=0 DS   [-WA]
CS =0008 0000000000000000 ffffffff 00af9a00 DPL=0 CS64 [-R-]
SS =0010 0000000000000000 ffffffff 00cf9300 DPL=0 DS   [-WA]
DS =0010 0000000000000000 ffffffff 00cf9300 DPL=0 DS   [-WA]
FS =0010 0000000000000000 ffffffff 00cf9300 DPL=0 DS   [-WA]
GS =0010 0000000000000000 ffffffff 00cf9300 DPL=0 DS   [-WA]
LDT=0000 0000000000000000 0000ffff 00008200 DPL=0 LDT
TR =0000 0000000000000000 0000ffff 00008b00 DPL=0 TSS64-busy
GDT=     00000000001918c0 00000017
IDT=     00000000001900a0 00000fff
CR0=80000011 CR2=0000000000000000 CR3=0000000000104000 CR4=00000020
DR0=0000000000000000 DR1=0000000000000000 DR2=0000000000000000 DR3=0000000000000000 
DR6=00000000ffff0ff0 DR7=0000000000000400
CCS=0000000000000014 CCD=0000000000107f58 CCO=EFLAGS
EFER=0000000000000500
Servicing hardware INT=0x20
   450: v=20 e=0000 i=0 cpl=0 IP=0008:0000000000100500 pc=0000000000100500 SP=0010:0000000000107f80 env->regs[R_EAX]=0000000000000000
RAX=0000000000000000 RBX=0000000000000000 RCX=0000000000000002 RDX=00000000000003d5
RSI=0000000000000000 RDI=00000000000003d5 RBP=0000000000107ff0 RSP=0000000000107f80
R8 =0000000000000000 R9 =0000000000000000 R10=0000000000000000 R11=0000000000000000
R12=0000000000000000 R13=0000000000000000 R14=0000000000000000 R15=0000000000000000
RIP=0000000000100500 RFL=00000216 [----AP-] CPL=0 II=0 A20=1 SMM=0 HLT=0
ES =0010 0000000000000000 ffffffff 00cf9300 DPL=0 DS   [-WA]
CS =0008 0000000000000000 ffffffff 00af9a00 DPL=0 CS64 [-R-]
SS =0010 0000000000000000 ffffffff 00cf9300 DPL=0 DS   [-WA]
DS =0010 0000000000000000 ffffffff 00cf9300 DPL=0 DS   [-WA]
FS =0010 0000000000000000 ffffffff 00cf9300 DPL=0 DS   [-WA]
GS =0010 0000000000000000 ffffffff 00cf9300 DPL=0 DS   [-WA]
LDT=0000 0000000000000000 0000ffff 00008200 DPL=0 LDT
TR =0000 0000000000000000 0000ffff 00008b00 DPL=0 TSS64-busy
GDT=     00000000001918c0 00000017
IDT=     00000000001900a0 00000fff
CR0=80000011 CR2=0000000000000000 CR3=0000000000104000 CR4=00000020
DR0=0000000000000000 DR1=0000000000000000 DR2=0000000000000000 DR3=0000000000000000 
DR6=00000000ffff0ff0 DR7=0000000000000400
CCS=0000000000000014 CCD=0000000000107f58 CCO=EFLAGS
EFER=0000000000000500
Servicing hardware INT=0x20
   451: v=20 e=0000 i=0 cpl=0 IP=0008:0000000000100500 pc=0000000000100500 SP=0010:0000000000107f80 env->regs[R_EAX]=0000000000000000
RAX=0000000000000000 RBX=0000000000000000 RCX=0000000000000002 RDX=00000000000003d5
RSI=0000000000000000 RDI=00000000000003d5 RBP=0000000000107ff0 RSP=0000000000107f80
R8 =0000000000000000 R9 =0000000000000000 R10=0000000000000000 R11=0000000000000000
R12=0000000000000000 R13=0000000000000000 R14=0000000000000000 R15=0000000000000000
RIP=0000000000100500 RFL=00000216 [----AP-] CPL=0 II=0 A20=1 SMM=0 HLT=0
ES =0010 0000000000000000 ffffffff 00cf9300 DPL=0 DS   [-WA]
CS =0008 0000000000000000 ffffffff 00af9a00 DPL=0 CS64 [-R-]
SS =0010 0000000000000000 ffffffff 00cf9300 DPL=0 DS   [-WA]
DS =0010 0000000000000000 ffffffff 00cf9300 DPL=0 DS   [-WA]
FS =0010 0000000000000000 ffffffff 00cf9300 DPL=0 DS   [-WA]
GS =0010 0000000000000000 ffffffff 00cf9300 DPL=0 DS   [-WA]
LDT=0000 0000000000000000 0000ffff 00008200 DPL=0 LDT
TR =0000 0000000000000000 0000ffff 00008b00 DPL=0 TSS64-busy
GDT=     00000000001918c0 00000017
IDT=     00000000001900a0 00000fff
CR0=80000011 CR2=0000000000000000 CR3=0000000000104000 CR4=00000020
DR0=0000000000000000 DR1=0000000000000000 DR2=0000000000000000 DR3=0000000000000000 
DR6=00000000ffff0ff0 DR7=0000000000000400
CCS=0000000000000014 CCD=0000000000107f58 CCO=EFLAGS
EFER=0000000000000500
Servicing hardware INT=0x20
   452: v=20 e=0000 i=0 cpl=0 IP=0008:0000000000100500 pc=0000000000100500 SP=0010:0000000000107f80 env->regs[R_EAX]=0000000000000000
RAX=0000000000000000 RBX=0000000000000000 RCX=0000000000000002 RDX=00000000000003d5
RSI=0000000000000000 RDI=00000000000003d5 RBP=0000000000107ff0 RSP=0000000000107f80
R8 =0000000000000000 R9 =0000000000000000 R10=0000000000000000 R11=0000000000000000
R12=0000000000000000 R13=0000000000000000 R14=0000000000000000 R15=0000000000000000
RIP=0000000000100500 RFL=00000216 [----AP-] CPL=0 II=0 A20=1 SMM=0 HLT=0
ES =0010 0000000000000000 ffffffff 00cf9300 DPL=0 DS   [-WA]
CS =0008 0000000000000000 ffffffff 00af9a00 DPL=0 CS64 [-R-]
SS =0010 0000000000000000 ffffffff 00cf9300 DPL=0 DS   [-WA]
DS =0010 0000000000000000 ffffffff 00cf9300 DPL=0 DS   [-WA]
FS =0010 0000000000000000 ffffffff 00cf9300 DPL=0 DS   [-WA]
GS =0010 0000000000000000 ffffffff 00cf9300 DPL=0 DS   [-WA]
LDT=0000 0000000000000000 0000ffff 00008200 DPL=0 LDT
TR =0000 0000000000000000 0000ffff 00008b00 DPL=0 TSS64-busy
GDT=     00000000001918c0 00000017
IDT=     00000000001900a0 00000fff
CR0=80000011 CR2=0000000000000000 CR3=0000000000104000 CR4=00000020
DR0=0000000000000000 DR1=0000000000000000 DR2=0000000000000000 DR3=0000000000000000 
DR6=00000000ffff0ff0 DR7=0000000000000400
CCS=0000000000000014 CCD=0000000000107f58 CCO=EFLAGS
EFER=0000000000000500
Servicing hardware INT=0x20
   453: v=20 e=0000 i=0 cpl=0 IP=0008:0000000000100500 pc=0000000000100500 SP=0010:0000000000107f80 env->regs[R_EAX]=0000000000000000
RAX=0000000000000000 RBX=0000000000000000 RCX=0000000000000002 RDX=00000000000003d5
RSI=0000000000000000 RDI=00000000000003d5 RBP=0000000000107ff0 RSP=0000000000107f80
R8 =0000000000000000 R9 =0000000000000000 R10=0000000000000000 R11=0000000000000000
R12=0000000000000000 R13=0000000000000000 R14=0000000000000000 R15=0000000000000000
RIP=0000000000100500 RFL=00000216 [----AP-] CPL=0 II=0 A20=1 SMM=0 HLT=0
ES =0010 0000000000000000 ffffffff 00cf9300 DPL=0 DS   [-WA]
CS =0008 0000000000000000 ffffffff 00af9a00 DPL=0 CS64 [-R-]
SS =0010 0000000000000000 ffffffff 00cf9300 DPL=0 DS   [-WA]
DS =0010 0000000000000000 ffffffff 00cf9300 DPL=0 DS   [-WA]
FS =0010 0000000000000000 ffffffff 00cf9300 DPL=0 DS   [-WA]
GS =0010 0000000000000000 ffffffff 00cf9300 DPL=0 DS   [-WA]
LDT=0000 0000000000000000 0000ffff 00008200 DPL=0 LDT
TR =0000 0000000000000000 0000ffff 00008b00 DPL=0 TSS64-busy
GDT=     00000000001918c0 00000017
IDT=     00000000001900a0 00000fff
CR0=80000011 CR2=0000000000000000 CR3=0000000000104000 CR4=00000020
DR0=0000000000000000 DR1=0000000000000000 DR2=0000000000000000 DR3=0000000000000000 
DR6=00000000ffff0ff0 DR7=0000000000000400
CCS=0000000000000014 CCD=0000000000107f58 CCO=EFLAGS
EFER=0000000000000500
Servicing hardware INT=0x20
   454: v=20 e=0000 i=0 cpl=0 IP=0008:0000000000100500 pc=0000000000100500 SP=0010:0000000000107f80 env->regs[R_EAX]=0000000000000000
RAX=0000000000000000 RBX=0000000000000000 RCX=0000000000000002 RDX=00000000000003d5
RSI=0000000000000000 RDI=00000000000003d5 RBP=0000000000107ff0 RSP=0000000000107f80
R8 =0000000000000000 R9 =0000000000000000 R10=0000000000000000 R11=0000000000000000
R12=0000000000000000 R13=0000000000000000 R14=0000000000000000 R15=0000000000000000
RIP=0000000000100500 RFL=00000216 [----AP-] CPL=0 II=0 A20=1 SMM=0 HLT=0
ES =0010 0000000000000000 ffffffff 00cf9300 DPL=0 DS   [-WA]
CS =0008 0000000000000000 ffffffff 00af9a00 DPL=0 CS64 [-R-]
SS =0010 0000000000000000 ffffffff 00cf9300 DPL=0 DS   [-WA]
DS =0010 0000000000000000 ffffffff 00cf9300 DPL=0 DS   [-WA]
FS =0010 0000000000000000 ffffffff 00cf9300 DPL=0 DS   [-WA]
GS =0010 0000000000000000 ffffffff 00cf9300 DPL=0 DS   [-WA]
LDT=0000 0000000000000000 0000ffff 00008200 DPL=0 LDT
TR =0000 0000000000000000 0000ffff 00008b00 DPL=0 TSS64-busy
GDT=     00000000001918c0 00000017
IDT=     00000000001900a0 00000fff
CR0=80000011 CR2=0000000000000000 CR3=0000000000104000 CR4=00000020
DR0=0000000000000000 DR1=0000000000000000 DR2=0000000000000000 DR3=0000000000000000 
DR6=00000000ffff0ff0 DR7=0000000000000400
CCS=0000000000000014 CCD=0000000000107f58 CCO=EFLAGS
EFER=0000000000000500
Servicing hardware INT=0x20
   455: v=20 e=0000 i=0 cpl=0 IP=0008:0000000000100500 pc=0000000000100500 SP=0010:0000000000107f80 env->regs[R_EAX]=0000000000000000
RAX=0000000000000000 RBX=0000000000000000 RCX=0000000000000002 RDX=00000000000003d5
RSI=0000000000000000 RDI=00000000000003d5 RBP=0000000000107ff0 RSP=0000000000107f80
R8 =0000000000000000 R9 =0000000000000000 R10=0000000000000000 R11=0000000000000000
R12=0000000000000000 R13=0000000000000000 R14=0000000000000000 R15=0000000000000000
RIP=0000000000100500 RFL=00000216 [----AP-] CPL=0 II=0 A20=1 SMM=0 HLT=0
ES =0010 0000000000000000 ffffffff 00cf9300 DPL=0 DS   [-WA]
CS =0008 0000000000000000 ffffffff 00af9a00 DPL=0 CS64 [-R-]
SS =0010 0000000000000000 ffffffff 00cf9300 DPL=0 DS   [-WA]
DS =0010 0000000000000000 ffffffff 00cf9300 DPL=0 DS   [-WA]
FS =0010 0000000000000000 ffffffff 00cf9300 DPL=0 DS   [-WA]
GS =0010 0000000000000000 ffffffff 00cf9300 DPL=0 DS   [-WA]
LDT=0000 0000000000000000 0000ffff 00008200 DPL=0 LDT
TR =0000 0000000000000000 0000ffff 00008b00 DPL=0 TSS64-busy
GDT=     00000000001918c0 00000017
IDT=     00000000001900a0 00000fff
CR0=80000011 CR2=0000000000000000 CR3=0000000000104000 CR4=00000020
DR0=0000000000000000 DR1=0000000000000000 DR2=0000000000000000 DR3=0000000000000000 
DR6=00000000ffff0ff0 DR7=0000000000000400
CCS=0000000000000014 CCD=0000000000107f58 CCO=EFLAGS
EFER=0000000000000500
Servicing hardware INT=0x20
   456: v=20 e=0000 i=0 cpl=0 IP=0008:0000000000100500 pc=0000000000100500 SP=0010:0000000000107f80 env->regs[R_EAX]=0000000000000000
RAX=0000000000000000 RBX=0000000000000000 RCX=0000000000000002 RDX=00000000000003d5
RSI=0000000000000000 RDI=00000000000003d5 RBP=0000000000107ff0 RSP=0000000000107f80
R8 =0000000000000000 R9 =0000000000000000 R10=0000000000000000 R11=0000000000000000
R12=0000000000000000 R13=0000000000000000 R14=0000000000000000 R15=0000000000000000
RIP=0000000000100500 RFL=00000216 [----AP-] CPL=0 II=0 A20=1 SMM=0 HLT=0
ES =0010 0000000000000000 ffffffff 00cf9300 DPL=0 DS   [-WA]
CS =0008 0000000000000000 ffffffff 00af9a00 DPL=0 CS64 [-R-]
SS =0010 0000000000000000 ffffffff 00cf9300 DPL=0 DS   [-WA]
DS =0010 0000000000000000 ffffffff 00cf9300 DPL=0 DS   [-WA]
FS =0010 0000000000000000 ffffffff 00cf9300 DPL=0 DS   [-WA]
GS =0010 0000000000000000 ffffffff 00cf9300 DPL=0 DS   [-WA]
LDT=0000 0000000000000000 0000ffff 00008200 DPL=0 LDT
TR =0000 0000000000000000 0000ffff 00008b00 DPL=0 TSS64-busy
GDT=     00000000001918c0 00000017
IDT=     00000000001900a0 00000fff
CR0=80000011 CR2=0000000000000000 CR3=0000000000104000 CR4=00000020
DR0=0000000000000000 DR1=0000000000000000 DR2=0000000000000000 DR3=0000000000000000 
DR6=00000000ffff0ff0 DR7=0000000000000400
CCS=0000000000000014 CCD=0000000000107f58 CCO=EFLAGS
EFER=0000000000000500
Servicing hardware INT=0x20
   457: v=20 e=0000 i=0 cpl=0 IP=0008:0000000000100500 pc=0000000000100500 SP=0010:0000000000107f80 env->regs[R_EAX]=0000000000000000
RAX=0000000000000000 RBX=0000000000000000 RCX=0000000000000002 RDX=00000000000003d5
RSI=0000000000000000 RDI=00000000000003d5 RBP=0000000000107ff0 RSP=0000000000107f80
R8 =0000000000000000 R9 =0000000000000000 R10=0000000000000000 R11=0000000000000000
R12=0000000000000000 R13=0000000000000000 R14=0000000000000000 R15=0000000000000000
RIP=0000000000100500 RFL=00000216 [----AP-] CPL=0 II=0 A20=1 SMM=0 HLT=0
ES =0010 0000000000000000 ffffffff 00cf9300 DPL=0 DS   [-WA]
CS =0008 0000000000000000 ffffffff 00af9a00 DPL=0 CS64 [-R-]
SS =0010 0000000000000000 ffffffff 00cf9300 DPL=0 DS   [-WA]
DS =0010 0000000000000000 ffffffff 00cf9300 DPL=0 DS   [-WA]
FS =0010 0000000000000000 ffffffff 00cf9300 DPL=0 DS   [-WA]
GS =0010 0000000000000000 ffffffff 00cf9300 DPL=0 DS   [-WA]
LDT=0000 0000000000000000 0000ffff 00008200 DPL=0 LDT
TR =0000 0000000000000000 0000ffff 00008b00 DPL=0 TSS64-busy
GDT=     00000000001918c0 00000017
IDT=     00000000001900a0 00000fff
CR0=80000011 CR2=0000000000000000 CR3=0000000000104000 CR4=00000020
DR0=0000000000000000 DR1=0000000000000000 DR2=0000000000000000 DR3=0000000000000000 
DR6=00000000ffff0ff0 DR7=0000000000000400
CCS=0000000000000014 CCD=0000000000107f58 CCO=EFLAGS
EFER=0000000000000500
Servicing hardware INT=0x20
   458: v=20 e=0000 i=0 cpl=0 IP=0008:0000000000100500 pc=0000000000100500 SP=0010:0000000000107f80 env->regs[R_EAX]=0000000000000000
RAX=0000000000000000 RBX=0000000000000000 RCX=0000000000000002 RDX=00000000000003d5
RSI=0000000000000000 RDI=00000000000003d5 RBP=0000000000107ff0 RSP=0000000000107f80
R8 =0000000000000000 R9 =0000000000000000 R10=0000000000000000 R11=0000000000000000
R12=0000000000000000 R13=0000000000000000 R14=0000000000000000 R15=0000000000000000
RIP=0000000000100500 RFL=00000216 [----AP-] CPL=0 II=0 A20=1 SMM=0 HLT=0
ES =0010 0000000000000000 ffffffff 00cf9300 DPL=0 DS   [-WA]
CS =0008 0000000000000000 ffffffff 00af9a00 DPL=0 CS64 [-R-]
SS =0010 0000000000000000 ffffffff 00cf9300 DPL=0 DS   [-WA]
DS =0010 0000000000000000 ffffffff 00cf9300 DPL=0 DS   [-WA]
FS =0010 0000000000000000 ffffffff 00cf9300 DPL=0 DS   [-WA]
GS =0010 0000000000000000 ffffffff 00cf9300 DPL=0 DS   [-WA]
LDT=0000 0000000000000000 0000ffff 00008200 DPL=0 LDT
TR =0000 0000000000000000 0000ffff 00008b00 DPL=0 TSS64-busy
GDT=     00000000001918c0 00000017
IDT=     00000000001900a0 00000fff
CR0=80000011 CR2=0000000000000000 CR3=0000000000104000 CR4=00000020
DR0=0000000000000000 DR1=0000000000000000 DR2=0000000000000000 DR3=0000000000000000 
DR6=00000000ffff0ff0 DR7=0000000000000400
CCS=0000000000000014 CCD=0000000000107f58 CCO=EFLAGS
EFER=0000000000000500
Servicing hardware INT=0x21
   459: v=21 e=0000 i=0 cpl=0 IP=0008:0000000000100500 pc=0000000000100500 SP=0010:0000000000107f80 env->regs[R_EAX]=0000000000000000
RAX=0000000000000000 RBX=0000000000000000 RCX=0000000000000002 RDX=00000000000003d5
RSI=0000000000000000 RDI=00000000000003d5 RBP=0000000000107ff0 RSP=0000000000107f80
R8 =0000000000000000 R9 =0000000000000000 R10=0000000000000000 R11=0000000000000000
R12=0000000000000000 R13=0000000000000000 R14=0000000000000000 R15=0000000000000000
RIP=0000000000100500 RFL=00000216 [----AP-] CPL=0 II=0 A20=1 SMM=0 HLT=0
ES =0010 0000000000000000 ffffffff 00cf9300 DPL=0 DS   [-WA]
CS =0008 0000000000000000 ffffffff 00af9a00 DPL=0 CS64 [-R-]
SS =0010 0000000000000000 ffffffff 00cf9300 DPL=0 DS   [-WA]
DS =0010 0000000000000000 ffffffff 00cf9300 DPL=0 DS   [-WA]
FS =0010 0000000000000000 ffffffff 00cf9300 DPL=0 DS   [-WA]
GS =0010 0000000000000000 ffffffff 00cf9300 DPL=0 DS   [-WA]
LDT=0000 0000000000000000 0000ffff 00008200 DPL=0 LDT
TR =0000 0000000000000000 0000ffff 00008b00 DPL=0 TSS64-busy
GDT=     00000000001918c0 00000017
IDT=     00000000001900a0 00000fff
CR0=80000011 CR2=0000000000000000 CR3=0000000000104000 CR4=00000020
DR0=0000000000000000 DR1=0000000000000000 DR2=0000000000000000 DR3=0000000000000000 
DR6=00000000ffff0ff0 DR7=0000000000000400
CCS=0000000000000014 CCD=0000000000107f58 CCO=EFLAGS
EFER=0000000000000500
Servicing hardware INT=0x20
   460: v=20 e=0000 i=0 cpl=0 IP=0008:0000000000100500 pc=0000000000100500 SP=0010:0000000000107f80 env->regs[R_EAX]=0000000000000000
RAX=0000000000000000 RBX=0000000000000000 RCX=0000000000000002 RDX=00000000000003d5
RSI=0000000000000000 RDI=00000000000003d5 RBP=0000000000107ff0 RSP=0000000000107f80
R8 =0000000000000000 R9 =0000000000000000 R10=0000000000000000 R11=0000000000000000
R12=0000000000000000 R13=0000000000000000 R14=0000000000000000 R15=0000000000000000
RIP=0000000000100500 RFL=00000216 [----AP-] CPL=0 II=0 A20=1 SMM=0 HLT=0
ES =0010 0000000000000000 ffffffff 00cf9300 DPL=0 DS   [-WA]
CS =0008 0000000000000000 ffffffff 00af9a00 DPL=0 CS64 [-R-]
SS =0010 0000000000000000 ffffffff 00cf9300 DPL=0 DS   [-WA]
DS =0010 0000000000000000 ffffffff 00cf9300 DPL=0 DS   [-WA]
FS =0010 0000000000000000 ffffffff 00cf9300 DPL=0 DS   [-WA]
GS =0010 0000000000000000 ffffffff 00cf9300 DPL=0 DS   [-WA]
LDT=0000 0000000000000000 0000ffff 00008200 DPL=0 LDT
TR =0000 0000000000000000 0000ffff 00008b00 DPL=0 TSS64-busy
GDT=     00000000001918c0 00000017
IDT=     00000000001900a0 00000fff
CR0=80000011 CR2=0000000000000000 CR3=0000000000104000 CR4=00000020
DR0=0000000000000000 DR1=0000000000000000 DR2=0000000000000000 DR3=0000000000000000 
DR6=00000000ffff0ff0 DR7=0000000000000400
CCS=0000000000000014 CCD=0000000000107f58 CCO=EFLAGS
EFER=0000000000000500
Servicing hardware INT=0x20
   461: v=20 e=0000 i=0 cpl=0 IP=0008:0000000000100500 pc=0000000000100500 SP=0010:0000000000107f80 env->regs[R_EAX]=0000000000000000
RAX=0000000000000000 RBX=0000000000000000 RCX=0000000000000002 RDX=00000000000003d5
RSI=0000000000000000 RDI=00000000000003d5 RBP=0000000000107ff0 RSP=0000000000107f80
R8 =0000000000000000 R9 =0000000000000000 R10=0000000000000000 R11=0000000000000000
R12=0000000000000000 R13=0000000000000000 R14=0000000000000000 R15=0000000000000000
RIP=0000000000100500 RFL=00000216 [----AP-] CPL=0 II=0 A20=1 SMM=0 HLT=0
ES =0010 0000000000000000 ffffffff 00cf9300 DPL=0 DS   [-WA]
CS =0008 0000000000000000 ffffffff 00af9a00 DPL=0 CS64 [-R-]
SS =0010 0000000000000000 ffffffff 00cf9300 DPL=0 DS   [-WA]
DS =0010 0000000000000000 ffffffff 00cf9300 DPL=0 DS   [-WA]
FS =0010 0000000000000000 ffffffff 00cf9300 DPL=0 DS   [-WA]
GS =0010 0000000000000000 ffffffff 00cf9300 DPL=0 DS   [-WA]
LDT=0000 0000000000000000 0000ffff 00008200 DPL=0 LDT
TR =0000 0000000000000000 0000ffff 00008b00 DPL=0 TSS64-busy
GDT=     00000000001918c0 00000017
IDT=     00000000001900a0 00000fff
CR0=80000011 CR2=0000000000000000 CR3=0000000000104000 CR4=00000020
DR0=0000000000000000 DR1=0000000000000000 DR2=0000000000000000 DR3=0000000000000000 
DR6=00000000ffff0ff0 DR7=0000000000000400
CCS=0000000000000014 CCD=0000000000107f58 CCO=EFLAGS
EFER=0000000000000500
Servicing hardware INT=0x20
   462: v=20 e=0000 i=0 cpl=0 IP=0008:0000000000100500 pc=0000000000100500 SP=0010:0000000000107f80 env->regs[R_EAX]=0000000000000000
RAX=0000000000000000 RBX=0000000000000000 RCX=0000000000000002 RDX=00000000000003d5
RSI=0000000000000000 RDI=00000000000003d5 RBP=0000000000107ff0 RSP=0000000000107f80
R8 =0000000000000000 R9 =0000000000000000 R10=0000000000000000 R11=0000000000000000
R12=0000000000000000 R13=0000000000000000 R14=0000000000000000 R15=0000000000000000
RIP=0000000000100500 RFL=00000216 [----AP-] CPL=0 II=0 A20=1 SMM=0 HLT=0
ES =0010 0000000000000000 ffffffff 00cf9300 DPL=0 DS   [-WA]
CS =0008 0000000000000000 ffffffff 00af9a00 DPL=0 CS64 [-R-]
SS =0010 0000000000000000 ffffffff 00cf9300 DPL=0 DS   [-WA]
DS =0010 0000000000000000 ffffffff 00cf9300 DPL=0 DS   [-WA]
FS =0010 0000000000000000 ffffffff 00cf9300 DPL=0 DS   [-WA]
GS =0010 0000000000000000 ffffffff 00cf9300 DPL=0 DS   [-WA]
LDT=0000 0000000000000000 0000ffff 00008200 DPL=0 LDT
TR =0000 0000000000000000 0000ffff 00008b00 DPL=0 TSS64-busy
GDT=     00000000001918c0 00000017
IDT=     00000000001900a0 00000fff
CR0=80000011 CR2=0000000000000000 CR3=0000000000104000 CR4=00000020
DR0=0000000000000000 DR1=0000000000000000 DR2=0000000000000000 DR3=0000000000000000 
DR6=00000000ffff0ff0 DR7=0000000000000400
CCS=0000000000000014 CCD=0000000000107f58 CCO=EFLAGS
EFER=0000000000000500
Servicing hardware INT=0x20
   463: v=20 e=0000 i=0 cpl=0 IP=0008:0000000000100500 pc=0000000000100500 SP=0010:0000000000107f80 env->regs[R_EAX]=0000000000000000
RAX=0000000000000000 RBX=0000000000000000 RCX=0000000000000002 RDX=00000000000003d5
RSI=0000000000000000 RDI=00000000000003d5 RBP=0000000000107ff0 RSP=0000000000107f80
R8 =0000000000000000 R9 =0000000000000000 R10=0000000000000000 R11=0000000000000000
R12=0000000000000000 R13=0000000000000000 R14=0000000000000000 R15=0000000000000000
RIP=0000000000100500 RFL=00000216 [----AP-] CPL=0 II=0 A20=1 SMM=0 HLT=0
ES =0010 0000000000000000 ffffffff 00cf9300 DPL=0 DS   [-WA]
CS =0008 0000000000000000 ffffffff 00af9a00 DPL=0 CS64 [-R-]
SS =0010 0000000000000000 ffffffff 00cf9300 DPL=0 DS   [-WA]
DS =0010 0000000000000000 ffffffff 00cf9300 DPL=0 DS   [-WA]
FS =0010 0000000000000000 ffffffff 00cf9300 DPL=0 DS   [-WA]
GS =0010 0000000000000000 ffffffff 00cf9300 DPL=0 DS   [-WA]
LDT=0000 0000000000000000 0000ffff 00008200 DPL=0 LDT
TR =0000 0000000000000000 0000ffff 00008b00 DPL=0 TSS64-busy
GDT=     00000000001918c0 00000017
IDT=     00000000001900a0 00000fff
CR0=80000011 CR2=0000000000000000 CR3=0000000000104000 CR4=00000020
DR0=0000000000000000 DR1=0000000000000000 DR2=0000000000000000 DR3=0000000000000000 
DR6=00000000ffff0ff0 DR7=0000000000000400
CCS=0000000000000014 CCD=0000000000107f58 CCO=EFLAGS
EFER=0000000000000500
Servicing hardware INT=0x20
   464: v=20 e=0000 i=0 cpl=0 IP=0008:0000000000100500 pc=0000000000100500 SP=0010:0000000000107f80 env->regs[R_EAX]=0000000000000000
RAX=0000000000000000 RBX=0000000000000000 RCX=0000000000000002 RDX=00000000000003d5
RSI=0000000000000000 RDI=00000000000003d5 RBP=0000000000107ff0 RSP=0000000000107f80
R8 =0000000000000000 R9 =0000000000000000 R10=0000000000000000 R11=0000000000000000
R12=0000000000000000 R13=0000000000000000 R14=0000000000000000 R15=0000000000000000
RIP=0000000000100500 RFL=00000216 [----AP-] CPL=0 II=0 A20=1 SMM=0 HLT=0
ES =0010 0000000000000000 ffffffff 00cf9300 DPL=0 DS   [-WA]
CS =0008 0000000000000000 ffffffff 00af9a00 DPL=0 CS64 [-R-]
SS =0010 0000000000000000 ffffffff 00cf9300 DPL=0 DS   [-WA]
DS =0010 0000000000000000 ffffffff 00cf9300 DPL=0 DS   [-WA]
FS =0010 0000000000000000 ffffffff 00cf9300 DPL=0 DS   [-WA]
GS =0010 0000000000000000 ffffffff 00cf9300 DPL=0 DS   [-WA]
LDT=0000 0000000000000000 0000ffff 00008200 DPL=0 LDT
TR =0000 0000000000000000 0000ffff 00008b00 DPL=0 TSS64-busy
GDT=     00000000001918c0 00000017
IDT=     00000000001900a0 00000fff
CR0=80000011 CR2=0000000000000000 CR3=0000000000104000 CR4=00000020
DR0=0000000000000000 DR1=0000000000000000 DR2=0000000000000000 DR3=0000000000000000 
DR6=00000000ffff0ff0 DR7=0000000000000400
CCS=0000000000000014 CCD=0000000000107f58 CCO=EFLAGS
EFER=0000000000000500
Servicing hardware INT=0x20
   465: v=20 e=0000 i=0 cpl=0 IP=0008:0000000000100500 pc=0000000000100500 SP=0010:0000000000107f80 env->regs[R_EAX]=0000000000000000
RAX=0000000000000000 RBX=0000000000000000 RCX=0000000000000002 RDX=00000000000003d5
RSI=0000000000000000 RDI=00000000000003d5 RBP=0000000000107ff0 RSP=0000000000107f80
R8 =0000000000000000 R9 =0000000000000000 R10=0000000000000000 R11=0000000000000000
R12=0000000000000000 R13=0000000000000000 R14=0000000000000000 R15=0000000000000000
RIP=0000000000100500 RFL=00000216 [----AP-] CPL=0 II=0 A20=1 SMM=0 HLT=0
ES =0010 0000000000000000 ffffffff 00cf9300 DPL=0 DS   [-WA]
CS =0008 0000000000000000 ffffffff 00af9a00 DPL=0 CS64 [-R-]
SS =0010 0000000000000000 ffffffff 00cf9300 DPL=0 DS   [-WA]
DS =0010 0000000000000000 ffffffff 00cf9300 DPL=0 DS   [-WA]
FS =0010 0000000000000000 ffffffff 00cf9300 DPL=0 DS   [-WA]
GS =0010 0000000000000000 ffffffff 00cf9300 DPL=0 DS   [-WA]
LDT=0000 0000000000000000 0000ffff 00008200 DPL=0 LDT
TR =0000 0000000000000000 0000ffff 00008b00 DPL=0 TSS64-busy
GDT=     00000000001918c0 00000017
IDT=     00000000001900a0 00000fff
CR0=80000011 CR2=0000000000000000 CR3=0000000000104000 CR4=00000020
DR0=0000000000000000 DR1=0000000000000000 DR2=0000000000000000 DR3=0000000000000000 
DR6=00000000ffff0ff0 DR7=0000000000000400
CCS=0000000000000014 CCD=0000000000107f58 CCO=EFLAGS
EFER=0000000000000500
Servicing hardware INT=0x20
   466: v=20 e=0000 i=0 cpl=0 IP=0008:0000000000100500 pc=0000000000100500 SP=0010:0000000000107f80 env->regs[R_EAX]=0000000000000000
RAX=0000000000000000 RBX=0000000000000000 RCX=0000000000000002 RDX=00000000000003d5
RSI=0000000000000000 RDI=00000000000003d5 RBP=0000000000107ff0 RSP=0000000000107f80
R8 =0000000000000000 R9 =0000000000000000 R10=0000000000000000 R11=0000000000000000
R12=0000000000000000 R13=0000000000000000 R14=0000000000000000 R15=0000000000000000
RIP=0000000000100500 RFL=00000216 [----AP-] CPL=0 II=0 A20=1 SMM=0 HLT=0
ES =0010 0000000000000000 ffffffff 00cf9300 DPL=0 DS   [-WA]
CS =0008 0000000000000000 ffffffff 00af9a00 DPL=0 CS64 [-R-]
SS =0010 0000000000000000 ffffffff 00cf9300 DPL=0 DS   [-WA]
DS =0010 0000000000000000 ffffffff 00cf9300 DPL=0 DS   [-WA]
FS =0010 0000000000000000 ffffffff 00cf9300 DPL=0 DS   [-WA]
GS =0010 0000000000000000 ffffffff 00cf9300 DPL=0 DS   [-WA]
LDT=0000 0000000000000000 0000ffff 00008200 DPL=0 LDT
TR =0000 0000000000000000 0000ffff 00008b00 DPL=0 TSS64-busy
GDT=     00000000001918c0 00000017
IDT=     00000000001900a0 00000fff
CR0=80000011 CR2=0000000000000000 CR3=0000000000104000 CR4=00000020
DR0=0000000000000000 DR1=0000000000000000 DR2=0000000000000000 DR3=0000000000000000 
DR6=00000000ffff0ff0 DR7=0000000000000400
CCS=0000000000000014 CCD=0000000000107f58 CCO=EFLAGS
EFER=0000000000000500
Servicing hardware INT=0x20
   467: v=20 e=0000 i=0 cpl=0 IP=0008:0000000000100500 pc=0000000000100500 SP=0010:0000000000107f80 env->regs[R_EAX]=0000000000000000
RAX=0000000000000000 RBX=0000000000000000 RCX=0000000000000002 RDX=00000000000003d5
RSI=0000000000000000 RDI=00000000000003d5 RBP=0000000000107ff0 RSP=0000000000107f80
R8 =0000000000000000 R9 =0000000000000000 R10=0000000000000000 R11=0000000000000000
R12=0000000000000000 R13=0000000000000000 R14=0000000000000000 R15=0000000000000000
RIP=0000000000100500 RFL=00000216 [----AP-] CPL=0 II=0 A20=1 SMM=0 HLT=0
ES =0010 0000000000000000 ffffffff 00cf9300 DPL=0 DS   [-WA]
CS =0008 0000000000000000 ffffffff 00af9a00 DPL=0 CS64 [-R-]
SS =0010 0000000000000000 ffffffff 00cf9300 DPL=0 DS   [-WA]
DS =0010 0000000000000000 ffffffff 00cf9300 DPL=0 DS   [-WA]
FS =0010 0000000000000000 ffffffff 00cf9300 DPL=0 DS   [-WA]
GS =0010 0000000000000000 ffffffff 00cf9300 DPL=0 DS   [-WA]
LDT=0000 0000000000000000 0000ffff 00008200 DPL=0 LDT
TR =0000 0000000000000000 0000ffff 00008b00 DPL=0 TSS64-busy
GDT=     00000000001918c0 00000017
IDT=     00000000001900a0 00000fff
CR0=80000011 CR2=0000000000000000 CR3=0000000000104000 CR4=00000020
DR0=0000000000000000 DR1=0000000000000000 DR2=0000000000000000 DR3=0000000000000000 
DR6=00000000ffff0ff0 DR7=0000000000000400
CCS=0000000000000014 CCD=0000000000107f58 CCO=EFLAGS
EFER=0000000000000500
Servicing hardware INT=0x20
   468: v=20 e=0000 i=0 cpl=0 IP=0008:0000000000100500 pc=0000000000100500 SP=0010:0000000000107f80 env->regs[R_EAX]=0000000000000000
RAX=0000000000000000 RBX=0000000000000000 RCX=0000000000000002 RDX=00000000000003d5
RSI=0000000000000000 RDI=00000000000003d5 RBP=0000000000107ff0 RSP=0000000000107f80
R8 =0000000000000000 R9 =0000000000000000 R10=0000000000000000 R11=0000000000000000
R12=0000000000000000 R13=0000000000000000 R14=0000000000000000 R15=0000000000000000
RIP=0000000000100500 RFL=00000216 [----AP-] CPL=0 II=0 A20=1 SMM=0 HLT=0
ES =0010 0000000000000000 ffffffff 00cf9300 DPL=0 DS   [-WA]
CS =0008 0000000000000000 ffffffff 00af9a00 DPL=0 CS64 [-R-]
SS =0010 0000000000000000 ffffffff 00cf9300 DPL=0 DS   [-WA]
DS =0010 0000000000000000 ffffffff 00cf9300 DPL=0 DS   [-WA]
FS =0010 0000000000000000 ffffffff 00cf9300 DPL=0 DS   [-WA]
GS =0010 0000000000000000 ffffffff 00cf9300 DPL=0 DS   [-WA]
LDT=0000 0000000000000000 0000ffff 00008200 DPL=0 LDT
TR =0000 0000000000000000 0000ffff 00008b00 DPL=0 TSS64-busy
GDT=     00000000001918c0 00000017
IDT=     00000000001900a0 00000fff
CR0=80000011 CR2=0000000000000000 CR3=0000000000104000 CR4=00000020
DR0=0000000000000000 DR1=0000000000000000 DR2=0000000000000000 DR3=0000000000000000 
DR6=00000000ffff0ff0 DR7=0000000000000400
CCS=0000000000000014 CCD=0000000000107f58 CCO=EFLAGS
EFER=0000000000000500
Servicing hardware INT=0x20
   469: v=20 e=0000 i=0 cpl=0 IP=0008:0000000000100500 pc=0000000000100500 SP=0010:0000000000107f80 env->regs[R_EAX]=0000000000000000
RAX=0000000000000000 RBX=0000000000000000 RCX=0000000000000002 RDX=00000000000003d5
RSI=0000000000000000 RDI=00000000000003d5 RBP=0000000000107ff0 RSP=0000000000107f80
R8 =0000000000000000 R9 =0000000000000000 R10=0000000000000000 R11=0000000000000000
R12=0000000000000000 R13=0000000000000000 R14=0000000000000000 R15=0000000000000000
RIP=0000000000100500 RFL=00000216 [----AP-] CPL=0 II=0 A20=1 SMM=0 HLT=0
ES =0010 0000000000000000 ffffffff 00cf9300 DPL=0 DS   [-WA]
CS =0008 0000000000000000 ffffffff 00af9a00 DPL=0 CS64 [-R-]
SS =0010 0000000000000000 ffffffff 00cf9300 DPL=0 DS   [-WA]
DS =0010 0000000000000000 ffffffff 00cf9300 DPL=0 DS   [-WA]
FS =0010 0000000000000000 ffffffff 00cf9300 DPL=0 DS   [-WA]
GS =0010 0000000000000000 ffffffff 00cf9300 DPL=0 DS   [-WA]
LDT=0000 0000000000000000 0000ffff 00008200 DPL=0 LDT
TR =0000 0000000000000000 0000ffff 00008b00 DPL=0 TSS64-busy
GDT=     00000000001918c0 00000017
IDT=     00000000001900a0 00000fff
CR0=80000011 CR2=0000000000000000 CR3=0000000000104000 CR4=00000020
DR0=0000000000000000 DR1=0000000000000000 DR2=0000000000000000 DR3=0000000000000000 
DR6=00000000ffff0ff0 DR7=0000000000000400
CCS=0000000000000014 CCD=0000000000107f58 CCO=EFLAGS
EFER=0000000000000500
Servicing hardware INT=0x20
   470: v=20 e=0000 i=0 cpl=0 IP=0008:0000000000100500 pc=0000000000100500 SP=0010:0000000000107f80 env->regs[R_EAX]=0000000000000000
RAX=0000000000000000 RBX=0000000000000000 RCX=0000000000000002 RDX=00000000000003d5
RSI=0000000000000000 RDI=00000000000003d5 RBP=0000000000107ff0 RSP=0000000000107f80
R8 =0000000000000000 R9 =0000000000000000 R10=0000000000000000 R11=0000000000000000
R12=0000000000000000 R13=0000000000000000 R14=0000000000000000 R15=0000000000000000
RIP=0000000000100500 RFL=00000216 [----AP-] CPL=0 II=0 A20=1 SMM=0 HLT=0
ES =0010 0000000000000000 ffffffff 00cf9300 DPL=0 DS   [-WA]
CS =0008 0000000000000000 ffffffff 00af9a00 DPL=0 CS64 [-R-]
SS =0010 0000000000000000 ffffffff 00cf9300 DPL=0 DS   [-WA]
DS =0010 0000000000000000 ffffffff 00cf9300 DPL=0 DS   [-WA]
FS =0010 0000000000000000 ffffffff 00cf9300 DPL=0 DS   [-WA]
GS =0010 0000000000000000 ffffffff 00cf9300 DPL=0 DS   [-WA]
LDT=0000 0000000000000000 0000ffff 00008200 DPL=0 LDT
TR =0000 0000000000000000 0000ffff 00008b00 DPL=0 TSS64-busy
GDT=     00000000001918c0 00000017
IDT=     00000000001900a0 00000fff
CR0=80000011 CR2=0000000000000000 CR3=0000000000104000 CR4=00000020
DR0=0000000000000000 DR1=0000000000000000 DR2=0000000000000000 DR3=0000000000000000 
DR6=00000000ffff0ff0 DR7=0000000000000400
CCS=0000000000000014 CCD=0000000000107f58 CCO=EFLAGS
EFER=0000000000000500
Servicing hardware INT=0x20
   471: v=20 e=0000 i=0 cpl=0 IP=0008:0000000000100500 pc=0000000000100500 SP=0010:0000000000107f80 env->regs[R_EAX]=0000000000000000
RAX=0000000000000000 RBX=0000000000000000 RCX=0000000000000002 RDX=00000000000003d5
RSI=0000000000000000 RDI=00000000000003d5 RBP=0000000000107ff0 RSP=0000000000107f80
R8 =0000000000000000 R9 =0000000000000000 R10=0000000000000000 R11=0000000000000000
R12=0000000000000000 R13=0000000000000000 R14=0000000000000000 R15=0000000000000000
RIP=0000000000100500 RFL=00000216 [----AP-] CPL=0 II=0 A20=1 SMM=0 HLT=0
ES =0010 0000000000000000 ffffffff 00cf9300 DPL=0 DS   [-WA]
CS =0008 0000000000000000 ffffffff 00af9a00 DPL=0 CS64 [-R-]
SS =0010 0000000000000000 ffffffff 00cf9300 DPL=0 DS   [-WA]
DS =0010 0000000000000000 ffffffff 00cf9300 DPL=0 DS   [-WA]
FS =0010 0000000000000000 ffffffff 00cf9300 DPL=0 DS   [-WA]
GS =0010 0000000000000000 ffffffff 00cf9300 DPL=0 DS   [-WA]
LDT=0000 0000000000000000 0000ffff 00008200 DPL=0 LDT
TR =0000 0000000000000000 0000ffff 00008b00 DPL=0 TSS64-busy
GDT=     00000000001918c0 00000017
IDT=     00000000001900a0 00000fff
CR0=80000011 CR2=0000000000000000 CR3=0000000000104000 CR4=00000020
DR0=0000000000000000 DR1=0000000000000000 DR2=0000000000000000 DR3=0000000000000000 
DR6=00000000ffff0ff0 DR7=0000000000000400
CCS=0000000000000014 CCD=0000000000107f58 CCO=EFLAGS
EFER=0000000000000500
Servicing hardware INT=0x20
   472: v=20 e=0000 i=0 cpl=0 IP=0008:0000000000100500 pc=0000000000100500 SP=0010:0000000000107f80 env->regs[R_EAX]=0000000000000000
RAX=0000000000000000 RBX=0000000000000000 RCX=0000000000000002 RDX=00000000000003d5
RSI=0000000000000000 RDI=00000000000003d5 RBP=0000000000107ff0 RSP=0000000000107f80
R8 =0000000000000000 R9 =0000000000000000 R10=0000000000000000 R11=0000000000000000
R12=0000000000000000 R13=0000000000000000 R14=0000000000000000 R15=0000000000000000
RIP=0000000000100500 RFL=00000216 [----AP-] CPL=0 II=0 A20=1 SMM=0 HLT=0
ES =0010 0000000000000000 ffffffff 00cf9300 DPL=0 DS   [-WA]
CS =0008 0000000000000000 ffffffff 00af9a00 DPL=0 CS64 [-R-]
SS =0010 0000000000000000 ffffffff 00cf9300 DPL=0 DS   [-WA]
DS =0010 0000000000000000 ffffffff 00cf9300 DPL=0 DS   [-WA]
FS =0010 0000000000000000 ffffffff 00cf9300 DPL=0 DS   [-WA]
GS =0010 0000000000000000 ffffffff 00cf9300 DPL=0 DS   [-WA]
LDT=0000 0000000000000000 0000ffff 00008200 DPL=0 LDT
TR =0000 0000000000000000 0000ffff 00008b00 DPL=0 TSS64-busy
GDT=     00000000001918c0 00000017
IDT=     00000000001900a0 00000fff
CR0=80000011 CR2=0000000000000000 CR3=0000000000104000 CR4=00000020
DR0=0000000000000000 DR1=0000000000000000 DR2=0000000000000000 DR3=0000000000000000 
DR6=00000000ffff0ff0 DR7=0000000000000400
CCS=0000000000000014 CCD=0000000000107f58 CCO=EFLAGS
EFER=0000000000000500
Servicing hardware INT=0x20
   473: v=20 e=0000 i=0 cpl=0 IP=0008:0000000000100500 pc=0000000000100500 SP=0010:0000000000107f80 env->regs[R_EAX]=0000000000000000
RAX=0000000000000000 RBX=0000000000000000 RCX=0000000000000002 RDX=00000000000003d5
RSI=0000000000000000 RDI=00000000000003d5 RBP=0000000000107ff0 RSP=0000000000107f80
R8 =0000000000000000 R9 =0000000000000000 R10=0000000000000000 R11=0000000000000000
R12=0000000000000000 R13=0000000000000000 R14=0000000000000000 R15=0000000000000000
RIP=0000000000100500 RFL=00000216 [----AP-] CPL=0 II=0 A20=1 SMM=0 HLT=0
ES =0010 0000000000000000 ffffffff 00cf9300 DPL=0 DS   [-WA]
CS =0008 0000000000000000 ffffffff 00af9a00 DPL=0 CS64 [-R-]
SS =0010 0000000000000000 ffffffff 00cf9300 DPL=0 DS   [-WA]
DS =0010 0000000000000000 ffffffff 00cf9300 DPL=0 DS   [-WA]
FS =0010 0000000000000000 ffffffff 00cf9300 DPL=0 DS   [-WA]
GS =0010 0000000000000000 ffffffff 00cf9300 DPL=0 DS   [-WA]
LDT=0000 0000000000000000 0000ffff 00008200 DPL=0 LDT
TR =0000 0000000000000000 0000ffff 00008b00 DPL=0 TSS64-busy
GDT=     00000000001918c0 00000017
IDT=     00000000001900a0 00000fff
CR0=80000011 CR2=0000000000000000 CR3=0000000000104000 CR4=00000020
DR0=0000000000000000 DR1=0000000000000000 DR2=0000000000000000 DR3=0000000000000000 
DR6=00000000ffff0ff0 DR7=0000000000000400
CCS=0000000000000014 CCD=0000000000107f58 CCO=EFLAGS
EFER=0000000000000500
Servicing hardware INT=0x20
   474: v=20 e=0000 i=0 cpl=0 IP=0008:0000000000100500 pc=0000000000100500 SP=0010:0000000000107f80 env->regs[R_EAX]=0000000000000000
RAX=0000000000000000 RBX=0000000000000000 RCX=0000000000000002 RDX=00000000000003d5
RSI=0000000000000000 RDI=00000000000003d5 RBP=0000000000107ff0 RSP=0000000000107f80
R8 =0000000000000000 R9 =0000000000000000 R10=0000000000000000 R11=0000000000000000
R12=0000000000000000 R13=0000000000000000 R14=0000000000000000 R15=0000000000000000
RIP=0000000000100500 RFL=00000216 [----AP-] CPL=0 II=0 A20=1 SMM=0 HLT=0
ES =0010 0000000000000000 ffffffff 00cf9300 DPL=0 DS   [-WA]
CS =0008 0000000000000000 ffffffff 00af9a00 DPL=0 CS64 [-R-]
SS =0010 0000000000000000 ffffffff 00cf9300 DPL=0 DS   [-WA]
DS =0010 0000000000000000 ffffffff 00cf9300 DPL=0 DS   [-WA]
FS =0010 0000000000000000 ffffffff 00cf9300 DPL=0 DS   [-WA]
GS =0010 0000000000000000 ffffffff 00cf9300 DPL=0 DS   [-WA]
LDT=0000 0000000000000000 0000ffff 00008200 DPL=0 LDT
TR =0000 0000000000000000 0000ffff 00008b00 DPL=0 TSS64-busy
GDT=     00000000001918c0 00000017
IDT=     00000000001900a0 00000fff
CR0=80000011 CR2=0000000000000000 CR3=0000000000104000 CR4=00000020
DR0=0000000000000000 DR1=0000000000000000 DR2=0000000000000000 DR3=0000000000000000 
DR6=00000000ffff0ff0 DR7=0000000000000400
CCS=0000000000000014 CCD=0000000000107f58 CCO=EFLAGS
EFER=0000000000000500
Servicing hardware INT=0x20
   475: v=20 e=0000 i=0 cpl=0 IP=0008:0000000000100500 pc=0000000000100500 SP=0010:0000000000107f80 env->regs[R_EAX]=0000000000000000
RAX=0000000000000000 RBX=0000000000000000 RCX=0000000000000002 RDX=00000000000003d5
RSI=0000000000000000 RDI=00000000000003d5 RBP=0000000000107ff0 RSP=0000000000107f80
R8 =0000000000000000 R9 =0000000000000000 R10=0000000000000000 R11=0000000000000000
R12=0000000000000000 R13=0000000000000000 R14=0000000000000000 R15=0000000000000000
RIP=0000000000100500 RFL=00000216 [----AP-] CPL=0 II=0 A20=1 SMM=0 HLT=0
ES =0010 0000000000000000 ffffffff 00cf9300 DPL=0 DS   [-WA]
CS =0008 0000000000000000 ffffffff 00af9a00 DPL=0 CS64 [-R-]
SS =0010 0000000000000000 ffffffff 00cf9300 DPL=0 DS   [-WA]
DS =0010 0000000000000000 ffffffff 00cf9300 DPL=0 DS   [-WA]
FS =0010 0000000000000000 ffffffff 00cf9300 DPL=0 DS   [-WA]
GS =0010 0000000000000000 ffffffff 00cf9300 DPL=0 DS   [-WA]
LDT=0000 0000000000000000 0000ffff 00008200 DPL=0 LDT
TR =0000 0000000000000000 0000ffff 00008b00 DPL=0 TSS64-busy
GDT=     00000000001918c0 00000017
IDT=     00000000001900a0 00000fff
CR0=80000011 CR2=0000000000000000 CR3=0000000000104000 CR4=00000020
DR0=0000000000000000 DR1=0000000000000000 DR2=0000000000000000 DR3=0000000000000000 
DR6=00000000ffff0ff0 DR7=0000000000000400
CCS=0000000000000014 CCD=0000000000107f58 CCO=EFLAGS
EFER=0000000000000500
Servicing hardware INT=0x21
   476: v=21 e=0000 i=0 cpl=0 IP=0008:0000000000100500 pc=0000000000100500 SP=0010:0000000000107f80 env->regs[R_EAX]=0000000000000000
RAX=0000000000000000 RBX=0000000000000000 RCX=0000000000000002 RDX=00000000000003d5
RSI=0000000000000000 RDI=00000000000003d5 RBP=0000000000107ff0 RSP=0000000000107f80
R8 =0000000000000000 R9 =0000000000000000 R10=0000000000000000 R11=0000000000000000
R12=0000000000000000 R13=0000000000000000 R14=0000000000000000 R15=0000000000000000
RIP=0000000000100500 RFL=00000216 [----AP-] CPL=0 II=0 A20=1 SMM=0 HLT=0
ES =0010 0000000000000000 ffffffff 00cf9300 DPL=0 DS   [-WA]
CS =0008 0000000000000000 ffffffff 00af9a00 DPL=0 CS64 [-R-]
SS =0010 0000000000000000 ffffffff 00cf9300 DPL=0 DS   [-WA]
DS =0010 0000000000000000 ffffffff 00cf9300 DPL=0 DS   [-WA]
FS =0010 0000000000000000 ffffffff 00cf9300 DPL=0 DS   [-WA]
GS =0010 0000000000000000 ffffffff 00cf9300 DPL=0 DS   [-WA]
LDT=0000 0000000000000000 0000ffff 00008200 DPL=0 LDT
TR =0000 0000000000000000 0000ffff 00008b00 DPL=0 TSS64-busy
GDT=     00000000001918c0 00000017
IDT=     00000000001900a0 00000fff
CR0=80000011 CR2=0000000000000000 CR3=0000000000104000 CR4=00000020
DR0=0000000000000000 DR1=0000000000000000 DR2=0000000000000000 DR3=0000000000000000 
DR6=00000000ffff0ff0 DR7=0000000000000400
CCS=0000000000000014 CCD=0000000000107f58 CCO=EFLAGS
EFER=0000000000000500
Servicing hardware INT=0x20
   477: v=20 e=0000 i=0 cpl=0 IP=0008:0000000000100500 pc=0000000000100500 SP=0010:0000000000107f80 env->regs[R_EAX]=0000000000000000
RAX=0000000000000000 RBX=0000000000000000 RCX=0000000000000002 RDX=00000000000003d5
RSI=0000000000000000 RDI=00000000000003d5 RBP=0000000000107ff0 RSP=0000000000107f80
R8 =0000000000000000 R9 =0000000000000000 R10=0000000000000000 R11=0000000000000000
R12=0000000000000000 R13=0000000000000000 R14=0000000000000000 R15=0000000000000000
RIP=0000000000100500 RFL=00000216 [----AP-] CPL=0 II=0 A20=1 SMM=0 HLT=0
ES =0010 0000000000000000 ffffffff 00cf9300 DPL=0 DS   [-WA]
CS =0008 0000000000000000 ffffffff 00af9a00 DPL=0 CS64 [-R-]
SS =0010 0000000000000000 ffffffff 00cf9300 DPL=0 DS   [-WA]
DS =0010 0000000000000000 ffffffff 00cf9300 DPL=0 DS   [-WA]
FS =0010 0000000000000000 ffffffff 00cf9300 DPL=0 DS   [-WA]
GS =0010 0000000000000000 ffffffff 00cf9300 DPL=0 DS   [-WA]
LDT=0000 0000000000000000 0000ffff 00008200 DPL=0 LDT
TR =0000 0000000000000000 0000ffff 00008b00 DPL=0 TSS64-busy
GDT=     00000000001918c0 00000017
IDT=     00000000001900a0 00000fff
CR0=80000011 CR2=0000000000000000 CR3=0000000000104000 CR4=00000020
DR0=0000000000000000 DR1=0000000000000000 DR2=0000000000000000 DR3=0000000000000000 
DR6=00000000ffff0ff0 DR7=0000000000000400
CCS=0000000000000014 CCD=0000000000107f58 CCO=EFLAGS
EFER=0000000000000500
Servicing hardware INT=0x20
   478: v=20 e=0000 i=0 cpl=0 IP=0008:0000000000100500 pc=0000000000100500 SP=0010:0000000000107f80 env->regs[R_EAX]=0000000000000000
RAX=0000000000000000 RBX=0000000000000000 RCX=0000000000000002 RDX=00000000000003d5
RSI=0000000000000000 RDI=00000000000003d5 RBP=0000000000107ff0 RSP=0000000000107f80
R8 =0000000000000000 R9 =0000000000000000 R10=0000000000000000 R11=0000000000000000
R12=0000000000000000 R13=0000000000000000 R14=0000000000000000 R15=0000000000000000
RIP=0000000000100500 RFL=00000216 [----AP-] CPL=0 II=0 A20=1 SMM=0 HLT=0
ES =0010 0000000000000000 ffffffff 00cf9300 DPL=0 DS   [-WA]
CS =0008 0000000000000000 ffffffff 00af9a00 DPL=0 CS64 [-R-]
SS =0010 0000000000000000 ffffffff 00cf9300 DPL=0 DS   [-WA]
DS =0010 0000000000000000 ffffffff 00cf9300 DPL=0 DS   [-WA]
FS =0010 0000000000000000 ffffffff 00cf9300 DPL=0 DS   [-WA]
GS =0010 0000000000000000 ffffffff 00cf9300 DPL=0 DS   [-WA]
LDT=0000 0000000000000000 0000ffff 00008200 DPL=0 LDT
TR =0000 0000000000000000 0000ffff 00008b00 DPL=0 TSS64-busy
GDT=     00000000001918c0 00000017
IDT=     00000000001900a0 00000fff
CR0=80000011 CR2=0000000000000000 CR3=0000000000104000 CR4=00000020
DR0=0000000000000000 DR1=0000000000000000 DR2=0000000000000000 DR3=0000000000000000 
DR6=00000000ffff0ff0 DR7=0000000000000400
CCS=0000000000000014 CCD=0000000000107f58 CCO=EFLAGS
EFER=0000000000000500
Servicing hardware INT=0x21
   479: v=21 e=0000 i=0 cpl=0 IP=0008:0000000000100500 pc=0000000000100500 SP=0010:0000000000107f80 env->regs[R_EAX]=0000000000000000
RAX=0000000000000000 RBX=0000000000000000 RCX=0000000000000002 RDX=00000000000003d5
RSI=0000000000000000 RDI=00000000000003d5 RBP=0000000000107ff0 RSP=0000000000107f80
R8 =0000000000000000 R9 =0000000000000000 R10=0000000000000000 R11=0000000000000000
R12=0000000000000000 R13=0000000000000000 R14=0000000000000000 R15=0000000000000000
RIP=0000000000100500 RFL=00000216 [----AP-] CPL=0 II=0 A20=1 SMM=0 HLT=0
ES =0010 0000000000000000 ffffffff 00cf9300 DPL=0 DS   [-WA]
CS =0008 0000000000000000 ffffffff 00af9a00 DPL=0 CS64 [-R-]
SS =0010 0000000000000000 ffffffff 00cf9300 DPL=0 DS   [-WA]
DS =0010 0000000000000000 ffffffff 00cf9300 DPL=0 DS   [-WA]
FS =0010 0000000000000000 ffffffff 00cf9300 DPL=0 DS   [-WA]
GS =0010 0000000000000000 ffffffff 00cf9300 DPL=0 DS   [-WA]
LDT=0000 0000000000000000 0000ffff 00008200 DPL=0 LDT
TR =0000 0000000000000000 0000ffff 00008b00 DPL=0 TSS64-busy
GDT=     00000000001918c0 00000017
IDT=     00000000001900a0 00000fff
CR0=80000011 CR2=0000000000000000 CR3=0000000000104000 CR4=00000020
DR0=0000000000000000 DR1=0000000000000000 DR2=0000000000000000 DR3=0000000000000000 
DR6=00000000ffff0ff0 DR7=0000000000000400
CCS=0000000000000014 CCD=0000000000107f58 CCO=EFLAGS
EFER=0000000000000500
Servicing hardware INT=0x20
   480: v=20 e=0000 i=0 cpl=0 IP=0008:0000000000100500 pc=0000000000100500 SP=0010:0000000000107f80 env->regs[R_EAX]=0000000000000000
RAX=0000000000000000 RBX=0000000000000000 RCX=0000000000000002 RDX=00000000000003d5
RSI=0000000000000000 RDI=00000000000003d5 RBP=0000000000107ff0 RSP=0000000000107f80
R8 =0000000000000000 R9 =0000000000000000 R10=0000000000000000 R11=0000000000000000
R12=0000000000000000 R13=0000000000000000 R14=0000000000000000 R15=0000000000000000
RIP=0000000000100500 RFL=00000216 [----AP-] CPL=0 II=0 A20=1 SMM=0 HLT=0
ES =0010 0000000000000000 ffffffff 00cf9300 DPL=0 DS   [-WA]
CS =0008 0000000000000000 ffffffff 00af9a00 DPL=0 CS64 [-R-]
SS =0010 0000000000000000 ffffffff 00cf9300 DPL=0 DS   [-WA]
DS =0010 0000000000000000 ffffffff 00cf9300 DPL=0 DS   [-WA]
FS =0010 0000000000000000 ffffffff 00cf9300 DPL=0 DS   [-WA]
GS =0010 0000000000000000 ffffffff 00cf9300 DPL=0 DS   [-WA]
LDT=0000 0000000000000000 0000ffff 00008200 DPL=0 LDT
TR =0000 0000000000000000 0000ffff 00008b00 DPL=0 TSS64-busy
GDT=     00000000001918c0 00000017
IDT=     00000000001900a0 00000fff
CR0=80000011 CR2=0000000000000000 CR3=0000000000104000 CR4=00000020
DR0=0000000000000000 DR1=0000000000000000 DR2=0000000000000000 DR3=0000000000000000 
DR6=00000000ffff0ff0 DR7=0000000000000400
CCS=0000000000000014 CCD=0000000000107f58 CCO=EFLAGS
EFER=0000000000000500
Servicing hardware INT=0x20
   481: v=20 e=0000 i=0 cpl=0 IP=0008:0000000000100500 pc=0000000000100500 SP=0010:0000000000107f80 env->regs[R_EAX]=0000000000000000
RAX=0000000000000000 RBX=0000000000000000 RCX=0000000000000002 RDX=00000000000003d5
RSI=0000000000000000 RDI=00000000000003d5 RBP=0000000000107ff0 RSP=0000000000107f80
R8 =0000000000000000 R9 =0000000000000000 R10=0000000000000000 R11=0000000000000000
R12=0000000000000000 R13=0000000000000000 R14=0000000000000000 R15=0000000000000000
RIP=0000000000100500 RFL=00000216 [----AP-] CPL=0 II=0 A20=1 SMM=0 HLT=0
ES =0010 0000000000000000 ffffffff 00cf9300 DPL=0 DS   [-WA]
CS =0008 0000000000000000 ffffffff 00af9a00 DPL=0 CS64 [-R-]
SS =0010 0000000000000000 ffffffff 00cf9300 DPL=0 DS   [-WA]
DS =0010 0000000000000000 ffffffff 00cf9300 DPL=0 DS   [-WA]
FS =0010 0000000000000000 ffffffff 00cf9300 DPL=0 DS   [-WA]
GS =0010 0000000000000000 ffffffff 00cf9300 DPL=0 DS   [-WA]
LDT=0000 0000000000000000 0000ffff 00008200 DPL=0 LDT
TR =0000 0000000000000000 0000ffff 00008b00 DPL=0 TSS64-busy
GDT=     00000000001918c0 00000017
IDT=     00000000001900a0 00000fff
CR0=80000011 CR2=0000000000000000 CR3=0000000000104000 CR4=00000020
DR0=0000000000000000 DR1=0000000000000000 DR2=0000000000000000 DR3=0000000000000000 
DR6=00000000ffff0ff0 DR7=0000000000000400
CCS=0000000000000014 CCD=0000000000107f58 CCO=EFLAGS
EFER=0000000000000500
Servicing hardware INT=0x20
   482: v=20 e=0000 i=0 cpl=0 IP=0008:0000000000100500 pc=0000000000100500 SP=0010:0000000000107f80 env->regs[R_EAX]=0000000000000000
RAX=0000000000000000 RBX=0000000000000000 RCX=0000000000000002 RDX=00000000000003d5
RSI=0000000000000000 RDI=00000000000003d5 RBP=0000000000107ff0 RSP=0000000000107f80
R8 =0000000000000000 R9 =0000000000000000 R10=0000000000000000 R11=0000000000000000
R12=0000000000000000 R13=0000000000000000 R14=0000000000000000 R15=0000000000000000
RIP=0000000000100500 RFL=00000216 [----AP-] CPL=0 II=0 A20=1 SMM=0 HLT=0
ES =0010 0000000000000000 ffffffff 00cf9300 DPL=0 DS   [-WA]
CS =0008 0000000000000000 ffffffff 00af9a00 DPL=0 CS64 [-R-]
SS =0010 0000000000000000 ffffffff 00cf9300 DPL=0 DS   [-WA]
DS =0010 0000000000000000 ffffffff 00cf9300 DPL=0 DS   [-WA]
FS =0010 0000000000000000 ffffffff 00cf9300 DPL=0 DS   [-WA]
GS =0010 0000000000000000 ffffffff 00cf9300 DPL=0 DS   [-WA]
LDT=0000 0000000000000000 0000ffff 00008200 DPL=0 LDT
TR =0000 0000000000000000 0000ffff 00008b00 DPL=0 TSS64-busy
GDT=     00000000001918c0 00000017
IDT=     00000000001900a0 00000fff
CR0=80000011 CR2=0000000000000000 CR3=0000000000104000 CR4=00000020
DR0=0000000000000000 DR1=0000000000000000 DR2=0000000000000000 DR3=0000000000000000 
DR6=00000000ffff0ff0 DR7=0000000000000400
CCS=0000000000000014 CCD=0000000000107f58 CCO=EFLAGS
EFER=0000000000000500
Servicing hardware INT=0x20
   483: v=20 e=0000 i=0 cpl=0 IP=0008:0000000000100500 pc=0000000000100500 SP=0010:0000000000107f80 env->regs[R_EAX]=0000000000000000
RAX=0000000000000000 RBX=0000000000000000 RCX=0000000000000002 RDX=00000000000003d5
RSI=0000000000000000 RDI=00000000000003d5 RBP=0000000000107ff0 RSP=0000000000107f80
R8 =0000000000000000 R9 =0000000000000000 R10=0000000000000000 R11=0000000000000000
R12=0000000000000000 R13=0000000000000000 R14=0000000000000000 R15=0000000000000000
RIP=0000000000100500 RFL=00000216 [----AP-] CPL=0 II=0 A20=1 SMM=0 HLT=0
ES =0010 0000000000000000 ffffffff 00cf9300 DPL=0 DS   [-WA]
CS =0008 0000000000000000 ffffffff 00af9a00 DPL=0 CS64 [-R-]
SS =0010 0000000000000000 ffffffff 00cf9300 DPL=0 DS   [-WA]
DS =0010 0000000000000000 ffffffff 00cf9300 DPL=0 DS   [-WA]
FS =0010 0000000000000000 ffffffff 00cf9300 DPL=0 DS   [-WA]
GS =0010 0000000000000000 ffffffff 00cf9300 DPL=0 DS   [-WA]
LDT=0000 0000000000000000 0000ffff 00008200 DPL=0 LDT
TR =0000 0000000000000000 0000ffff 00008b00 DPL=0 TSS64-busy
GDT=     00000000001918c0 00000017
IDT=     00000000001900a0 00000fff
CR0=80000011 CR2=0000000000000000 CR3=0000000000104000 CR4=00000020
DR0=0000000000000000 DR1=0000000000000000 DR2=0000000000000000 DR3=0000000000000000 
DR6=00000000ffff0ff0 DR7=0000000000000400
CCS=0000000000000014 CCD=0000000000107f58 CCO=EFLAGS
EFER=0000000000000500
Servicing hardware INT=0x20
   484: v=20 e=0000 i=0 cpl=0 IP=0008:0000000000100500 pc=0000000000100500 SP=0010:0000000000107f80 env->regs[R_EAX]=0000000000000000
RAX=0000000000000000 RBX=0000000000000000 RCX=0000000000000002 RDX=00000000000003d5
RSI=0000000000000000 RDI=00000000000003d5 RBP=0000000000107ff0 RSP=0000000000107f80
R8 =0000000000000000 R9 =0000000000000000 R10=0000000000000000 R11=0000000000000000
R12=0000000000000000 R13=0000000000000000 R14=0000000000000000 R15=0000000000000000
RIP=0000000000100500 RFL=00000216 [----AP-] CPL=0 II=0 A20=1 SMM=0 HLT=0
ES =0010 0000000000000000 ffffffff 00cf9300 DPL=0 DS   [-WA]
CS =0008 0000000000000000 ffffffff 00af9a00 DPL=0 CS64 [-R-]
SS =0010 0000000000000000 ffffffff 00cf9300 DPL=0 DS   [-WA]
DS =0010 0000000000000000 ffffffff 00cf9300 DPL=0 DS   [-WA]
FS =0010 0000000000000000 ffffffff 00cf9300 DPL=0 DS   [-WA]
GS =0010 0000000000000000 ffffffff 00cf9300 DPL=0 DS   [-WA]
LDT=0000 0000000000000000 0000ffff 00008200 DPL=0 LDT
TR =0000 0000000000000000 0000ffff 00008b00 DPL=0 TSS64-busy
GDT=     00000000001918c0 00000017
IDT=     00000000001900a0 00000fff
CR0=80000011 CR2=0000000000000000 CR3=0000000000104000 CR4=00000020
DR0=0000000000000000 DR1=0000000000000000 DR2=0000000000000000 DR3=0000000000000000 
DR6=00000000ffff0ff0 DR7=0000000000000400
CCS=0000000000000014 CCD=0000000000107f58 CCO=EFLAGS
EFER=0000000000000500
Servicing hardware INT=0x20
   485: v=20 e=0000 i=0 cpl=0 IP=0008:0000000000100500 pc=0000000000100500 SP=0010:0000000000107f80 env->regs[R_EAX]=0000000000000000
RAX=0000000000000000 RBX=0000000000000000 RCX=0000000000000002 RDX=00000000000003d5
RSI=0000000000000000 RDI=00000000000003d5 RBP=0000000000107ff0 RSP=0000000000107f80
R8 =0000000000000000 R9 =0000000000000000 R10=0000000000000000 R11=0000000000000000
R12=0000000000000000 R13=0000000000000000 R14=0000000000000000 R15=0000000000000000
RIP=0000000000100500 RFL=00000216 [----AP-] CPL=0 II=0 A20=1 SMM=0 HLT=0
ES =0010 0000000000000000 ffffffff 00cf9300 DPL=0 DS   [-WA]
CS =0008 0000000000000000 ffffffff 00af9a00 DPL=0 CS64 [-R-]
SS =0010 0000000000000000 ffffffff 00cf9300 DPL=0 DS   [-WA]
DS =0010 0000000000000000 ffffffff 00cf9300 DPL=0 DS   [-WA]
FS =0010 0000000000000000 ffffffff 00cf9300 DPL=0 DS   [-WA]
GS =0010 0000000000000000 ffffffff 00cf9300 DPL=0 DS   [-WA]
LDT=0000 0000000000000000 0000ffff 00008200 DPL=0 LDT
TR =0000 0000000000000000 0000ffff 00008b00 DPL=0 TSS64-busy
GDT=     00000000001918c0 00000017
IDT=     00000000001900a0 00000fff
CR0=80000011 CR2=0000000000000000 CR3=0000000000104000 CR4=00000020
DR0=0000000000000000 DR1=0000000000000000 DR2=0000000000000000 DR3=0000000000000000 
DR6=00000000ffff0ff0 DR7=0000000000000400
CCS=0000000000000014 CCD=0000000000107f58 CCO=EFLAGS
EFER=0000000000000500
Servicing hardware INT=0x20
   486: v=20 e=0000 i=0 cpl=0 IP=0008:0000000000100500 pc=0000000000100500 SP=0010:0000000000107f80 env->regs[R_EAX]=0000000000000000
RAX=0000000000000000 RBX=0000000000000000 RCX=0000000000000002 RDX=00000000000003d5
RSI=0000000000000000 RDI=00000000000003d5 RBP=0000000000107ff0 RSP=0000000000107f80
R8 =0000000000000000 R9 =0000000000000000 R10=0000000000000000 R11=0000000000000000
R12=0000000000000000 R13=0000000000000000 R14=0000000000000000 R15=0000000000000000
RIP=0000000000100500 RFL=00000216 [----AP-] CPL=0 II=0 A20=1 SMM=0 HLT=0
ES =0010 0000000000000000 ffffffff 00cf9300 DPL=0 DS   [-WA]
CS =0008 0000000000000000 ffffffff 00af9a00 DPL=0 CS64 [-R-]
SS =0010 0000000000000000 ffffffff 00cf9300 DPL=0 DS   [-WA]
DS =0010 0000000000000000 ffffffff 00cf9300 DPL=0 DS   [-WA]
FS =0010 0000000000000000 ffffffff 00cf9300 DPL=0 DS   [-WA]
GS =0010 0000000000000000 ffffffff 00cf9300 DPL=0 DS   [-WA]
LDT=0000 0000000000000000 0000ffff 00008200 DPL=0 LDT
TR =0000 0000000000000000 0000ffff 00008b00 DPL=0 TSS64-busy
GDT=     00000000001918c0 00000017
IDT=     00000000001900a0 00000fff
CR0=80000011 CR2=0000000000000000 CR3=0000000000104000 CR4=00000020
DR0=0000000000000000 DR1=0000000000000000 DR2=0000000000000000 DR3=0000000000000000 
DR6=00000000ffff0ff0 DR7=0000000000000400
CCS=0000000000000014 CCD=0000000000107f58 CCO=EFLAGS
EFER=0000000000000500
Servicing hardware INT=0x20
   487: v=20 e=0000 i=0 cpl=0 IP=0008:0000000000100500 pc=0000000000100500 SP=0010:0000000000107f80 env->regs[R_EAX]=0000000000000000
RAX=0000000000000000 RBX=0000000000000000 RCX=0000000000000002 RDX=00000000000003d5
RSI=0000000000000000 RDI=00000000000003d5 RBP=0000000000107ff0 RSP=0000000000107f80
R8 =0000000000000000 R9 =0000000000000000 R10=0000000000000000 R11=0000000000000000
R12=0000000000000000 R13=0000000000000000 R14=0000000000000000 R15=0000000000000000
RIP=0000000000100500 RFL=00000216 [----AP-] CPL=0 II=0 A20=1 SMM=0 HLT=0
ES =0010 0000000000000000 ffffffff 00cf9300 DPL=0 DS   [-WA]
CS =0008 0000000000000000 ffffffff 00af9a00 DPL=0 CS64 [-R-]
SS =0010 0000000000000000 ffffffff 00cf9300 DPL=0 DS   [-WA]
DS =0010 0000000000000000 ffffffff 00cf9300 DPL=0 DS   [-WA]
FS =0010 0000000000000000 ffffffff 00cf9300 DPL=0 DS   [-WA]
GS =0010 0000000000000000 ffffffff 00cf9300 DPL=0 DS   [-WA]
LDT=0000 0000000000000000 0000ffff 00008200 DPL=0 LDT
TR =0000 0000000000000000 0000ffff 00008b00 DPL=0 TSS64-busy
GDT=     00000000001918c0 00000017
IDT=     00000000001900a0 00000fff
CR0=80000011 CR2=0000000000000000 CR3=0000000000104000 CR4=00000020
DR0=0000000000000000 DR1=0000000000000000 DR2=0000000000000000 DR3=0000000000000000 
DR6=00000000ffff0ff0 DR7=0000000000000400
CCS=0000000000000014 CCD=0000000000107f58 CCO=EFLAGS
EFER=0000000000000500
Servicing hardware INT=0x20
   488: v=20 e=0000 i=0 cpl=0 IP=0008:0000000000100500 pc=0000000000100500 SP=0010:0000000000107f80 env->regs[R_EAX]=0000000000000000
RAX=0000000000000000 RBX=0000000000000000 RCX=0000000000000002 RDX=00000000000003d5
RSI=0000000000000000 RDI=00000000000003d5 RBP=0000000000107ff0 RSP=0000000000107f80
R8 =0000000000000000 R9 =0000000000000000 R10=0000000000000000 R11=0000000000000000
R12=0000000000000000 R13=0000000000000000 R14=0000000000000000 R15=0000000000000000
RIP=0000000000100500 RFL=00000216 [----AP-] CPL=0 II=0 A20=1 SMM=0 HLT=0
ES =0010 0000000000000000 ffffffff 00cf9300 DPL=0 DS   [-WA]
CS =0008 0000000000000000 ffffffff 00af9a00 DPL=0 CS64 [-R-]
SS =0010 0000000000000000 ffffffff 00cf9300 DPL=0 DS   [-WA]
DS =0010 0000000000000000 ffffffff 00cf9300 DPL=0 DS   [-WA]
FS =0010 0000000000000000 ffffffff 00cf9300 DPL=0 DS   [-WA]
GS =0010 0000000000000000 ffffffff 00cf9300 DPL=0 DS   [-WA]
LDT=0000 0000000000000000 0000ffff 00008200 DPL=0 LDT
TR =0000 0000000000000000 0000ffff 00008b00 DPL=0 TSS64-busy
GDT=     00000000001918c0 00000017
IDT=     00000000001900a0 00000fff
CR0=80000011 CR2=0000000000000000 CR3=0000000000104000 CR4=00000020
DR0=0000000000000000 DR1=0000000000000000 DR2=0000000000000000 DR3=0000000000000000 
DR6=00000000ffff0ff0 DR7=0000000000000400
CCS=0000000000000014 CCD=0000000000107f58 CCO=EFLAGS
EFER=0000000000000500
Servicing hardware INT=0x20
   489: v=20 e=0000 i=0 cpl=0 IP=0008:0000000000100500 pc=0000000000100500 SP=0010:0000000000107f80 env->regs[R_EAX]=0000000000000000
RAX=0000000000000000 RBX=0000000000000000 RCX=0000000000000002 RDX=00000000000003d5
RSI=0000000000000000 RDI=00000000000003d5 RBP=0000000000107ff0 RSP=0000000000107f80
R8 =0000000000000000 R9 =0000000000000000 R10=0000000000000000 R11=0000000000000000
R12=0000000000000000 R13=0000000000000000 R14=0000000000000000 R15=0000000000000000
RIP=0000000000100500 RFL=00000216 [----AP-] CPL=0 II=0 A20=1 SMM=0 HLT=0
ES =0010 0000000000000000 ffffffff 00cf9300 DPL=0 DS   [-WA]
CS =0008 0000000000000000 ffffffff 00af9a00 DPL=0 CS64 [-R-]
SS =0010 0000000000000000 ffffffff 00cf9300 DPL=0 DS   [-WA]
DS =0010 0000000000000000 ffffffff 00cf9300 DPL=0 DS   [-WA]
FS =0010 0000000000000000 ffffffff 00cf9300 DPL=0 DS   [-WA]
GS =0010 0000000000000000 ffffffff 00cf9300 DPL=0 DS   [-WA]
LDT=0000 0000000000000000 0000ffff 00008200 DPL=0 LDT
TR =0000 0000000000000000 0000ffff 00008b00 DPL=0 TSS64-busy
GDT=     00000000001918c0 00000017
IDT=     00000000001900a0 00000fff
CR0=80000011 CR2=0000000000000000 CR3=0000000000104000 CR4=00000020
DR0=0000000000000000 DR1=0000000000000000 DR2=0000000000000000 DR3=0000000000000000 
DR6=00000000ffff0ff0 DR7=0000000000000400
CCS=0000000000000014 CCD=0000000000107f58 CCO=EFLAGS
EFER=0000000000000500
Servicing hardware INT=0x20
   490: v=20 e=0000 i=0 cpl=0 IP=0008:0000000000100500 pc=0000000000100500 SP=0010:0000000000107f80 env->regs[R_EAX]=0000000000000000
RAX=0000000000000000 RBX=0000000000000000 RCX=0000000000000002 RDX=00000000000003d5
RSI=0000000000000000 RDI=00000000000003d5 RBP=0000000000107ff0 RSP=0000000000107f80
R8 =0000000000000000 R9 =0000000000000000 R10=0000000000000000 R11=0000000000000000
R12=0000000000000000 R13=0000000000000000 R14=0000000000000000 R15=0000000000000000
RIP=0000000000100500 RFL=00000216 [----AP-] CPL=0 II=0 A20=1 SMM=0 HLT=0
ES =0010 0000000000000000 ffffffff 00cf9300 DPL=0 DS   [-WA]
CS =0008 0000000000000000 ffffffff 00af9a00 DPL=0 CS64 [-R-]
SS =0010 0000000000000000 ffffffff 00cf9300 DPL=0 DS   [-WA]
DS =0010 0000000000000000 ffffffff 00cf9300 DPL=0 DS   [-WA]
FS =0010 0000000000000000 ffffffff 00cf9300 DPL=0 DS   [-WA]
GS =0010 0000000000000000 ffffffff 00cf9300 DPL=0 DS   [-WA]
LDT=0000 0000000000000000 0000ffff 00008200 DPL=0 LDT
TR =0000 0000000000000000 0000ffff 00008b00 DPL=0 TSS64-busy
GDT=     00000000001918c0 00000017
IDT=     00000000001900a0 00000fff
CR0=80000011 CR2=0000000000000000 CR3=0000000000104000 CR4=00000020
DR0=0000000000000000 DR1=0000000000000000 DR2=0000000000000000 DR3=0000000000000000 
DR6=00000000ffff0ff0 DR7=0000000000000400
CCS=0000000000000014 CCD=0000000000107f58 CCO=EFLAGS
EFER=0000000000000500
Servicing hardware INT=0x20
   491: v=20 e=0000 i=0 cpl=0 IP=0008:0000000000100500 pc=0000000000100500 SP=0010:0000000000107f80 env->regs[R_EAX]=0000000000000000
RAX=0000000000000000 RBX=0000000000000000 RCX=0000000000000002 RDX=00000000000003d5
RSI=0000000000000000 RDI=00000000000003d5 RBP=0000000000107ff0 RSP=0000000000107f80
R8 =0000000000000000 R9 =0000000000000000 R10=0000000000000000 R11=0000000000000000
R12=0000000000000000 R13=0000000000000000 R14=0000000000000000 R15=0000000000000000
RIP=0000000000100500 RFL=00000216 [----AP-] CPL=0 II=0 A20=1 SMM=0 HLT=0
ES =0010 0000000000000000 ffffffff 00cf9300 DPL=0 DS   [-WA]
CS =0008 0000000000000000 ffffffff 00af9a00 DPL=0 CS64 [-R-]
SS =0010 0000000000000000 ffffffff 00cf9300 DPL=0 DS   [-WA]
DS =0010 0000000000000000 ffffffff 00cf9300 DPL=0 DS   [-WA]
FS =0010 0000000000000000 ffffffff 00cf9300 DPL=0 DS   [-WA]
GS =0010 0000000000000000 ffffffff 00cf9300 DPL=0 DS   [-WA]
LDT=0000 0000000000000000 0000ffff 00008200 DPL=0 LDT
TR =0000 0000000000000000 0000ffff 00008b00 DPL=0 TSS64-busy
GDT=     00000000001918c0 00000017
IDT=     00000000001900a0 00000fff
CR0=80000011 CR2=0000000000000000 CR3=0000000000104000 CR4=00000020
DR0=0000000000000000 DR1=0000000000000000 DR2=0000000000000000 DR3=0000000000000000 
DR6=00000000ffff0ff0 DR7=0000000000000400
CCS=0000000000000014 CCD=0000000000107f58 CCO=EFLAGS
EFER=0000000000000500
Servicing hardware INT=0x20
   492: v=20 e=0000 i=0 cpl=0 IP=0008:0000000000100500 pc=0000000000100500 SP=0010:0000000000107f80 env->regs[R_EAX]=0000000000000000
RAX=0000000000000000 RBX=0000000000000000 RCX=0000000000000002 RDX=00000000000003d5
RSI=0000000000000000 RDI=00000000000003d5 RBP=0000000000107ff0 RSP=0000000000107f80
R8 =0000000000000000 R9 =0000000000000000 R10=0000000000000000 R11=0000000000000000
R12=0000000000000000 R13=0000000000000000 R14=0000000000000000 R15=0000000000000000
RIP=0000000000100500 RFL=00000216 [----AP-] CPL=0 II=0 A20=1 SMM=0 HLT=0
ES =0010 0000000000000000 ffffffff 00cf9300 DPL=0 DS   [-WA]
CS =0008 0000000000000000 ffffffff 00af9a00 DPL=0 CS64 [-R-]
SS =0010 0000000000000000 ffffffff 00cf9300 DPL=0 DS   [-WA]
DS =0010 0000000000000000 ffffffff 00cf9300 DPL=0 DS   [-WA]
FS =0010 0000000000000000 ffffffff 00cf9300 DPL=0 DS   [-WA]
GS =0010 0000000000000000 ffffffff 00cf9300 DPL=0 DS   [-WA]
LDT=0000 0000000000000000 0000ffff 00008200 DPL=0 LDT
TR =0000 0000000000000000 0000ffff 00008b00 DPL=0 TSS64-busy
GDT=     00000000001918c0 00000017
IDT=     00000000001900a0 00000fff
CR0=80000011 CR2=0000000000000000 CR3=0000000000104000 CR4=00000020
DR0=0000000000000000 DR1=0000000000000000 DR2=0000000000000000 DR3=0000000000000000 
DR6=00000000ffff0ff0 DR7=0000000000000400
CCS=0000000000000014 CCD=0000000000107f58 CCO=EFLAGS
EFER=0000000000000500
Servicing hardware INT=0x20
   493: v=20 e=0000 i=0 cpl=0 IP=0008:0000000000100500 pc=0000000000100500 SP=0010:0000000000107f80 env->regs[R_EAX]=0000000000000000
RAX=0000000000000000 RBX=0000000000000000 RCX=0000000000000002 RDX=00000000000003d5
RSI=0000000000000000 RDI=00000000000003d5 RBP=0000000000107ff0 RSP=0000000000107f80
R8 =0000000000000000 R9 =0000000000000000 R10=0000000000000000 R11=0000000000000000
R12=0000000000000000 R13=0000000000000000 R14=0000000000000000 R15=0000000000000000
RIP=0000000000100500 RFL=00000216 [----AP-] CPL=0 II=0 A20=1 SMM=0 HLT=0
ES =0010 0000000000000000 ffffffff 00cf9300 DPL=0 DS   [-WA]
CS =0008 0000000000000000 ffffffff 00af9a00 DPL=0 CS64 [-R-]
SS =0010 0000000000000000 ffffffff 00cf9300 DPL=0 DS   [-WA]
DS =0010 0000000000000000 ffffffff 00cf9300 DPL=0 DS   [-WA]
FS =0010 0000000000000000 ffffffff 00cf9300 DPL=0 DS   [-WA]
GS =0010 0000000000000000 ffffffff 00cf9300 DPL=0 DS   [-WA]
LDT=0000 0000000000000000 0000ffff 00008200 DPL=0 LDT
TR =0000 0000000000000000 0000ffff 00008b00 DPL=0 TSS64-busy
GDT=     00000000001918c0 00000017
IDT=     00000000001900a0 00000fff
CR0=80000011 CR2=0000000000000000 CR3=0000000000104000 CR4=00000020
DR0=0000000000000000 DR1=0000000000000000 DR2=0000000000000000 DR3=0000000000000000 
DR6=00000000ffff0ff0 DR7=0000000000000400
CCS=0000000000000014 CCD=0000000000107f58 CCO=EFLAGS
EFER=0000000000000500
Servicing hardware INT=0x20
   494: v=20 e=0000 i=0 cpl=0 IP=0008:0000000000100500 pc=0000000000100500 SP=0010:0000000000107f80 env->regs[R_EAX]=0000000000000000
RAX=0000000000000000 RBX=0000000000000000 RCX=0000000000000002 RDX=00000000000003d5
RSI=0000000000000000 RDI=00000000000003d5 RBP=0000000000107ff0 RSP=0000000000107f80
R8 =0000000000000000 R9 =0000000000000000 R10=0000000000000000 R11=0000000000000000
R12=0000000000000000 R13=0000000000000000 R14=0000000000000000 R15=0000000000000000
RIP=0000000000100500 RFL=00000216 [----AP-] CPL=0 II=0 A20=1 SMM=0 HLT=0
ES =0010 0000000000000000 ffffffff 00cf9300 DPL=0 DS   [-WA]
CS =0008 0000000000000000 ffffffff 00af9a00 DPL=0 CS64 [-R-]
SS =0010 0000000000000000 ffffffff 00cf9300 DPL=0 DS   [-WA]
DS =0010 0000000000000000 ffffffff 00cf9300 DPL=0 DS   [-WA]
FS =0010 0000000000000000 ffffffff 00cf9300 DPL=0 DS   [-WA]
GS =0010 0000000000000000 ffffffff 00cf9300 DPL=0 DS   [-WA]
LDT=0000 0000000000000000 0000ffff 00008200 DPL=0 LDT
TR =0000 0000000000000000 0000ffff 00008b00 DPL=0 TSS64-busy
GDT=     00000000001918c0 00000017
IDT=     00000000001900a0 00000fff
CR0=80000011 CR2=0000000000000000 CR3=0000000000104000 CR4=00000020
DR0=0000000000000000 DR1=0000000000000000 DR2=0000000000000000 DR3=0000000000000000 
DR6=00000000ffff0ff0 DR7=0000000000000400
CCS=0000000000000014 CCD=0000000000107f58 CCO=EFLAGS
EFER=0000000000000500
Servicing hardware INT=0x20
   495: v=20 e=0000 i=0 cpl=0 IP=0008:0000000000100500 pc=0000000000100500 SP=0010:0000000000107f80 env->regs[R_EAX]=0000000000000000
RAX=0000000000000000 RBX=0000000000000000 RCX=0000000000000002 RDX=00000000000003d5
RSI=0000000000000000 RDI=00000000000003d5 RBP=0000000000107ff0 RSP=0000000000107f80
R8 =0000000000000000 R9 =0000000000000000 R10=0000000000000000 R11=0000000000000000
R12=0000000000000000 R13=0000000000000000 R14=0000000000000000 R15=0000000000000000
RIP=0000000000100500 RFL=00000216 [----AP-] CPL=0 II=0 A20=1 SMM=0 HLT=0
ES =0010 0000000000000000 ffffffff 00cf9300 DPL=0 DS   [-WA]
CS =0008 0000000000000000 ffffffff 00af9a00 DPL=0 CS64 [-R-]
SS =0010 0000000000000000 ffffffff 00cf9300 DPL=0 DS   [-WA]
DS =0010 0000000000000000 ffffffff 00cf9300 DPL=0 DS   [-WA]
FS =0010 0000000000000000 ffffffff 00cf9300 DPL=0 DS   [-WA]
GS =0010 0000000000000000 ffffffff 00cf9300 DPL=0 DS   [-WA]
LDT=0000 0000000000000000 0000ffff 00008200 DPL=0 LDT
TR =0000 0000000000000000 0000ffff 00008b00 DPL=0 TSS64-busy
GDT=     00000000001918c0 00000017
IDT=     00000000001900a0 00000fff
CR0=80000011 CR2=0000000000000000 CR3=0000000000104000 CR4=00000020
DR0=0000000000000000 DR1=0000000000000000 DR2=0000000000000000 DR3=0000000000000000 
DR6=00000000ffff0ff0 DR7=0000000000000400
CCS=0000000000000014 CCD=0000000000107f58 CCO=EFLAGS
EFER=0000000000000500
Servicing hardware INT=0x20
   496: v=20 e=0000 i=0 cpl=0 IP=0008:0000000000100500 pc=0000000000100500 SP=0010:0000000000107f80 env->regs[R_EAX]=0000000000000000
RAX=0000000000000000 RBX=0000000000000000 RCX=0000000000000002 RDX=00000000000003d5
RSI=0000000000000000 RDI=00000000000003d5 RBP=0000000000107ff0 RSP=0000000000107f80
R8 =0000000000000000 R9 =0000000000000000 R10=0000000000000000 R11=0000000000000000
R12=0000000000000000 R13=0000000000000000 R14=0000000000000000 R15=0000000000000000
RIP=0000000000100500 RFL=00000216 [----AP-] CPL=0 II=0 A20=1 SMM=0 HLT=0
ES =0010 0000000000000000 ffffffff 00cf9300 DPL=0 DS   [-WA]
CS =0008 0000000000000000 ffffffff 00af9a00 DPL=0 CS64 [-R-]
SS =0010 0000000000000000 ffffffff 00cf9300 DPL=0 DS   [-WA]
DS =0010 0000000000000000 ffffffff 00cf9300 DPL=0 DS   [-WA]
FS =0010 0000000000000000 ffffffff 00cf9300 DPL=0 DS   [-WA]
GS =0010 0000000000000000 ffffffff 00cf9300 DPL=0 DS   [-WA]
LDT=0000 0000000000000000 0000ffff 00008200 DPL=0 LDT
TR =0000 0000000000000000 0000ffff 00008b00 DPL=0 TSS64-busy
GDT=     00000000001918c0 00000017
IDT=     00000000001900a0 00000fff
CR0=80000011 CR2=0000000000000000 CR3=0000000000104000 CR4=00000020
DR0=0000000000000000 DR1=0000000000000000 DR2=0000000000000000 DR3=0000000000000000 
DR6=00000000ffff0ff0 DR7=0000000000000400
CCS=0000000000000014 CCD=0000000000107f58 CCO=EFLAGS
EFER=0000000000000500
Servicing hardware INT=0x20
   497: v=20 e=0000 i=0 cpl=0 IP=0008:0000000000100500 pc=0000000000100500 SP=0010:0000000000107f80 env->regs[R_EAX]=0000000000000000
RAX=0000000000000000 RBX=0000000000000000 RCX=0000000000000002 RDX=00000000000003d5
RSI=0000000000000000 RDI=00000000000003d5 RBP=0000000000107ff0 RSP=0000000000107f80
R8 =0000000000000000 R9 =0000000000000000 R10=0000000000000000 R11=0000000000000000
R12=0000000000000000 R13=0000000000000000 R14=0000000000000000 R15=0000000000000000
RIP=0000000000100500 RFL=00000216 [----AP-] CPL=0 II=0 A20=1 SMM=0 HLT=0
ES =0010 0000000000000000 ffffffff 00cf9300 DPL=0 DS   [-WA]
CS =0008 0000000000000000 ffffffff 00af9a00 DPL=0 CS64 [-R-]
SS =0010 0000000000000000 ffffffff 00cf9300 DPL=0 DS   [-WA]
DS =0010 0000000000000000 ffffffff 00cf9300 DPL=0 DS   [-WA]
FS =0010 0000000000000000 ffffffff 00cf9300 DPL=0 DS   [-WA]
GS =0010 0000000000000000 ffffffff 00cf9300 DPL=0 DS   [-WA]
LDT=0000 0000000000000000 0000ffff 00008200 DPL=0 LDT
TR =0000 0000000000000000 0000ffff 00008b00 DPL=0 TSS64-busy
GDT=     00000000001918c0 00000017
IDT=     00000000001900a0 00000fff
CR0=80000011 CR2=0000000000000000 CR3=0000000000104000 CR4=00000020
DR0=0000000000000000 DR1=0000000000000000 DR2=0000000000000000 DR3=0000000000000000 
DR6=00000000ffff0ff0 DR7=0000000000000400
CCS=0000000000000014 CCD=0000000000107f58 CCO=EFLAGS
EFER=0000000000000500
Servicing hardware INT=0x20
   498: v=20 e=0000 i=0 cpl=0 IP=0008:0000000000100500 pc=0000000000100500 SP=0010:0000000000107f80 env->regs[R_EAX]=0000000000000000
RAX=0000000000000000 RBX=0000000000000000 RCX=0000000000000002 RDX=00000000000003d5
RSI=0000000000000000 RDI=00000000000003d5 RBP=0000000000107ff0 RSP=0000000000107f80
R8 =0000000000000000 R9 =0000000000000000 R10=0000000000000000 R11=0000000000000000
R12=0000000000000000 R13=0000000000000000 R14=0000000000000000 R15=0000000000000000
RIP=0000000000100500 RFL=00000216 [----AP-] CPL=0 II=0 A20=1 SMM=0 HLT=0
ES =0010 0000000000000000 ffffffff 00cf9300 DPL=0 DS   [-WA]
CS =0008 0000000000000000 ffffffff 00af9a00 DPL=0 CS64 [-R-]
SS =0010 0000000000000000 ffffffff 00cf9300 DPL=0 DS   [-WA]
DS =0010 0000000000000000 ffffffff 00cf9300 DPL=0 DS   [-WA]
FS =0010 0000000000000000 ffffffff 00cf9300 DPL=0 DS   [-WA]
GS =0010 0000000000000000 ffffffff 00cf9300 DPL=0 DS   [-WA]
LDT=0000 0000000000000000 0000ffff 00008200 DPL=0 LDT
TR =0000 0000000000000000 0000ffff 00008b00 DPL=0 TSS64-busy
GDT=     00000000001918c0 00000017
IDT=     00000000001900a0 00000fff
CR0=80000011 CR2=0000000000000000 CR3=0000000000104000 CR4=00000020
DR0=0000000000000000 DR1=0000000000000000 DR2=0000000000000000 DR3=0000000000000000 
DR6=00000000ffff0ff0 DR7=0000000000000400
CCS=0000000000000014 CCD=0000000000107f58 CCO=EFLAGS
EFER=0000000000000500
Servicing hardware INT=0x20
   499: v=20 e=0000 i=0 cpl=0 IP=0008:0000000000100500 pc=0000000000100500 SP=0010:0000000000107f80 env->regs[R_EAX]=0000000000000000
RAX=0000000000000000 RBX=0000000000000000 RCX=0000000000000002 RDX=00000000000003d5
RSI=0000000000000000 RDI=00000000000003d5 RBP=0000000000107ff0 RSP=0000000000107f80
R8 =0000000000000000 R9 =0000000000000000 R10=0000000000000000 R11=0000000000000000
R12=0000000000000000 R13=0000000000000000 R14=0000000000000000 R15=0000000000000000
RIP=0000000000100500 RFL=00000216 [----AP-] CPL=0 II=0 A20=1 SMM=0 HLT=0
ES =0010 0000000000000000 ffffffff 00cf9300 DPL=0 DS   [-WA]
CS =0008 0000000000000000 ffffffff 00af9a00 DPL=0 CS64 [-R-]
SS =0010 0000000000000000 ffffffff 00cf9300 DPL=0 DS   [-WA]
DS =0010 0000000000000000 ffffffff 00cf9300 DPL=0 DS   [-WA]
FS =0010 0000000000000000 ffffffff 00cf9300 DPL=0 DS   [-WA]
GS =0010 0000000000000000 ffffffff 00cf9300 DPL=0 DS   [-WA]
LDT=0000 0000000000000000 0000ffff 00008200 DPL=0 LDT
TR =0000 0000000000000000 0000ffff 00008b00 DPL=0 TSS64-busy
GDT=     00000000001918c0 00000017
IDT=     00000000001900a0 00000fff
CR0=80000011 CR2=0000000000000000 CR3=0000000000104000 CR4=00000020
DR0=0000000000000000 DR1=0000000000000000 DR2=0000000000000000 DR3=0000000000000000 
DR6=00000000ffff0ff0 DR7=0000000000000400
CCS=0000000000000014 CCD=0000000000107f58 CCO=EFLAGS
EFER=0000000000000500
Servicing hardware INT=0x21
   500: v=21 e=0000 i=0 cpl=0 IP=0008:0000000000100500 pc=0000000000100500 SP=0010:0000000000107f80 env->regs[R_EAX]=0000000000000000
RAX=0000000000000000 RBX=0000000000000000 RCX=0000000000000002 RDX=00000000000003d5
RSI=0000000000000000 RDI=00000000000003d5 RBP=0000000000107ff0 RSP=0000000000107f80
R8 =0000000000000000 R9 =0000000000000000 R10=0000000000000000 R11=0000000000000000
R12=0000000000000000 R13=0000000000000000 R14=0000000000000000 R15=0000000000000000
RIP=0000000000100500 RFL=00000216 [----AP-] CPL=0 II=0 A20=1 SMM=0 HLT=0
ES =0010 0000000000000000 ffffffff 00cf9300 DPL=0 DS   [-WA]
CS =0008 0000000000000000 ffffffff 00af9a00 DPL=0 CS64 [-R-]
SS =0010 0000000000000000 ffffffff 00cf9300 DPL=0 DS   [-WA]
DS =0010 0000000000000000 ffffffff 00cf9300 DPL=0 DS   [-WA]
FS =0010 0000000000000000 ffffffff 00cf9300 DPL=0 DS   [-WA]
GS =0010 0000000000000000 ffffffff 00cf9300 DPL=0 DS   [-WA]
LDT=0000 0000000000000000 0000ffff 00008200 DPL=0 LDT
TR =0000 0000000000000000 0000ffff 00008b00 DPL=0 TSS64-busy
GDT=     00000000001918c0 00000017
IDT=     00000000001900a0 00000fff
CR0=80000011 CR2=0000000000000000 CR3=0000000000104000 CR4=00000020
DR0=0000000000000000 DR1=0000000000000000 DR2=0000000000000000 DR3=0000000000000000 
DR6=00000000ffff0ff0 DR7=0000000000000400
CCS=0000000000000014 CCD=0000000000107f58 CCO=EFLAGS
EFER=0000000000000500
Servicing hardware INT=0x21
   501: v=21 e=0000 i=0 cpl=0 IP=0008:0000000000100500 pc=0000000000100500 SP=0010:0000000000107f80 env->regs[R_EAX]=0000000000000000
RAX=0000000000000000 RBX=0000000000000000 RCX=0000000000000002 RDX=00000000000003d5
RSI=0000000000000000 RDI=00000000000003d5 RBP=0000000000107ff0 RSP=0000000000107f80
R8 =0000000000000000 R9 =0000000000000000 R10=0000000000000000 R11=0000000000000000
R12=0000000000000000 R13=0000000000000000 R14=0000000000000000 R15=0000000000000000
RIP=0000000000100500 RFL=00000216 [----AP-] CPL=0 II=0 A20=1 SMM=0 HLT=0
ES =0010 0000000000000000 ffffffff 00cf9300 DPL=0 DS   [-WA]
CS =0008 0000000000000000 ffffffff 00af9a00 DPL=0 CS64 [-R-]
SS =0010 0000000000000000 ffffffff 00cf9300 DPL=0 DS   [-WA]
DS =0010 0000000000000000 ffffffff 00cf9300 DPL=0 DS   [-WA]
FS =0010 0000000000000000 ffffffff 00cf9300 DPL=0 DS   [-WA]
GS =0010 0000000000000000 ffffffff 00cf9300 DPL=0 DS   [-WA]
LDT=0000 0000000000000000 0000ffff 00008200 DPL=0 LDT
TR =0000 0000000000000000 0000ffff 00008b00 DPL=0 TSS64-busy
GDT=     00000000001918c0 00000017
IDT=     00000000001900a0 00000fff
CR0=80000011 CR2=0000000000000000 CR3=0000000000104000 CR4=00000020
DR0=0000000000000000 DR1=0000000000000000 DR2=0000000000000000 DR3=0000000000000000 
DR6=00000000ffff0ff0 DR7=0000000000000400
CCS=0000000000000014 CCD=0000000000107f58 CCO=EFLAGS
EFER=0000000000000500
Servicing hardware INT=0x20
   502: v=20 e=0000 i=0 cpl=0 IP=0008:0000000000100500 pc=0000000000100500 SP=0010:0000000000107f80 env->regs[R_EAX]=0000000000000000
RAX=0000000000000000 RBX=0000000000000000 RCX=0000000000000002 RDX=00000000000003d5
RSI=0000000000000000 RDI=00000000000003d5 RBP=0000000000107ff0 RSP=0000000000107f80
R8 =0000000000000000 R9 =0000000000000000 R10=0000000000000000 R11=0000000000000000
R12=0000000000000000 R13=0000000000000000 R14=0000000000000000 R15=0000000000000000
RIP=0000000000100500 RFL=00000216 [----AP-] CPL=0 II=0 A20=1 SMM=0 HLT=0
ES =0010 0000000000000000 ffffffff 00cf9300 DPL=0 DS   [-WA]
CS =0008 0000000000000000 ffffffff 00af9a00 DPL=0 CS64 [-R-]
SS =0010 0000000000000000 ffffffff 00cf9300 DPL=0 DS   [-WA]
DS =0010 0000000000000000 ffffffff 00cf9300 DPL=0 DS   [-WA]
FS =0010 0000000000000000 ffffffff 00cf9300 DPL=0 DS   [-WA]
GS =0010 0000000000000000 ffffffff 00cf9300 DPL=0 DS   [-WA]
LDT=0000 0000000000000000 0000ffff 00008200 DPL=0 LDT
TR =0000 0000000000000000 0000ffff 00008b00 DPL=0 TSS64-busy
GDT=     00000000001918c0 00000017
IDT=     00000000001900a0 00000fff
CR0=80000011 CR2=0000000000000000 CR3=0000000000104000 CR4=00000020
DR0=0000000000000000 DR1=0000000000000000 DR2=0000000000000000 DR3=0000000000000000 
DR6=00000000ffff0ff0 DR7=0000000000000400
CCS=0000000000000014 CCD=0000000000107f58 CCO=EFLAGS
EFER=0000000000000500
Servicing hardware INT=0x20
   503: v=20 e=0000 i=0 cpl=0 IP=0008:0000000000100500 pc=0000000000100500 SP=0010:0000000000107f80 env->regs[R_EAX]=0000000000000000
RAX=0000000000000000 RBX=0000000000000000 RCX=0000000000000002 RDX=00000000000003d5
RSI=0000000000000000 RDI=00000000000003d5 RBP=0000000000107ff0 RSP=0000000000107f80
R8 =0000000000000000 R9 =0000000000000000 R10=0000000000000000 R11=0000000000000000
R12=0000000000000000 R13=0000000000000000 R14=0000000000000000 R15=0000000000000000
RIP=0000000000100500 RFL=00000216 [----AP-] CPL=0 II=0 A20=1 SMM=0 HLT=0
ES =0010 0000000000000000 ffffffff 00cf9300 DPL=0 DS   [-WA]
CS =0008 0000000000000000 ffffffff 00af9a00 DPL=0 CS64 [-R-]
SS =0010 0000000000000000 ffffffff 00cf9300 DPL=0 DS   [-WA]
DS =0010 0000000000000000 ffffffff 00cf9300 DPL=0 DS   [-WA]
FS =0010 0000000000000000 ffffffff 00cf9300 DPL=0 DS   [-WA]
GS =0010 0000000000000000 ffffffff 00cf9300 DPL=0 DS   [-WA]
LDT=0000 0000000000000000 0000ffff 00008200 DPL=0 LDT
TR =0000 0000000000000000 0000ffff 00008b00 DPL=0 TSS64-busy
GDT=     00000000001918c0 00000017
IDT=     00000000001900a0 00000fff
CR0=80000011 CR2=0000000000000000 CR3=0000000000104000 CR4=00000020
DR0=0000000000000000 DR1=0000000000000000 DR2=0000000000000000 DR3=0000000000000000 
DR6=00000000ffff0ff0 DR7=0000000000000400
CCS=0000000000000014 CCD=0000000000107f58 CCO=EFLAGS
EFER=0000000000000500
Servicing hardware INT=0x20
   504: v=20 e=0000 i=0 cpl=0 IP=0008:0000000000100500 pc=0000000000100500 SP=0010:0000000000107f80 env->regs[R_EAX]=0000000000000000
RAX=0000000000000000 RBX=0000000000000000 RCX=0000000000000002 RDX=00000000000003d5
RSI=0000000000000000 RDI=00000000000003d5 RBP=0000000000107ff0 RSP=0000000000107f80
R8 =0000000000000000 R9 =0000000000000000 R10=0000000000000000 R11=0000000000000000
R12=0000000000000000 R13=0000000000000000 R14=0000000000000000 R15=0000000000000000
RIP=0000000000100500 RFL=00000216 [----AP-] CPL=0 II=0 A20=1 SMM=0 HLT=0
ES =0010 0000000000000000 ffffffff 00cf9300 DPL=0 DS   [-WA]
CS =0008 0000000000000000 ffffffff 00af9a00 DPL=0 CS64 [-R-]
SS =0010 0000000000000000 ffffffff 00cf9300 DPL=0 DS   [-WA]
DS =0010 0000000000000000 ffffffff 00cf9300 DPL=0 DS   [-WA]
FS =0010 0000000000000000 ffffffff 00cf9300 DPL=0 DS   [-WA]
GS =0010 0000000000000000 ffffffff 00cf9300 DPL=0 DS   [-WA]
LDT=0000 0000000000000000 0000ffff 00008200 DPL=0 LDT
TR =0000 0000000000000000 0000ffff 00008b00 DPL=0 TSS64-busy
GDT=     00000000001918c0 00000017
IDT=     00000000001900a0 00000fff
CR0=80000011 CR2=0000000000000000 CR3=0000000000104000 CR4=00000020
DR0=0000000000000000 DR1=0000000000000000 DR2=0000000000000000 DR3=0000000000000000 
DR6=00000000ffff0ff0 DR7=0000000000000400
CCS=0000000000000014 CCD=0000000000107f58 CCO=EFLAGS
EFER=0000000000000500
Servicing hardware INT=0x20
   505: v=20 e=0000 i=0 cpl=0 IP=0008:0000000000100500 pc=0000000000100500 SP=0010:0000000000107f80 env->regs[R_EAX]=0000000000000000
RAX=0000000000000000 RBX=0000000000000000 RCX=0000000000000002 RDX=00000000000003d5
RSI=0000000000000000 RDI=00000000000003d5 RBP=0000000000107ff0 RSP=0000000000107f80
R8 =0000000000000000 R9 =0000000000000000 R10=0000000000000000 R11=0000000000000000
R12=0000000000000000 R13=0000000000000000 R14=0000000000000000 R15=0000000000000000
RIP=0000000000100500 RFL=00000216 [----AP-] CPL=0 II=0 A20=1 SMM=0 HLT=0
ES =0010 0000000000000000 ffffffff 00cf9300 DPL=0 DS   [-WA]
CS =0008 0000000000000000 ffffffff 00af9a00 DPL=0 CS64 [-R-]
SS =0010 0000000000000000 ffffffff 00cf9300 DPL=0 DS   [-WA]
DS =0010 0000000000000000 ffffffff 00cf9300 DPL=0 DS   [-WA]
FS =0010 0000000000000000 ffffffff 00cf9300 DPL=0 DS   [-WA]
GS =0010 0000000000000000 ffffffff 00cf9300 DPL=0 DS   [-WA]
LDT=0000 0000000000000000 0000ffff 00008200 DPL=0 LDT
TR =0000 0000000000000000 0000ffff 00008b00 DPL=0 TSS64-busy
GDT=     00000000001918c0 00000017
IDT=     00000000001900a0 00000fff
CR0=80000011 CR2=0000000000000000 CR3=0000000000104000 CR4=00000020
DR0=0000000000000000 DR1=0000000000000000 DR2=0000000000000000 DR3=0000000000000000 
DR6=00000000ffff0ff0 DR7=0000000000000400
CCS=0000000000000014 CCD=0000000000107f58 CCO=EFLAGS
EFER=0000000000000500
Servicing hardware INT=0x20
   506: v=20 e=0000 i=0 cpl=0 IP=0008:0000000000100500 pc=0000000000100500 SP=0010:0000000000107f80 env->regs[R_EAX]=0000000000000000
RAX=0000000000000000 RBX=0000000000000000 RCX=0000000000000002 RDX=00000000000003d5
RSI=0000000000000000 RDI=00000000000003d5 RBP=0000000000107ff0 RSP=0000000000107f80
R8 =0000000000000000 R9 =0000000000000000 R10=0000000000000000 R11=0000000000000000
R12=0000000000000000 R13=0000000000000000 R14=0000000000000000 R15=0000000000000000
RIP=0000000000100500 RFL=00000216 [----AP-] CPL=0 II=0 A20=1 SMM=0 HLT=0
ES =0010 0000000000000000 ffffffff 00cf9300 DPL=0 DS   [-WA]
CS =0008 0000000000000000 ffffffff 00af9a00 DPL=0 CS64 [-R-]
SS =0010 0000000000000000 ffffffff 00cf9300 DPL=0 DS   [-WA]
DS =0010 0000000000000000 ffffffff 00cf9300 DPL=0 DS   [-WA]
FS =0010 0000000000000000 ffffffff 00cf9300 DPL=0 DS   [-WA]
GS =0010 0000000000000000 ffffffff 00cf9300 DPL=0 DS   [-WA]
LDT=0000 0000000000000000 0000ffff 00008200 DPL=0 LDT
TR =0000 0000000000000000 0000ffff 00008b00 DPL=0 TSS64-busy
GDT=     00000000001918c0 00000017
IDT=     00000000001900a0 00000fff
CR0=80000011 CR2=0000000000000000 CR3=0000000000104000 CR4=00000020
DR0=0000000000000000 DR1=0000000000000000 DR2=0000000000000000 DR3=0000000000000000 
DR6=00000000ffff0ff0 DR7=0000000000000400
CCS=0000000000000014 CCD=0000000000107f58 CCO=EFLAGS
EFER=0000000000000500
Servicing hardware INT=0x20
   507: v=20 e=0000 i=0 cpl=0 IP=0008:0000000000100500 pc=0000000000100500 SP=0010:0000000000107f80 env->regs[R_EAX]=0000000000000000
RAX=0000000000000000 RBX=0000000000000000 RCX=0000000000000002 RDX=00000000000003d5
RSI=0000000000000000 RDI=00000000000003d5 RBP=0000000000107ff0 RSP=0000000000107f80
R8 =0000000000000000 R9 =0000000000000000 R10=0000000000000000 R11=0000000000000000
R12=0000000000000000 R13=0000000000000000 R14=0000000000000000 R15=0000000000000000
RIP=0000000000100500 RFL=00000216 [----AP-] CPL=0 II=0 A20=1 SMM=0 HLT=0
ES =0010 0000000000000000 ffffffff 00cf9300 DPL=0 DS   [-WA]
CS =0008 0000000000000000 ffffffff 00af9a00 DPL=0 CS64 [-R-]
SS =0010 0000000000000000 ffffffff 00cf9300 DPL=0 DS   [-WA]
DS =0010 0000000000000000 ffffffff 00cf9300 DPL=0 DS   [-WA]
FS =0010 0000000000000000 ffffffff 00cf9300 DPL=0 DS   [-WA]
GS =0010 0000000000000000 ffffffff 00cf9300 DPL=0 DS   [-WA]
LDT=0000 0000000000000000 0000ffff 00008200 DPL=0 LDT
TR =0000 0000000000000000 0000ffff 00008b00 DPL=0 TSS64-busy
GDT=     00000000001918c0 00000017
IDT=     00000000001900a0 00000fff
CR0=80000011 CR2=0000000000000000 CR3=0000000000104000 CR4=00000020
DR0=0000000000000000 DR1=0000000000000000 DR2=0000000000000000 DR3=0000000000000000 
DR6=00000000ffff0ff0 DR7=0000000000000400
CCS=0000000000000014 CCD=0000000000107f58 CCO=EFLAGS
EFER=0000000000000500
Servicing hardware INT=0x20
   508: v=20 e=0000 i=0 cpl=0 IP=0008:0000000000100500 pc=0000000000100500 SP=0010:0000000000107f80 env->regs[R_EAX]=0000000000000000
RAX=0000000000000000 RBX=0000000000000000 RCX=0000000000000002 RDX=00000000000003d5
RSI=0000000000000000 RDI=00000000000003d5 RBP=0000000000107ff0 RSP=0000000000107f80
R8 =0000000000000000 R9 =0000000000000000 R10=0000000000000000 R11=0000000000000000
R12=0000000000000000 R13=0000000000000000 R14=0000000000000000 R15=0000000000000000
RIP=0000000000100500 RFL=00000216 [----AP-] CPL=0 II=0 A20=1 SMM=0 HLT=0
ES =0010 0000000000000000 ffffffff 00cf9300 DPL=0 DS   [-WA]
CS =0008 0000000000000000 ffffffff 00af9a00 DPL=0 CS64 [-R-]
SS =0010 0000000000000000 ffffffff 00cf9300 DPL=0 DS   [-WA]
DS =0010 0000000000000000 ffffffff 00cf9300 DPL=0 DS   [-WA]
FS =0010 0000000000000000 ffffffff 00cf9300 DPL=0 DS   [-WA]
GS =0010 0000000000000000 ffffffff 00cf9300 DPL=0 DS   [-WA]
LDT=0000 0000000000000000 0000ffff 00008200 DPL=0 LDT
TR =0000 0000000000000000 0000ffff 00008b00 DPL=0 TSS64-busy
GDT=     00000000001918c0 00000017
IDT=     00000000001900a0 00000fff
CR0=80000011 CR2=0000000000000000 CR3=0000000000104000 CR4=00000020
DR0=0000000000000000 DR1=0000000000000000 DR2=0000000000000000 DR3=0000000000000000 
DR6=00000000ffff0ff0 DR7=0000000000000400
CCS=0000000000000014 CCD=0000000000107f58 CCO=EFLAGS
EFER=0000000000000500
Servicing hardware INT=0x20
   509: v=20 e=0000 i=0 cpl=0 IP=0008:0000000000100500 pc=0000000000100500 SP=0010:0000000000107f80 env->regs[R_EAX]=0000000000000000
RAX=0000000000000000 RBX=0000000000000000 RCX=0000000000000002 RDX=00000000000003d5
RSI=0000000000000000 RDI=00000000000003d5 RBP=0000000000107ff0 RSP=0000000000107f80
R8 =0000000000000000 R9 =0000000000000000 R10=0000000000000000 R11=0000000000000000
R12=0000000000000000 R13=0000000000000000 R14=0000000000000000 R15=0000000000000000
RIP=0000000000100500 RFL=00000216 [----AP-] CPL=0 II=0 A20=1 SMM=0 HLT=0
ES =0010 0000000000000000 ffffffff 00cf9300 DPL=0 DS   [-WA]
CS =0008 0000000000000000 ffffffff 00af9a00 DPL=0 CS64 [-R-]
SS =0010 0000000000000000 ffffffff 00cf9300 DPL=0 DS   [-WA]
DS =0010 0000000000000000 ffffffff 00cf9300 DPL=0 DS   [-WA]
FS =0010 0000000000000000 ffffffff 00cf9300 DPL=0 DS   [-WA]
GS =0010 0000000000000000 ffffffff 00cf9300 DPL=0 DS   [-WA]
LDT=0000 0000000000000000 0000ffff 00008200 DPL=0 LDT
TR =0000 0000000000000000 0000ffff 00008b00 DPL=0 TSS64-busy
GDT=     00000000001918c0 00000017
IDT=     00000000001900a0 00000fff
CR0=80000011 CR2=0000000000000000 CR3=0000000000104000 CR4=00000020
DR0=0000000000000000 DR1=0000000000000000 DR2=0000000000000000 DR3=0000000000000000 
DR6=00000000ffff0ff0 DR7=0000000000000400
CCS=0000000000000014 CCD=0000000000107f58 CCO=EFLAGS
EFER=0000000000000500
Servicing hardware INT=0x20
   510: v=20 e=0000 i=0 cpl=0 IP=0008:0000000000100500 pc=0000000000100500 SP=0010:0000000000107f80 env->regs[R_EAX]=0000000000000000
RAX=0000000000000000 RBX=0000000000000000 RCX=0000000000000002 RDX=00000000000003d5
RSI=0000000000000000 RDI=00000000000003d5 RBP=0000000000107ff0 RSP=0000000000107f80
R8 =0000000000000000 R9 =0000000000000000 R10=0000000000000000 R11=0000000000000000
R12=0000000000000000 R13=0000000000000000 R14=0000000000000000 R15=0000000000000000
RIP=0000000000100500 RFL=00000216 [----AP-] CPL=0 II=0 A20=1 SMM=0 HLT=0
ES =0010 0000000000000000 ffffffff 00cf9300 DPL=0 DS   [-WA]
CS =0008 0000000000000000 ffffffff 00af9a00 DPL=0 CS64 [-R-]
SS =0010 0000000000000000 ffffffff 00cf9300 DPL=0 DS   [-WA]
DS =0010 0000000000000000 ffffffff 00cf9300 DPL=0 DS   [-WA]
FS =0010 0000000000000000 ffffffff 00cf9300 DPL=0 DS   [-WA]
GS =0010 0000000000000000 ffffffff 00cf9300 DPL=0 DS   [-WA]
LDT=0000 0000000000000000 0000ffff 00008200 DPL=0 LDT
TR =0000 0000000000000000 0000ffff 00008b00 DPL=0 TSS64-busy
GDT=     00000000001918c0 00000017
IDT=     00000000001900a0 00000fff
CR0=80000011 CR2=0000000000000000 CR3=0000000000104000 CR4=00000020
DR0=0000000000000000 DR1=0000000000000000 DR2=0000000000000000 DR3=0000000000000000 
DR6=00000000ffff0ff0 DR7=0000000000000400
CCS=0000000000000014 CCD=0000000000107f58 CCO=EFLAGS
EFER=0000000000000500
Servicing hardware INT=0x20
   511: v=20 e=0000 i=0 cpl=0 IP=0008:0000000000100500 pc=0000000000100500 SP=0010:0000000000107f80 env->regs[R_EAX]=0000000000000000
RAX=0000000000000000 RBX=0000000000000000 RCX=0000000000000002 RDX=00000000000003d5
RSI=0000000000000000 RDI=00000000000003d5 RBP=0000000000107ff0 RSP=0000000000107f80
R8 =0000000000000000 R9 =0000000000000000 R10=0000000000000000 R11=0000000000000000
R12=0000000000000000 R13=0000000000000000 R14=0000000000000000 R15=0000000000000000
RIP=0000000000100500 RFL=00000216 [----AP-] CPL=0 II=0 A20=1 SMM=0 HLT=0
ES =0010 0000000000000000 ffffffff 00cf9300 DPL=0 DS   [-WA]
CS =0008 0000000000000000 ffffffff 00af9a00 DPL=0 CS64 [-R-]
SS =0010 0000000000000000 ffffffff 00cf9300 DPL=0 DS   [-WA]
DS =0010 0000000000000000 ffffffff 00cf9300 DPL=0 DS   [-WA]
FS =0010 0000000000000000 ffffffff 00cf9300 DPL=0 DS   [-WA]
GS =0010 0000000000000000 ffffffff 00cf9300 DPL=0 DS   [-WA]
LDT=0000 0000000000000000 0000ffff 00008200 DPL=0 LDT
TR =0000 0000000000000000 0000ffff 00008b00 DPL=0 TSS64-busy
GDT=     00000000001918c0 00000017
IDT=     00000000001900a0 00000fff
CR0=80000011 CR2=0000000000000000 CR3=0000000000104000 CR4=00000020
DR0=0000000000000000 DR1=0000000000000000 DR2=0000000000000000 DR3=0000000000000000 
DR6=00000000ffff0ff0 DR7=0000000000000400
CCS=0000000000000014 CCD=0000000000107f58 CCO=EFLAGS
EFER=0000000000000500
Servicing hardware INT=0x20
   512: v=20 e=0000 i=0 cpl=0 IP=0008:0000000000100500 pc=0000000000100500 SP=0010:0000000000107f80 env->regs[R_EAX]=0000000000000000
RAX=0000000000000000 RBX=0000000000000000 RCX=0000000000000002 RDX=00000000000003d5
RSI=0000000000000000 RDI=00000000000003d5 RBP=0000000000107ff0 RSP=0000000000107f80
R8 =0000000000000000 R9 =0000000000000000 R10=0000000000000000 R11=0000000000000000
R12=0000000000000000 R13=0000000000000000 R14=0000000000000000 R15=0000000000000000
RIP=0000000000100500 RFL=00000216 [----AP-] CPL=0 II=0 A20=1 SMM=0 HLT=0
ES =0010 0000000000000000 ffffffff 00cf9300 DPL=0 DS   [-WA]
CS =0008 0000000000000000 ffffffff 00af9a00 DPL=0 CS64 [-R-]
SS =0010 0000000000000000 ffffffff 00cf9300 DPL=0 DS   [-WA]
DS =0010 0000000000000000 ffffffff 00cf9300 DPL=0 DS   [-WA]
FS =0010 0000000000000000 ffffffff 00cf9300 DPL=0 DS   [-WA]
GS =0010 0000000000000000 ffffffff 00cf9300 DPL=0 DS   [-WA]
LDT=0000 0000000000000000 0000ffff 00008200 DPL=0 LDT
TR =0000 0000000000000000 0000ffff 00008b00 DPL=0 TSS64-busy
GDT=     00000000001918c0 00000017
IDT=     00000000001900a0 00000fff
CR0=80000011 CR2=0000000000000000 CR3=0000000000104000 CR4=00000020
DR0=0000000000000000 DR1=0000000000000000 DR2=0000000000000000 DR3=0000000000000000 
DR6=00000000ffff0ff0 DR7=0000000000000400
CCS=0000000000000014 CCD=0000000000107f58 CCO=EFLAGS
EFER=0000000000000500
Servicing hardware INT=0x20
   513: v=20 e=0000 i=0 cpl=0 IP=0008:0000000000100500 pc=0000000000100500 SP=0010:0000000000107f80 env->regs[R_EAX]=0000000000000000
RAX=0000000000000000 RBX=0000000000000000 RCX=0000000000000002 RDX=00000000000003d5
RSI=0000000000000000 RDI=00000000000003d5 RBP=0000000000107ff0 RSP=0000000000107f80
R8 =0000000000000000 R9 =0000000000000000 R10=0000000000000000 R11=0000000000000000
R12=0000000000000000 R13=0000000000000000 R14=0000000000000000 R15=0000000000000000
RIP=0000000000100500 RFL=00000216 [----AP-] CPL=0 II=0 A20=1 SMM=0 HLT=0
ES =0010 0000000000000000 ffffffff 00cf9300 DPL=0 DS   [-WA]
CS =0008 0000000000000000 ffffffff 00af9a00 DPL=0 CS64 [-R-]
SS =0010 0000000000000000 ffffffff 00cf9300 DPL=0 DS   [-WA]
DS =0010 0000000000000000 ffffffff 00cf9300 DPL=0 DS   [-WA]
FS =0010 0000000000000000 ffffffff 00cf9300 DPL=0 DS   [-WA]
GS =0010 0000000000000000 ffffffff 00cf9300 DPL=0 DS   [-WA]
LDT=0000 0000000000000000 0000ffff 00008200 DPL=0 LDT
TR =0000 0000000000000000 0000ffff 00008b00 DPL=0 TSS64-busy
GDT=     00000000001918c0 00000017
IDT=     00000000001900a0 00000fff
CR0=80000011 CR2=0000000000000000 CR3=0000000000104000 CR4=00000020
DR0=0000000000000000 DR1=0000000000000000 DR2=0000000000000000 DR3=0000000000000000 
DR6=00000000ffff0ff0 DR7=0000000000000400
CCS=0000000000000014 CCD=0000000000107f58 CCO=EFLAGS
EFER=0000000000000500
Servicing hardware INT=0x20
   514: v=20 e=0000 i=0 cpl=0 IP=0008:0000000000100500 pc=0000000000100500 SP=0010:0000000000107f80 env->regs[R_EAX]=0000000000000000
RAX=0000000000000000 RBX=0000000000000000 RCX=0000000000000002 RDX=00000000000003d5
RSI=0000000000000000 RDI=00000000000003d5 RBP=0000000000107ff0 RSP=0000000000107f80
R8 =0000000000000000 R9 =0000000000000000 R10=0000000000000000 R11=0000000000000000
R12=0000000000000000 R13=0000000000000000 R14=0000000000000000 R15=0000000000000000
RIP=0000000000100500 RFL=00000216 [----AP-] CPL=0 II=0 A20=1 SMM=0 HLT=0
ES =0010 0000000000000000 ffffffff 00cf9300 DPL=0 DS   [-WA]
CS =0008 0000000000000000 ffffffff 00af9a00 DPL=0 CS64 [-R-]
SS =0010 0000000000000000 ffffffff 00cf9300 DPL=0 DS   [-WA]
DS =0010 0000000000000000 ffffffff 00cf9300 DPL=0 DS   [-WA]
FS =0010 0000000000000000 ffffffff 00cf9300 DPL=0 DS   [-WA]
GS =0010 0000000000000000 ffffffff 00cf9300 DPL=0 DS   [-WA]
LDT=0000 0000000000000000 0000ffff 00008200 DPL=0 LDT
TR =0000 0000000000000000 0000ffff 00008b00 DPL=0 TSS64-busy
GDT=     00000000001918c0 00000017
IDT=     00000000001900a0 00000fff
CR0=80000011 CR2=0000000000000000 CR3=0000000000104000 CR4=00000020
DR0=0000000000000000 DR1=0000000000000000 DR2=0000000000000000 DR3=0000000000000000 
DR6=00000000ffff0ff0 DR7=0000000000000400
CCS=0000000000000014 CCD=0000000000107f58 CCO=EFLAGS
EFER=0000000000000500
Servicing hardware INT=0x20
   515: v=20 e=0000 i=0 cpl=0 IP=0008:0000000000100500 pc=0000000000100500 SP=0010:0000000000107f80 env->regs[R_EAX]=0000000000000000
RAX=0000000000000000 RBX=0000000000000000 RCX=0000000000000002 RDX=00000000000003d5
RSI=0000000000000000 RDI=00000000000003d5 RBP=0000000000107ff0 RSP=0000000000107f80
R8 =0000000000000000 R9 =0000000000000000 R10=0000000000000000 R11=0000000000000000
R12=0000000000000000 R13=0000000000000000 R14=0000000000000000 R15=0000000000000000
RIP=0000000000100500 RFL=00000216 [----AP-] CPL=0 II=0 A20=1 SMM=0 HLT=0
ES =0010 0000000000000000 ffffffff 00cf9300 DPL=0 DS   [-WA]
CS =0008 0000000000000000 ffffffff 00af9a00 DPL=0 CS64 [-R-]
SS =0010 0000000000000000 ffffffff 00cf9300 DPL=0 DS   [-WA]
DS =0010 0000000000000000 ffffffff 00cf9300 DPL=0 DS   [-WA]
FS =0010 0000000000000000 ffffffff 00cf9300 DPL=0 DS   [-WA]
GS =0010 0000000000000000 ffffffff 00cf9300 DPL=0 DS   [-WA]
LDT=0000 0000000000000000 0000ffff 00008200 DPL=0 LDT
TR =0000 0000000000000000 0000ffff 00008b00 DPL=0 TSS64-busy
GDT=     00000000001918c0 00000017
IDT=     00000000001900a0 00000fff
CR0=80000011 CR2=0000000000000000 CR3=0000000000104000 CR4=00000020
DR0=0000000000000000 DR1=0000000000000000 DR2=0000000000000000 DR3=0000000000000000 
DR6=00000000ffff0ff0 DR7=0000000000000400
CCS=0000000000000014 CCD=0000000000107f58 CCO=EFLAGS
EFER=0000000000000500
Servicing hardware INT=0x20
   516: v=20 e=0000 i=0 cpl=0 IP=0008:0000000000100500 pc=0000000000100500 SP=0010:0000000000107f80 env->regs[R_EAX]=0000000000000000
RAX=0000000000000000 RBX=0000000000000000 RCX=0000000000000002 RDX=00000000000003d5
RSI=0000000000000000 RDI=00000000000003d5 RBP=0000000000107ff0 RSP=0000000000107f80
R8 =0000000000000000 R9 =0000000000000000 R10=0000000000000000 R11=0000000000000000
R12=0000000000000000 R13=0000000000000000 R14=0000000000000000 R15=0000000000000000
RIP=0000000000100500 RFL=00000216 [----AP-] CPL=0 II=0 A20=1 SMM=0 HLT=0
ES =0010 0000000000000000 ffffffff 00cf9300 DPL=0 DS   [-WA]
CS =0008 0000000000000000 ffffffff 00af9a00 DPL=0 CS64 [-R-]
SS =0010 0000000000000000 ffffffff 00cf9300 DPL=0 DS   [-WA]
DS =0010 0000000000000000 ffffffff 00cf9300 DPL=0 DS   [-WA]
FS =0010 0000000000000000 ffffffff 00cf9300 DPL=0 DS   [-WA]
GS =0010 0000000000000000 ffffffff 00cf9300 DPL=0 DS   [-WA]
LDT=0000 0000000000000000 0000ffff 00008200 DPL=0 LDT
TR =0000 0000000000000000 0000ffff 00008b00 DPL=0 TSS64-busy
GDT=     00000000001918c0 00000017
IDT=     00000000001900a0 00000fff
CR0=80000011 CR2=0000000000000000 CR3=0000000000104000 CR4=00000020
DR0=0000000000000000 DR1=0000000000000000 DR2=0000000000000000 DR3=0000000000000000 
DR6=00000000ffff0ff0 DR7=0000000000000400
CCS=0000000000000014 CCD=0000000000107f58 CCO=EFLAGS
EFER=0000000000000500
Servicing hardware INT=0x20
   517: v=20 e=0000 i=0 cpl=0 IP=0008:0000000000100500 pc=0000000000100500 SP=0010:0000000000107f80 env->regs[R_EAX]=0000000000000000
RAX=0000000000000000 RBX=0000000000000000 RCX=0000000000000002 RDX=00000000000003d5
RSI=0000000000000000 RDI=00000000000003d5 RBP=0000000000107ff0 RSP=0000000000107f80
R8 =0000000000000000 R9 =0000000000000000 R10=0000000000000000 R11=0000000000000000
R12=0000000000000000 R13=0000000000000000 R14=0000000000000000 R15=0000000000000000
RIP=0000000000100500 RFL=00000216 [----AP-] CPL=0 II=0 A20=1 SMM=0 HLT=0
ES =0010 0000000000000000 ffffffff 00cf9300 DPL=0 DS   [-WA]
CS =0008 0000000000000000 ffffffff 00af9a00 DPL=0 CS64 [-R-]
SS =0010 0000000000000000 ffffffff 00cf9300 DPL=0 DS   [-WA]
DS =0010 0000000000000000 ffffffff 00cf9300 DPL=0 DS   [-WA]
FS =0010 0000000000000000 ffffffff 00cf9300 DPL=0 DS   [-WA]
GS =0010 0000000000000000 ffffffff 00cf9300 DPL=0 DS   [-WA]
LDT=0000 0000000000000000 0000ffff 00008200 DPL=0 LDT
TR =0000 0000000000000000 0000ffff 00008b00 DPL=0 TSS64-busy
GDT=     00000000001918c0 00000017
IDT=     00000000001900a0 00000fff
CR0=80000011 CR2=0000000000000000 CR3=0000000000104000 CR4=00000020
DR0=0000000000000000 DR1=0000000000000000 DR2=0000000000000000 DR3=0000000000000000 
DR6=00000000ffff0ff0 DR7=0000000000000400
CCS=0000000000000014 CCD=0000000000107f58 CCO=EFLAGS
EFER=0000000000000500
Servicing hardware INT=0x20
   518: v=20 e=0000 i=0 cpl=0 IP=0008:0000000000100500 pc=0000000000100500 SP=0010:0000000000107f80 env->regs[R_EAX]=0000000000000000
RAX=0000000000000000 RBX=0000000000000000 RCX=0000000000000002 RDX=00000000000003d5
RSI=0000000000000000 RDI=00000000000003d5 RBP=0000000000107ff0 RSP=0000000000107f80
R8 =0000000000000000 R9 =0000000000000000 R10=0000000000000000 R11=0000000000000000
R12=0000000000000000 R13=0000000000000000 R14=0000000000000000 R15=0000000000000000
RIP=0000000000100500 RFL=00000216 [----AP-] CPL=0 II=0 A20=1 SMM=0 HLT=0
ES =0010 0000000000000000 ffffffff 00cf9300 DPL=0 DS   [-WA]
CS =0008 0000000000000000 ffffffff 00af9a00 DPL=0 CS64 [-R-]
SS =0010 0000000000000000 ffffffff 00cf9300 DPL=0 DS   [-WA]
DS =0010 0000000000000000 ffffffff 00cf9300 DPL=0 DS   [-WA]
FS =0010 0000000000000000 ffffffff 00cf9300 DPL=0 DS   [-WA]
GS =0010 0000000000000000 ffffffff 00cf9300 DPL=0 DS   [-WA]
LDT=0000 0000000000000000 0000ffff 00008200 DPL=0 LDT
TR =0000 0000000000000000 0000ffff 00008b00 DPL=0 TSS64-busy
GDT=     00000000001918c0 00000017
IDT=     00000000001900a0 00000fff
CR0=80000011 CR2=0000000000000000 CR3=0000000000104000 CR4=00000020
DR0=0000000000000000 DR1=0000000000000000 DR2=0000000000000000 DR3=0000000000000000 
DR6=00000000ffff0ff0 DR7=0000000000000400
CCS=0000000000000014 CCD=0000000000107f58 CCO=EFLAGS
EFER=0000000000000500
Servicing hardware INT=0x21
   519: v=21 e=0000 i=0 cpl=0 IP=0008:0000000000100500 pc=0000000000100500 SP=0010:0000000000107f80 env->regs[R_EAX]=0000000000000000
RAX=0000000000000000 RBX=0000000000000000 RCX=0000000000000002 RDX=00000000000003d5
RSI=0000000000000000 RDI=00000000000003d5 RBP=0000000000107ff0 RSP=0000000000107f80
R8 =0000000000000000 R9 =0000000000000000 R10=0000000000000000 R11=0000000000000000
R12=0000000000000000 R13=0000000000000000 R14=0000000000000000 R15=0000000000000000
RIP=0000000000100500 RFL=00000216 [----AP-] CPL=0 II=0 A20=1 SMM=0 HLT=0
ES =0010 0000000000000000 ffffffff 00cf9300 DPL=0 DS   [-WA]
CS =0008 0000000000000000 ffffffff 00af9a00 DPL=0 CS64 [-R-]
SS =0010 0000000000000000 ffffffff 00cf9300 DPL=0 DS   [-WA]
DS =0010 0000000000000000 ffffffff 00cf9300 DPL=0 DS   [-WA]
FS =0010 0000000000000000 ffffffff 00cf9300 DPL=0 DS   [-WA]
GS =0010 0000000000000000 ffffffff 00cf9300 DPL=0 DS   [-WA]
LDT=0000 0000000000000000 0000ffff 00008200 DPL=0 LDT
TR =0000 0000000000000000 0000ffff 00008b00 DPL=0 TSS64-busy
GDT=     00000000001918c0 00000017
IDT=     00000000001900a0 00000fff
CR0=80000011 CR2=0000000000000000 CR3=0000000000104000 CR4=00000020
DR0=0000000000000000 DR1=0000000000000000 DR2=0000000000000000 DR3=0000000000000000 
DR6=00000000ffff0ff0 DR7=0000000000000400
CCS=0000000000000014 CCD=0000000000107f58 CCO=EFLAGS
EFER=0000000000000500
Servicing hardware INT=0x20
   520: v=20 e=0000 i=0 cpl=0 IP=0008:0000000000100500 pc=0000000000100500 SP=0010:0000000000107f80 env->regs[R_EAX]=0000000000000000
RAX=0000000000000000 RBX=0000000000000000 RCX=0000000000000002 RDX=00000000000003d5
RSI=0000000000000000 RDI=00000000000003d5 RBP=0000000000107ff0 RSP=0000000000107f80
R8 =0000000000000000 R9 =0000000000000000 R10=0000000000000000 R11=0000000000000000
R12=0000000000000000 R13=0000000000000000 R14=0000000000000000 R15=0000000000000000
RIP=0000000000100500 RFL=00000216 [----AP-] CPL=0 II=0 A20=1 SMM=0 HLT=0
ES =0010 0000000000000000 ffffffff 00cf9300 DPL=0 DS   [-WA]
CS =0008 0000000000000000 ffffffff 00af9a00 DPL=0 CS64 [-R-]
SS =0010 0000000000000000 ffffffff 00cf9300 DPL=0 DS   [-WA]
DS =0010 0000000000000000 ffffffff 00cf9300 DPL=0 DS   [-WA]
FS =0010 0000000000000000 ffffffff 00cf9300 DPL=0 DS   [-WA]
GS =0010 0000000000000000 ffffffff 00cf9300 DPL=0 DS   [-WA]
LDT=0000 0000000000000000 0000ffff 00008200 DPL=0 LDT
TR =0000 0000000000000000 0000ffff 00008b00 DPL=0 TSS64-busy
GDT=     00000000001918c0 00000017
IDT=     00000000001900a0 00000fff
CR0=80000011 CR2=0000000000000000 CR3=0000000000104000 CR4=00000020
DR0=0000000000000000 DR1=0000000000000000 DR2=0000000000000000 DR3=0000000000000000 
DR6=00000000ffff0ff0 DR7=0000000000000400
CCS=0000000000000014 CCD=0000000000107f58 CCO=EFLAGS
EFER=0000000000000500
Servicing hardware INT=0x20
   521: v=20 e=0000 i=0 cpl=0 IP=0008:0000000000100500 pc=0000000000100500 SP=0010:0000000000107f80 env->regs[R_EAX]=0000000000000000
RAX=0000000000000000 RBX=0000000000000000 RCX=0000000000000002 RDX=00000000000003d5
RSI=0000000000000000 RDI=00000000000003d5 RBP=0000000000107ff0 RSP=0000000000107f80
R8 =0000000000000000 R9 =0000000000000000 R10=0000000000000000 R11=0000000000000000
R12=0000000000000000 R13=0000000000000000 R14=0000000000000000 R15=0000000000000000
RIP=0000000000100500 RFL=00000216 [----AP-] CPL=0 II=0 A20=1 SMM=0 HLT=0
ES =0010 0000000000000000 ffffffff 00cf9300 DPL=0 DS   [-WA]
CS =0008 0000000000000000 ffffffff 00af9a00 DPL=0 CS64 [-R-]
SS =0010 0000000000000000 ffffffff 00cf9300 DPL=0 DS   [-WA]
DS =0010 0000000000000000 ffffffff 00cf9300 DPL=0 DS   [-WA]
FS =0010 0000000000000000 ffffffff 00cf9300 DPL=0 DS   [-WA]
GS =0010 0000000000000000 ffffffff 00cf9300 DPL=0 DS   [-WA]
LDT=0000 0000000000000000 0000ffff 00008200 DPL=0 LDT
TR =0000 0000000000000000 0000ffff 00008b00 DPL=0 TSS64-busy
GDT=     00000000001918c0 00000017
IDT=     00000000001900a0 00000fff
CR0=80000011 CR2=0000000000000000 CR3=0000000000104000 CR4=00000020
DR0=0000000000000000 DR1=0000000000000000 DR2=0000000000000000 DR3=0000000000000000 
DR6=00000000ffff0ff0 DR7=0000000000000400
CCS=0000000000000014 CCD=0000000000107f58 CCO=EFLAGS
EFER=0000000000000500
Servicing hardware INT=0x20
   522: v=20 e=0000 i=0 cpl=0 IP=0008:0000000000100500 pc=0000000000100500 SP=0010:0000000000107f80 env->regs[R_EAX]=0000000000000000
RAX=0000000000000000 RBX=0000000000000000 RCX=0000000000000002 RDX=00000000000003d5
RSI=0000000000000000 RDI=00000000000003d5 RBP=0000000000107ff0 RSP=0000000000107f80
R8 =0000000000000000 R9 =0000000000000000 R10=0000000000000000 R11=0000000000000000
R12=0000000000000000 R13=0000000000000000 R14=0000000000000000 R15=0000000000000000
RIP=0000000000100500 RFL=00000216 [----AP-] CPL=0 II=0 A20=1 SMM=0 HLT=0
ES =0010 0000000000000000 ffffffff 00cf9300 DPL=0 DS   [-WA]
CS =0008 0000000000000000 ffffffff 00af9a00 DPL=0 CS64 [-R-]
SS =0010 0000000000000000 ffffffff 00cf9300 DPL=0 DS   [-WA]
DS =0010 0000000000000000 ffffffff 00cf9300 DPL=0 DS   [-WA]
FS =0010 0000000000000000 ffffffff 00cf9300 DPL=0 DS   [-WA]
GS =0010 0000000000000000 ffffffff 00cf9300 DPL=0 DS   [-WA]
LDT=0000 0000000000000000 0000ffff 00008200 DPL=0 LDT
TR =0000 0000000000000000 0000ffff 00008b00 DPL=0 TSS64-busy
GDT=     00000000001918c0 00000017
IDT=     00000000001900a0 00000fff
CR0=80000011 CR2=0000000000000000 CR3=0000000000104000 CR4=00000020
DR0=0000000000000000 DR1=0000000000000000 DR2=0000000000000000 DR3=0000000000000000 
DR6=00000000ffff0ff0 DR7=0000000000000400
CCS=0000000000000014 CCD=0000000000107f58 CCO=EFLAGS
EFER=0000000000000500
Servicing hardware INT=0x20
   523: v=20 e=0000 i=0 cpl=0 IP=0008:0000000000100500 pc=0000000000100500 SP=0010:0000000000107f80 env->regs[R_EAX]=0000000000000000
RAX=0000000000000000 RBX=0000000000000000 RCX=0000000000000002 RDX=00000000000003d5
RSI=0000000000000000 RDI=00000000000003d5 RBP=0000000000107ff0 RSP=0000000000107f80
R8 =0000000000000000 R9 =0000000000000000 R10=0000000000000000 R11=0000000000000000
R12=0000000000000000 R13=0000000000000000 R14=0000000000000000 R15=0000000000000000
RIP=0000000000100500 RFL=00000216 [----AP-] CPL=0 II=0 A20=1 SMM=0 HLT=0
ES =0010 0000000000000000 ffffffff 00cf9300 DPL=0 DS   [-WA]
CS =0008 0000000000000000 ffffffff 00af9a00 DPL=0 CS64 [-R-]
SS =0010 0000000000000000 ffffffff 00cf9300 DPL=0 DS   [-WA]
DS =0010 0000000000000000 ffffffff 00cf9300 DPL=0 DS   [-WA]
FS =0010 0000000000000000 ffffffff 00cf9300 DPL=0 DS   [-WA]
GS =0010 0000000000000000 ffffffff 00cf9300 DPL=0 DS   [-WA]
LDT=0000 0000000000000000 0000ffff 00008200 DPL=0 LDT
TR =0000 0000000000000000 0000ffff 00008b00 DPL=0 TSS64-busy
GDT=     00000000001918c0 00000017
IDT=     00000000001900a0 00000fff
CR0=80000011 CR2=0000000000000000 CR3=0000000000104000 CR4=00000020
DR0=0000000000000000 DR1=0000000000000000 DR2=0000000000000000 DR3=0000000000000000 
DR6=00000000ffff0ff0 DR7=0000000000000400
CCS=0000000000000014 CCD=0000000000107f58 CCO=EFLAGS
EFER=0000000000000500
Servicing hardware INT=0x20
   524: v=20 e=0000 i=0 cpl=0 IP=0008:0000000000100500 pc=0000000000100500 SP=0010:0000000000107f80 env->regs[R_EAX]=0000000000000000
RAX=0000000000000000 RBX=0000000000000000 RCX=0000000000000002 RDX=00000000000003d5
RSI=0000000000000000 RDI=00000000000003d5 RBP=0000000000107ff0 RSP=0000000000107f80
R8 =0000000000000000 R9 =0000000000000000 R10=0000000000000000 R11=0000000000000000
R12=0000000000000000 R13=0000000000000000 R14=0000000000000000 R15=0000000000000000
RIP=0000000000100500 RFL=00000216 [----AP-] CPL=0 II=0 A20=1 SMM=0 HLT=0
ES =0010 0000000000000000 ffffffff 00cf9300 DPL=0 DS   [-WA]
CS =0008 0000000000000000 ffffffff 00af9a00 DPL=0 CS64 [-R-]
SS =0010 0000000000000000 ffffffff 00cf9300 DPL=0 DS   [-WA]
DS =0010 0000000000000000 ffffffff 00cf9300 DPL=0 DS   [-WA]
FS =0010 0000000000000000 ffffffff 00cf9300 DPL=0 DS   [-WA]
GS =0010 0000000000000000 ffffffff 00cf9300 DPL=0 DS   [-WA]
LDT=0000 0000000000000000 0000ffff 00008200 DPL=0 LDT
TR =0000 0000000000000000 0000ffff 00008b00 DPL=0 TSS64-busy
GDT=     00000000001918c0 00000017
IDT=     00000000001900a0 00000fff
CR0=80000011 CR2=0000000000000000 CR3=0000000000104000 CR4=00000020
DR0=0000000000000000 DR1=0000000000000000 DR2=0000000000000000 DR3=0000000000000000 
DR6=00000000ffff0ff0 DR7=0000000000000400
CCS=0000000000000014 CCD=0000000000107f58 CCO=EFLAGS
EFER=0000000000000500
Servicing hardware INT=0x20
   525: v=20 e=0000 i=0 cpl=0 IP=0008:0000000000100500 pc=0000000000100500 SP=0010:0000000000107f80 env->regs[R_EAX]=0000000000000000
RAX=0000000000000000 RBX=0000000000000000 RCX=0000000000000002 RDX=00000000000003d5
RSI=0000000000000000 RDI=00000000000003d5 RBP=0000000000107ff0 RSP=0000000000107f80
R8 =0000000000000000 R9 =0000000000000000 R10=0000000000000000 R11=0000000000000000
R12=0000000000000000 R13=0000000000000000 R14=0000000000000000 R15=0000000000000000
RIP=0000000000100500 RFL=00000216 [----AP-] CPL=0 II=0 A20=1 SMM=0 HLT=0
ES =0010 0000000000000000 ffffffff 00cf9300 DPL=0 DS   [-WA]
CS =0008 0000000000000000 ffffffff 00af9a00 DPL=0 CS64 [-R-]
SS =0010 0000000000000000 ffffffff 00cf9300 DPL=0 DS   [-WA]
DS =0010 0000000000000000 ffffffff 00cf9300 DPL=0 DS   [-WA]
FS =0010 0000000000000000 ffffffff 00cf9300 DPL=0 DS   [-WA]
GS =0010 0000000000000000 ffffffff 00cf9300 DPL=0 DS   [-WA]
LDT=0000 0000000000000000 0000ffff 00008200 DPL=0 LDT
TR =0000 0000000000000000 0000ffff 00008b00 DPL=0 TSS64-busy
GDT=     00000000001918c0 00000017
IDT=     00000000001900a0 00000fff
CR0=80000011 CR2=0000000000000000 CR3=0000000000104000 CR4=00000020
DR0=0000000000000000 DR1=0000000000000000 DR2=0000000000000000 DR3=0000000000000000 
DR6=00000000ffff0ff0 DR7=0000000000000400
CCS=0000000000000014 CCD=0000000000107f58 CCO=EFLAGS
EFER=0000000000000500
Servicing hardware INT=0x20
   526: v=20 e=0000 i=0 cpl=0 IP=0008:0000000000100500 pc=0000000000100500 SP=0010:0000000000107f80 env->regs[R_EAX]=0000000000000000
RAX=0000000000000000 RBX=0000000000000000 RCX=0000000000000002 RDX=00000000000003d5
RSI=0000000000000000 RDI=00000000000003d5 RBP=0000000000107ff0 RSP=0000000000107f80
R8 =0000000000000000 R9 =0000000000000000 R10=0000000000000000 R11=0000000000000000
R12=0000000000000000 R13=0000000000000000 R14=0000000000000000 R15=0000000000000000
RIP=0000000000100500 RFL=00000216 [----AP-] CPL=0 II=0 A20=1 SMM=0 HLT=0
ES =0010 0000000000000000 ffffffff 00cf9300 DPL=0 DS   [-WA]
CS =0008 0000000000000000 ffffffff 00af9a00 DPL=0 CS64 [-R-]
SS =0010 0000000000000000 ffffffff 00cf9300 DPL=0 DS   [-WA]
DS =0010 0000000000000000 ffffffff 00cf9300 DPL=0 DS   [-WA]
FS =0010 0000000000000000 ffffffff 00cf9300 DPL=0 DS   [-WA]
GS =0010 0000000000000000 ffffffff 00cf9300 DPL=0 DS   [-WA]
LDT=0000 0000000000000000 0000ffff 00008200 DPL=0 LDT
TR =0000 0000000000000000 0000ffff 00008b00 DPL=0 TSS64-busy
GDT=     00000000001918c0 00000017
IDT=     00000000001900a0 00000fff
CR0=80000011 CR2=0000000000000000 CR3=0000000000104000 CR4=00000020
DR0=0000000000000000 DR1=0000000000000000 DR2=0000000000000000 DR3=0000000000000000 
DR6=00000000ffff0ff0 DR7=0000000000000400
CCS=0000000000000014 CCD=0000000000107f58 CCO=EFLAGS
EFER=0000000000000500
Servicing hardware INT=0x20
   527: v=20 e=0000 i=0 cpl=0 IP=0008:0000000000100500 pc=0000000000100500 SP=0010:0000000000107f80 env->regs[R_EAX]=0000000000000000
RAX=0000000000000000 RBX=0000000000000000 RCX=0000000000000002 RDX=00000000000003d5
RSI=0000000000000000 RDI=00000000000003d5 RBP=0000000000107ff0 RSP=0000000000107f80
R8 =0000000000000000 R9 =0000000000000000 R10=0000000000000000 R11=0000000000000000
R12=0000000000000000 R13=0000000000000000 R14=0000000000000000 R15=0000000000000000
RIP=0000000000100500 RFL=00000216 [----AP-] CPL=0 II=0 A20=1 SMM=0 HLT=0
ES =0010 0000000000000000 ffffffff 00cf9300 DPL=0 DS   [-WA]
CS =0008 0000000000000000 ffffffff 00af9a00 DPL=0 CS64 [-R-]
SS =0010 0000000000000000 ffffffff 00cf9300 DPL=0 DS   [-WA]
DS =0010 0000000000000000 ffffffff 00cf9300 DPL=0 DS   [-WA]
FS =0010 0000000000000000 ffffffff 00cf9300 DPL=0 DS   [-WA]
GS =0010 0000000000000000 ffffffff 00cf9300 DPL=0 DS   [-WA]
LDT=0000 0000000000000000 0000ffff 00008200 DPL=0 LDT
TR =0000 0000000000000000 0000ffff 00008b00 DPL=0 TSS64-busy
GDT=     00000000001918c0 00000017
IDT=     00000000001900a0 00000fff
CR0=80000011 CR2=0000000000000000 CR3=0000000000104000 CR4=00000020
DR0=0000000000000000 DR1=0000000000000000 DR2=0000000000000000 DR3=0000000000000000 
DR6=00000000ffff0ff0 DR7=0000000000000400
CCS=0000000000000014 CCD=0000000000107f58 CCO=EFLAGS
EFER=0000000000000500
Servicing hardware INT=0x20
   528: v=20 e=0000 i=0 cpl=0 IP=0008:0000000000100500 pc=0000000000100500 SP=0010:0000000000107f80 env->regs[R_EAX]=0000000000000000
RAX=0000000000000000 RBX=0000000000000000 RCX=0000000000000002 RDX=00000000000003d5
RSI=0000000000000000 RDI=00000000000003d5 RBP=0000000000107ff0 RSP=0000000000107f80
R8 =0000000000000000 R9 =0000000000000000 R10=0000000000000000 R11=0000000000000000
R12=0000000000000000 R13=0000000000000000 R14=0000000000000000 R15=0000000000000000
RIP=0000000000100500 RFL=00000216 [----AP-] CPL=0 II=0 A20=1 SMM=0 HLT=0
ES =0010 0000000000000000 ffffffff 00cf9300 DPL=0 DS   [-WA]
CS =0008 0000000000000000 ffffffff 00af9a00 DPL=0 CS64 [-R-]
SS =0010 0000000000000000 ffffffff 00cf9300 DPL=0 DS   [-WA]
DS =0010 0000000000000000 ffffffff 00cf9300 DPL=0 DS   [-WA]
FS =0010 0000000000000000 ffffffff 00cf9300 DPL=0 DS   [-WA]
GS =0010 0000000000000000 ffffffff 00cf9300 DPL=0 DS   [-WA]
LDT=0000 0000000000000000 0000ffff 00008200 DPL=0 LDT
TR =0000 0000000000000000 0000ffff 00008b00 DPL=0 TSS64-busy
GDT=     00000000001918c0 00000017
IDT=     00000000001900a0 00000fff
CR0=80000011 CR2=0000000000000000 CR3=0000000000104000 CR4=00000020
DR0=0000000000000000 DR1=0000000000000000 DR2=0000000000000000 DR3=0000000000000000 
DR6=00000000ffff0ff0 DR7=0000000000000400
CCS=0000000000000014 CCD=0000000000107f58 CCO=EFLAGS
EFER=0000000000000500
Servicing hardware INT=0x20
   529: v=20 e=0000 i=0 cpl=0 IP=0008:0000000000100500 pc=0000000000100500 SP=0010:0000000000107f80 env->regs[R_EAX]=0000000000000000
RAX=0000000000000000 RBX=0000000000000000 RCX=0000000000000002 RDX=00000000000003d5
RSI=0000000000000000 RDI=00000000000003d5 RBP=0000000000107ff0 RSP=0000000000107f80
R8 =0000000000000000 R9 =0000000000000000 R10=0000000000000000 R11=0000000000000000
R12=0000000000000000 R13=0000000000000000 R14=0000000000000000 R15=0000000000000000
RIP=0000000000100500 RFL=00000216 [----AP-] CPL=0 II=0 A20=1 SMM=0 HLT=0
ES =0010 0000000000000000 ffffffff 00cf9300 DPL=0 DS   [-WA]
CS =0008 0000000000000000 ffffffff 00af9a00 DPL=0 CS64 [-R-]
SS =0010 0000000000000000 ffffffff 00cf9300 DPL=0 DS   [-WA]
DS =0010 0000000000000000 ffffffff 00cf9300 DPL=0 DS   [-WA]
FS =0010 0000000000000000 ffffffff 00cf9300 DPL=0 DS   [-WA]
GS =0010 0000000000000000 ffffffff 00cf9300 DPL=0 DS   [-WA]
LDT=0000 0000000000000000 0000ffff 00008200 DPL=0 LDT
TR =0000 0000000000000000 0000ffff 00008b00 DPL=0 TSS64-busy
GDT=     00000000001918c0 00000017
IDT=     00000000001900a0 00000fff
CR0=80000011 CR2=0000000000000000 CR3=0000000000104000 CR4=00000020
DR0=0000000000000000 DR1=0000000000000000 DR2=0000000000000000 DR3=0000000000000000 
DR6=00000000ffff0ff0 DR7=0000000000000400
CCS=0000000000000014 CCD=0000000000107f58 CCO=EFLAGS
EFER=0000000000000500
Servicing hardware INT=0x20
   530: v=20 e=0000 i=0 cpl=0 IP=0008:0000000000100500 pc=0000000000100500 SP=0010:0000000000107f80 env->regs[R_EAX]=0000000000000000
RAX=0000000000000000 RBX=0000000000000000 RCX=0000000000000002 RDX=00000000000003d5
RSI=0000000000000000 RDI=00000000000003d5 RBP=0000000000107ff0 RSP=0000000000107f80
R8 =0000000000000000 R9 =0000000000000000 R10=0000000000000000 R11=0000000000000000
R12=0000000000000000 R13=0000000000000000 R14=0000000000000000 R15=0000000000000000
RIP=0000000000100500 RFL=00000216 [----AP-] CPL=0 II=0 A20=1 SMM=0 HLT=0
ES =0010 0000000000000000 ffffffff 00cf9300 DPL=0 DS   [-WA]
CS =0008 0000000000000000 ffffffff 00af9a00 DPL=0 CS64 [-R-]
SS =0010 0000000000000000 ffffffff 00cf9300 DPL=0 DS   [-WA]
DS =0010 0000000000000000 ffffffff 00cf9300 DPL=0 DS   [-WA]
FS =0010 0000000000000000 ffffffff 00cf9300 DPL=0 DS   [-WA]
GS =0010 0000000000000000 ffffffff 00cf9300 DPL=0 DS   [-WA]
LDT=0000 0000000000000000 0000ffff 00008200 DPL=0 LDT
TR =0000 0000000000000000 0000ffff 00008b00 DPL=0 TSS64-busy
GDT=     00000000001918c0 00000017
IDT=     00000000001900a0 00000fff
CR0=80000011 CR2=0000000000000000 CR3=0000000000104000 CR4=00000020
DR0=0000000000000000 DR1=0000000000000000 DR2=0000000000000000 DR3=0000000000000000 
DR6=00000000ffff0ff0 DR7=0000000000000400
CCS=0000000000000014 CCD=0000000000107f58 CCO=EFLAGS
EFER=0000000000000500
Servicing hardware INT=0x20
   531: v=20 e=0000 i=0 cpl=0 IP=0008:0000000000100500 pc=0000000000100500 SP=0010:0000000000107f80 env->regs[R_EAX]=0000000000000000
RAX=0000000000000000 RBX=0000000000000000 RCX=0000000000000002 RDX=00000000000003d5
RSI=0000000000000000 RDI=00000000000003d5 RBP=0000000000107ff0 RSP=0000000000107f80
R8 =0000000000000000 R9 =0000000000000000 R10=0000000000000000 R11=0000000000000000
R12=0000000000000000 R13=0000000000000000 R14=0000000000000000 R15=0000000000000000
RIP=0000000000100500 RFL=00000216 [----AP-] CPL=0 II=0 A20=1 SMM=0 HLT=0
ES =0010 0000000000000000 ffffffff 00cf9300 DPL=0 DS   [-WA]
CS =0008 0000000000000000 ffffffff 00af9a00 DPL=0 CS64 [-R-]
SS =0010 0000000000000000 ffffffff 00cf9300 DPL=0 DS   [-WA]
DS =0010 0000000000000000 ffffffff 00cf9300 DPL=0 DS   [-WA]
FS =0010 0000000000000000 ffffffff 00cf9300 DPL=0 DS   [-WA]
GS =0010 0000000000000000 ffffffff 00cf9300 DPL=0 DS   [-WA]
LDT=0000 0000000000000000 0000ffff 00008200 DPL=0 LDT
TR =0000 0000000000000000 0000ffff 00008b00 DPL=0 TSS64-busy
GDT=     00000000001918c0 00000017
IDT=     00000000001900a0 00000fff
CR0=80000011 CR2=0000000000000000 CR3=0000000000104000 CR4=00000020
DR0=0000000000000000 DR1=0000000000000000 DR2=0000000000000000 DR3=0000000000000000 
DR6=00000000ffff0ff0 DR7=0000000000000400
CCS=0000000000000014 CCD=0000000000107f58 CCO=EFLAGS
EFER=0000000000000500
Servicing hardware INT=0x20
   532: v=20 e=0000 i=0 cpl=0 IP=0008:0000000000100500 pc=0000000000100500 SP=0010:0000000000107f80 env->regs[R_EAX]=0000000000000000
RAX=0000000000000000 RBX=0000000000000000 RCX=0000000000000002 RDX=00000000000003d5
RSI=0000000000000000 RDI=00000000000003d5 RBP=0000000000107ff0 RSP=0000000000107f80
R8 =0000000000000000 R9 =0000000000000000 R10=0000000000000000 R11=0000000000000000
R12=0000000000000000 R13=0000000000000000 R14=0000000000000000 R15=0000000000000000
RIP=0000000000100500 RFL=00000216 [----AP-] CPL=0 II=0 A20=1 SMM=0 HLT=0
ES =0010 0000000000000000 ffffffff 00cf9300 DPL=0 DS   [-WA]
CS =0008 0000000000000000 ffffffff 00af9a00 DPL=0 CS64 [-R-]
SS =0010 0000000000000000 ffffffff 00cf9300 DPL=0 DS   [-WA]
DS =0010 0000000000000000 ffffffff 00cf9300 DPL=0 DS   [-WA]
FS =0010 0000000000000000 ffffffff 00cf9300 DPL=0 DS   [-WA]
GS =0010 0000000000000000 ffffffff 00cf9300 DPL=0 DS   [-WA]
LDT=0000 0000000000000000 0000ffff 00008200 DPL=0 LDT
TR =0000 0000000000000000 0000ffff 00008b00 DPL=0 TSS64-busy
GDT=     00000000001918c0 00000017
IDT=     00000000001900a0 00000fff
CR0=80000011 CR2=0000000000000000 CR3=0000000000104000 CR4=00000020
DR0=0000000000000000 DR1=0000000000000000 DR2=0000000000000000 DR3=0000000000000000 
DR6=00000000ffff0ff0 DR7=0000000000000400
CCS=0000000000000014 CCD=0000000000107f58 CCO=EFLAGS
EFER=0000000000000500
Servicing hardware INT=0x20
   533: v=20 e=0000 i=0 cpl=0 IP=0008:0000000000100500 pc=0000000000100500 SP=0010:0000000000107f80 env->regs[R_EAX]=0000000000000000
RAX=0000000000000000 RBX=0000000000000000 RCX=0000000000000002 RDX=00000000000003d5
RSI=0000000000000000 RDI=00000000000003d5 RBP=0000000000107ff0 RSP=0000000000107f80
R8 =0000000000000000 R9 =0000000000000000 R10=0000000000000000 R11=0000000000000000
R12=0000000000000000 R13=0000000000000000 R14=0000000000000000 R15=0000000000000000
RIP=0000000000100500 RFL=00000216 [----AP-] CPL=0 II=0 A20=1 SMM=0 HLT=0
ES =0010 0000000000000000 ffffffff 00cf9300 DPL=0 DS   [-WA]
CS =0008 0000000000000000 ffffffff 00af9a00 DPL=0 CS64 [-R-]
SS =0010 0000000000000000 ffffffff 00cf9300 DPL=0 DS   [-WA]
DS =0010 0000000000000000 ffffffff 00cf9300 DPL=0 DS   [-WA]
FS =0010 0000000000000000 ffffffff 00cf9300 DPL=0 DS   [-WA]
GS =0010 0000000000000000 ffffffff 00cf9300 DPL=0 DS   [-WA]
LDT=0000 0000000000000000 0000ffff 00008200 DPL=0 LDT
TR =0000 0000000000000000 0000ffff 00008b00 DPL=0 TSS64-busy
GDT=     00000000001918c0 00000017
IDT=     00000000001900a0 00000fff
CR0=80000011 CR2=0000000000000000 CR3=0000000000104000 CR4=00000020
DR0=0000000000000000 DR1=0000000000000000 DR2=0000000000000000 DR3=0000000000000000 
DR6=00000000ffff0ff0 DR7=0000000000000400
CCS=0000000000000014 CCD=0000000000107f58 CCO=EFLAGS
EFER=0000000000000500
Servicing hardware INT=0x20
   534: v=20 e=0000 i=0 cpl=0 IP=0008:0000000000100500 pc=0000000000100500 SP=0010:0000000000107f80 env->regs[R_EAX]=0000000000000000
RAX=0000000000000000 RBX=0000000000000000 RCX=0000000000000002 RDX=00000000000003d5
RSI=0000000000000000 RDI=00000000000003d5 RBP=0000000000107ff0 RSP=0000000000107f80
R8 =0000000000000000 R9 =0000000000000000 R10=0000000000000000 R11=0000000000000000
R12=0000000000000000 R13=0000000000000000 R14=0000000000000000 R15=0000000000000000
RIP=0000000000100500 RFL=00000216 [----AP-] CPL=0 II=0 A20=1 SMM=0 HLT=0
ES =0010 0000000000000000 ffffffff 00cf9300 DPL=0 DS   [-WA]
CS =0008 0000000000000000 ffffffff 00af9a00 DPL=0 CS64 [-R-]
SS =0010 0000000000000000 ffffffff 00cf9300 DPL=0 DS   [-WA]
DS =0010 0000000000000000 ffffffff 00cf9300 DPL=0 DS   [-WA]
FS =0010 0000000000000000 ffffffff 00cf9300 DPL=0 DS   [-WA]
GS =0010 0000000000000000 ffffffff 00cf9300 DPL=0 DS   [-WA]
LDT=0000 0000000000000000 0000ffff 00008200 DPL=0 LDT
TR =0000 0000000000000000 0000ffff 00008b00 DPL=0 TSS64-busy
GDT=     00000000001918c0 00000017
IDT=     00000000001900a0 00000fff
CR0=80000011 CR2=0000000000000000 CR3=0000000000104000 CR4=00000020
DR0=0000000000000000 DR1=0000000000000000 DR2=0000000000000000 DR3=0000000000000000 
DR6=00000000ffff0ff0 DR7=0000000000000400
CCS=0000000000000014 CCD=0000000000107f58 CCO=EFLAGS
EFER=0000000000000500
Servicing hardware INT=0x20
   535: v=20 e=0000 i=0 cpl=0 IP=0008:0000000000100500 pc=0000000000100500 SP=0010:0000000000107f80 env->regs[R_EAX]=0000000000000000
RAX=0000000000000000 RBX=0000000000000000 RCX=0000000000000002 RDX=00000000000003d5
RSI=0000000000000000 RDI=00000000000003d5 RBP=0000000000107ff0 RSP=0000000000107f80
R8 =0000000000000000 R9 =0000000000000000 R10=0000000000000000 R11=0000000000000000
R12=0000000000000000 R13=0000000000000000 R14=0000000000000000 R15=0000000000000000
RIP=0000000000100500 RFL=00000216 [----AP-] CPL=0 II=0 A20=1 SMM=0 HLT=0
ES =0010 0000000000000000 ffffffff 00cf9300 DPL=0 DS   [-WA]
CS =0008 0000000000000000 ffffffff 00af9a00 DPL=0 CS64 [-R-]
SS =0010 0000000000000000 ffffffff 00cf9300 DPL=0 DS   [-WA]
DS =0010 0000000000000000 ffffffff 00cf9300 DPL=0 DS   [-WA]
FS =0010 0000000000000000 ffffffff 00cf9300 DPL=0 DS   [-WA]
GS =0010 0000000000000000 ffffffff 00cf9300 DPL=0 DS   [-WA]
LDT=0000 0000000000000000 0000ffff 00008200 DPL=0 LDT
TR =0000 0000000000000000 0000ffff 00008b00 DPL=0 TSS64-busy
GDT=     00000000001918c0 00000017
IDT=     00000000001900a0 00000fff
CR0=80000011 CR2=0000000000000000 CR3=0000000000104000 CR4=00000020
DR0=0000000000000000 DR1=0000000000000000 DR2=0000000000000000 DR3=0000000000000000 
DR6=00000000ffff0ff0 DR7=0000000000000400
CCS=0000000000000014 CCD=0000000000107f58 CCO=EFLAGS
EFER=0000000000000500
Servicing hardware INT=0x20
   536: v=20 e=0000 i=0 cpl=0 IP=0008:0000000000100500 pc=0000000000100500 SP=0010:0000000000107f80 env->regs[R_EAX]=0000000000000000
RAX=0000000000000000 RBX=0000000000000000 RCX=0000000000000002 RDX=00000000000003d5
RSI=0000000000000000 RDI=00000000000003d5 RBP=0000000000107ff0 RSP=0000000000107f80
R8 =0000000000000000 R9 =0000000000000000 R10=0000000000000000 R11=0000000000000000
R12=0000000000000000 R13=0000000000000000 R14=0000000000000000 R15=0000000000000000
RIP=0000000000100500 RFL=00000216 [----AP-] CPL=0 II=0 A20=1 SMM=0 HLT=0
ES =0010 0000000000000000 ffffffff 00cf9300 DPL=0 DS   [-WA]
CS =0008 0000000000000000 ffffffff 00af9a00 DPL=0 CS64 [-R-]
SS =0010 0000000000000000 ffffffff 00cf9300 DPL=0 DS   [-WA]
DS =0010 0000000000000000 ffffffff 00cf9300 DPL=0 DS   [-WA]
FS =0010 0000000000000000 ffffffff 00cf9300 DPL=0 DS   [-WA]
GS =0010 0000000000000000 ffffffff 00cf9300 DPL=0 DS   [-WA]
LDT=0000 0000000000000000 0000ffff 00008200 DPL=0 LDT
TR =0000 0000000000000000 0000ffff 00008b00 DPL=0 TSS64-busy
GDT=     00000000001918c0 00000017
IDT=     00000000001900a0 00000fff
CR0=80000011 CR2=0000000000000000 CR3=0000000000104000 CR4=00000020
DR0=0000000000000000 DR1=0000000000000000 DR2=0000000000000000 DR3=0000000000000000 
DR6=00000000ffff0ff0 DR7=0000000000000400
CCS=0000000000000014 CCD=0000000000107f58 CCO=EFLAGS
EFER=0000000000000500
Servicing hardware INT=0x20
   537: v=20 e=0000 i=0 cpl=0 IP=0008:0000000000100500 pc=0000000000100500 SP=0010:0000000000107f80 env->regs[R_EAX]=0000000000000000
RAX=0000000000000000 RBX=0000000000000000 RCX=0000000000000002 RDX=00000000000003d5
RSI=0000000000000000 RDI=00000000000003d5 RBP=0000000000107ff0 RSP=0000000000107f80
R8 =0000000000000000 R9 =0000000000000000 R10=0000000000000000 R11=0000000000000000
R12=0000000000000000 R13=0000000000000000 R14=0000000000000000 R15=0000000000000000
RIP=0000000000100500 RFL=00000216 [----AP-] CPL=0 II=0 A20=1 SMM=0 HLT=0
ES =0010 0000000000000000 ffffffff 00cf9300 DPL=0 DS   [-WA]
CS =0008 0000000000000000 ffffffff 00af9a00 DPL=0 CS64 [-R-]
SS =0010 0000000000000000 ffffffff 00cf9300 DPL=0 DS   [-WA]
DS =0010 0000000000000000 ffffffff 00cf9300 DPL=0 DS   [-WA]
FS =0010 0000000000000000 ffffffff 00cf9300 DPL=0 DS   [-WA]
GS =0010 0000000000000000 ffffffff 00cf9300 DPL=0 DS   [-WA]
LDT=0000 0000000000000000 0000ffff 00008200 DPL=0 LDT
TR =0000 0000000000000000 0000ffff 00008b00 DPL=0 TSS64-busy
GDT=     00000000001918c0 00000017
IDT=     00000000001900a0 00000fff
CR0=80000011 CR2=0000000000000000 CR3=0000000000104000 CR4=00000020
DR0=0000000000000000 DR1=0000000000000000 DR2=0000000000000000 DR3=0000000000000000 
DR6=00000000ffff0ff0 DR7=0000000000000400
CCS=0000000000000014 CCD=0000000000107f58 CCO=EFLAGS
EFER=0000000000000500
Servicing hardware INT=0x21
   538: v=21 e=0000 i=0 cpl=0 IP=0008:0000000000100500 pc=0000000000100500 SP=0010:0000000000107f80 env->regs[R_EAX]=0000000000000000
RAX=0000000000000000 RBX=0000000000000000 RCX=0000000000000002 RDX=00000000000003d5
RSI=0000000000000000 RDI=00000000000003d5 RBP=0000000000107ff0 RSP=0000000000107f80
R8 =0000000000000000 R9 =0000000000000000 R10=0000000000000000 R11=0000000000000000
R12=0000000000000000 R13=0000000000000000 R14=0000000000000000 R15=0000000000000000
RIP=0000000000100500 RFL=00000216 [----AP-] CPL=0 II=0 A20=1 SMM=0 HLT=0
ES =0010 0000000000000000 ffffffff 00cf9300 DPL=0 DS   [-WA]
CS =0008 0000000000000000 ffffffff 00af9a00 DPL=0 CS64 [-R-]
SS =0010 0000000000000000 ffffffff 00cf9300 DPL=0 DS   [-WA]
DS =0010 0000000000000000 ffffffff 00cf9300 DPL=0 DS   [-WA]
FS =0010 0000000000000000 ffffffff 00cf9300 DPL=0 DS   [-WA]
GS =0010 0000000000000000 ffffffff 00cf9300 DPL=0 DS   [-WA]
LDT=0000 0000000000000000 0000ffff 00008200 DPL=0 LDT
TR =0000 0000000000000000 0000ffff 00008b00 DPL=0 TSS64-busy
GDT=     00000000001918c0 00000017
IDT=     00000000001900a0 00000fff
CR0=80000011 CR2=0000000000000000 CR3=0000000000104000 CR4=00000020
DR0=0000000000000000 DR1=0000000000000000 DR2=0000000000000000 DR3=0000000000000000 
DR6=00000000ffff0ff0 DR7=0000000000000400
CCS=0000000000000014 CCD=0000000000107f58 CCO=EFLAGS
EFER=0000000000000500
Servicing hardware INT=0x20
   539: v=20 e=0000 i=0 cpl=0 IP=0008:0000000000100500 pc=0000000000100500 SP=0010:0000000000107f80 env->regs[R_EAX]=0000000000000000
RAX=0000000000000000 RBX=0000000000000000 RCX=0000000000000002 RDX=00000000000003d5
RSI=0000000000000000 RDI=00000000000003d5 RBP=0000000000107ff0 RSP=0000000000107f80
R8 =0000000000000000 R9 =0000000000000000 R10=0000000000000000 R11=0000000000000000
R12=0000000000000000 R13=0000000000000000 R14=0000000000000000 R15=0000000000000000
RIP=0000000000100500 RFL=00000216 [----AP-] CPL=0 II=0 A20=1 SMM=0 HLT=0
ES =0010 0000000000000000 ffffffff 00cf9300 DPL=0 DS   [-WA]
CS =0008 0000000000000000 ffffffff 00af9a00 DPL=0 CS64 [-R-]
SS =0010 0000000000000000 ffffffff 00cf9300 DPL=0 DS   [-WA]
DS =0010 0000000000000000 ffffffff 00cf9300 DPL=0 DS   [-WA]
FS =0010 0000000000000000 ffffffff 00cf9300 DPL=0 DS   [-WA]
GS =0010 0000000000000000 ffffffff 00cf9300 DPL=0 DS   [-WA]
LDT=0000 0000000000000000 0000ffff 00008200 DPL=0 LDT
TR =0000 0000000000000000 0000ffff 00008b00 DPL=0 TSS64-busy
GDT=     00000000001918c0 00000017
IDT=     00000000001900a0 00000fff
CR0=80000011 CR2=0000000000000000 CR3=0000000000104000 CR4=00000020
DR0=0000000000000000 DR1=0000000000000000 DR2=0000000000000000 DR3=0000000000000000 
DR6=00000000ffff0ff0 DR7=0000000000000400
CCS=0000000000000014 CCD=0000000000107f58 CCO=EFLAGS
EFER=0000000000000500
Servicing hardware INT=0x20
   540: v=20 e=0000 i=0 cpl=0 IP=0008:0000000000100500 pc=0000000000100500 SP=0010:0000000000107f80 env->regs[R_EAX]=0000000000000000
RAX=0000000000000000 RBX=0000000000000000 RCX=0000000000000002 RDX=00000000000003d5
RSI=0000000000000000 RDI=00000000000003d5 RBP=0000000000107ff0 RSP=0000000000107f80
R8 =0000000000000000 R9 =0000000000000000 R10=0000000000000000 R11=0000000000000000
R12=0000000000000000 R13=0000000000000000 R14=0000000000000000 R15=0000000000000000
RIP=0000000000100500 RFL=00000216 [----AP-] CPL=0 II=0 A20=1 SMM=0 HLT=0
ES =0010 0000000000000000 ffffffff 00cf9300 DPL=0 DS   [-WA]
CS =0008 0000000000000000 ffffffff 00af9a00 DPL=0 CS64 [-R-]
SS =0010 0000000000000000 ffffffff 00cf9300 DPL=0 DS   [-WA]
DS =0010 0000000000000000 ffffffff 00cf9300 DPL=0 DS   [-WA]
FS =0010 0000000000000000 ffffffff 00cf9300 DPL=0 DS   [-WA]
GS =0010 0000000000000000 ffffffff 00cf9300 DPL=0 DS   [-WA]
LDT=0000 0000000000000000 0000ffff 00008200 DPL=0 LDT
TR =0000 0000000000000000 0000ffff 00008b00 DPL=0 TSS64-busy
GDT=     00000000001918c0 00000017
IDT=     00000000001900a0 00000fff
CR0=80000011 CR2=0000000000000000 CR3=0000000000104000 CR4=00000020
DR0=0000000000000000 DR1=0000000000000000 DR2=0000000000000000 DR3=0000000000000000 
DR6=00000000ffff0ff0 DR7=0000000000000400
CCS=0000000000000014 CCD=0000000000107f58 CCO=EFLAGS
EFER=0000000000000500
Servicing hardware INT=0x20
   541: v=20 e=0000 i=0 cpl=0 IP=0008:0000000000100500 pc=0000000000100500 SP=0010:0000000000107f80 env->regs[R_EAX]=0000000000000000
RAX=0000000000000000 RBX=0000000000000000 RCX=0000000000000002 RDX=00000000000003d5
RSI=0000000000000000 RDI=00000000000003d5 RBP=0000000000107ff0 RSP=0000000000107f80
R8 =0000000000000000 R9 =0000000000000000 R10=0000000000000000 R11=0000000000000000
R12=0000000000000000 R13=0000000000000000 R14=0000000000000000 R15=0000000000000000
RIP=0000000000100500 RFL=00000216 [----AP-] CPL=0 II=0 A20=1 SMM=0 HLT=0
ES =0010 0000000000000000 ffffffff 00cf9300 DPL=0 DS   [-WA]
CS =0008 0000000000000000 ffffffff 00af9a00 DPL=0 CS64 [-R-]
SS =0010 0000000000000000 ffffffff 00cf9300 DPL=0 DS   [-WA]
DS =0010 0000000000000000 ffffffff 00cf9300 DPL=0 DS   [-WA]
FS =0010 0000000000000000 ffffffff 00cf9300 DPL=0 DS   [-WA]
GS =0010 0000000000000000 ffffffff 00cf9300 DPL=0 DS   [-WA]
LDT=0000 0000000000000000 0000ffff 00008200 DPL=0 LDT
TR =0000 0000000000000000 0000ffff 00008b00 DPL=0 TSS64-busy
GDT=     00000000001918c0 00000017
IDT=     00000000001900a0 00000fff
CR0=80000011 CR2=0000000000000000 CR3=0000000000104000 CR4=00000020
DR0=0000000000000000 DR1=0000000000000000 DR2=0000000000000000 DR3=0000000000000000 
DR6=00000000ffff0ff0 DR7=0000000000000400
CCS=0000000000000014 CCD=0000000000107f58 CCO=EFLAGS
EFER=0000000000000500
Servicing hardware INT=0x20
   542: v=20 e=0000 i=0 cpl=0 IP=0008:0000000000100500 pc=0000000000100500 SP=0010:0000000000107f80 env->regs[R_EAX]=0000000000000000
RAX=0000000000000000 RBX=0000000000000000 RCX=0000000000000002 RDX=00000000000003d5
RSI=0000000000000000 RDI=00000000000003d5 RBP=0000000000107ff0 RSP=0000000000107f80
R8 =0000000000000000 R9 =0000000000000000 R10=0000000000000000 R11=0000000000000000
R12=0000000000000000 R13=0000000000000000 R14=0000000000000000 R15=0000000000000000
RIP=0000000000100500 RFL=00000216 [----AP-] CPL=0 II=0 A20=1 SMM=0 HLT=0
ES =0010 0000000000000000 ffffffff 00cf9300 DPL=0 DS   [-WA]
CS =0008 0000000000000000 ffffffff 00af9a00 DPL=0 CS64 [-R-]
SS =0010 0000000000000000 ffffffff 00cf9300 DPL=0 DS   [-WA]
DS =0010 0000000000000000 ffffffff 00cf9300 DPL=0 DS   [-WA]
FS =0010 0000000000000000 ffffffff 00cf9300 DPL=0 DS   [-WA]
GS =0010 0000000000000000 ffffffff 00cf9300 DPL=0 DS   [-WA]
LDT=0000 0000000000000000 0000ffff 00008200 DPL=0 LDT
TR =0000 0000000000000000 0000ffff 00008b00 DPL=0 TSS64-busy
GDT=     00000000001918c0 00000017
IDT=     00000000001900a0 00000fff
CR0=80000011 CR2=0000000000000000 CR3=0000000000104000 CR4=00000020
DR0=0000000000000000 DR1=0000000000000000 DR2=0000000000000000 DR3=0000000000000000 
DR6=00000000ffff0ff0 DR7=0000000000000400
CCS=0000000000000014 CCD=0000000000107f58 CCO=EFLAGS
EFER=0000000000000500
Servicing hardware INT=0x20
   543: v=20 e=0000 i=0 cpl=0 IP=0008:0000000000100500 pc=0000000000100500 SP=0010:0000000000107f80 env->regs[R_EAX]=0000000000000000
RAX=0000000000000000 RBX=0000000000000000 RCX=0000000000000002 RDX=00000000000003d5
RSI=0000000000000000 RDI=00000000000003d5 RBP=0000000000107ff0 RSP=0000000000107f80
R8 =0000000000000000 R9 =0000000000000000 R10=0000000000000000 R11=0000000000000000
R12=0000000000000000 R13=0000000000000000 R14=0000000000000000 R15=0000000000000000
RIP=0000000000100500 RFL=00000216 [----AP-] CPL=0 II=0 A20=1 SMM=0 HLT=0
ES =0010 0000000000000000 ffffffff 00cf9300 DPL=0 DS   [-WA]
CS =0008 0000000000000000 ffffffff 00af9a00 DPL=0 CS64 [-R-]
SS =0010 0000000000000000 ffffffff 00cf9300 DPL=0 DS   [-WA]
DS =0010 0000000000000000 ffffffff 00cf9300 DPL=0 DS   [-WA]
FS =0010 0000000000000000 ffffffff 00cf9300 DPL=0 DS   [-WA]
GS =0010 0000000000000000 ffffffff 00cf9300 DPL=0 DS   [-WA]
LDT=0000 0000000000000000 0000ffff 00008200 DPL=0 LDT
TR =0000 0000000000000000 0000ffff 00008b00 DPL=0 TSS64-busy
GDT=     00000000001918c0 00000017
IDT=     00000000001900a0 00000fff
CR0=80000011 CR2=0000000000000000 CR3=0000000000104000 CR4=00000020
DR0=0000000000000000 DR1=0000000000000000 DR2=0000000000000000 DR3=0000000000000000 
DR6=00000000ffff0ff0 DR7=0000000000000400
CCS=0000000000000014 CCD=0000000000107f58 CCO=EFLAGS
EFER=0000000000000500
Servicing hardware INT=0x21
   544: v=21 e=0000 i=0 cpl=0 IP=0008:0000000000100500 pc=0000000000100500 SP=0010:0000000000107f80 env->regs[R_EAX]=0000000000000000
RAX=0000000000000000 RBX=0000000000000000 RCX=0000000000000002 RDX=00000000000003d5
RSI=0000000000000000 RDI=00000000000003d5 RBP=0000000000107ff0 RSP=0000000000107f80
R8 =0000000000000000 R9 =0000000000000000 R10=0000000000000000 R11=0000000000000000
R12=0000000000000000 R13=0000000000000000 R14=0000000000000000 R15=0000000000000000
RIP=0000000000100500 RFL=00000216 [----AP-] CPL=0 II=0 A20=1 SMM=0 HLT=0
ES =0010 0000000000000000 ffffffff 00cf9300 DPL=0 DS   [-WA]
CS =0008 0000000000000000 ffffffff 00af9a00 DPL=0 CS64 [-R-]
SS =0010 0000000000000000 ffffffff 00cf9300 DPL=0 DS   [-WA]
DS =0010 0000000000000000 ffffffff 00cf9300 DPL=0 DS   [-WA]
FS =0010 0000000000000000 ffffffff 00cf9300 DPL=0 DS   [-WA]
GS =0010 0000000000000000 ffffffff 00cf9300 DPL=0 DS   [-WA]
LDT=0000 0000000000000000 0000ffff 00008200 DPL=0 LDT
TR =0000 0000000000000000 0000ffff 00008b00 DPL=0 TSS64-busy
GDT=     00000000001918c0 00000017
IDT=     00000000001900a0 00000fff
CR0=80000011 CR2=0000000000000000 CR3=0000000000104000 CR4=00000020
DR0=0000000000000000 DR1=0000000000000000 DR2=0000000000000000 DR3=0000000000000000 
DR6=00000000ffff0ff0 DR7=0000000000000400
CCS=0000000000000014 CCD=0000000000107f58 CCO=EFLAGS
EFER=0000000000000500
Servicing hardware INT=0x20
   545: v=20 e=0000 i=0 cpl=0 IP=0008:0000000000100500 pc=0000000000100500 SP=0010:0000000000107f80 env->regs[R_EAX]=0000000000000000
RAX=0000000000000000 RBX=0000000000000000 RCX=0000000000000002 RDX=00000000000003d5
RSI=0000000000000000 RDI=00000000000003d5 RBP=0000000000107ff0 RSP=0000000000107f80
R8 =0000000000000000 R9 =0000000000000000 R10=0000000000000000 R11=0000000000000000
R12=0000000000000000 R13=0000000000000000 R14=0000000000000000 R15=0000000000000000
RIP=0000000000100500 RFL=00000216 [----AP-] CPL=0 II=0 A20=1 SMM=0 HLT=0
ES =0010 0000000000000000 ffffffff 00cf9300 DPL=0 DS   [-WA]
CS =0008 0000000000000000 ffffffff 00af9a00 DPL=0 CS64 [-R-]
SS =0010 0000000000000000 ffffffff 00cf9300 DPL=0 DS   [-WA]
DS =0010 0000000000000000 ffffffff 00cf9300 DPL=0 DS   [-WA]
FS =0010 0000000000000000 ffffffff 00cf9300 DPL=0 DS   [-WA]
GS =0010 0000000000000000 ffffffff 00cf9300 DPL=0 DS   [-WA]
LDT=0000 0000000000000000 0000ffff 00008200 DPL=0 LDT
TR =0000 0000000000000000 0000ffff 00008b00 DPL=0 TSS64-busy
GDT=     00000000001918c0 00000017
IDT=     00000000001900a0 00000fff
CR0=80000011 CR2=0000000000000000 CR3=0000000000104000 CR4=00000020
DR0=0000000000000000 DR1=0000000000000000 DR2=0000000000000000 DR3=0000000000000000 
DR6=00000000ffff0ff0 DR7=0000000000000400
CCS=0000000000000014 CCD=0000000000107f58 CCO=EFLAGS
EFER=0000000000000500
Servicing hardware INT=0x20
   546: v=20 e=0000 i=0 cpl=0 IP=0008:0000000000100500 pc=0000000000100500 SP=0010:0000000000107f80 env->regs[R_EAX]=0000000000000000
RAX=0000000000000000 RBX=0000000000000000 RCX=0000000000000002 RDX=00000000000003d5
RSI=0000000000000000 RDI=00000000000003d5 RBP=0000000000107ff0 RSP=0000000000107f80
R8 =0000000000000000 R9 =0000000000000000 R10=0000000000000000 R11=0000000000000000
R12=0000000000000000 R13=0000000000000000 R14=0000000000000000 R15=0000000000000000
RIP=0000000000100500 RFL=00000216 [----AP-] CPL=0 II=0 A20=1 SMM=0 HLT=0
ES =0010 0000000000000000 ffffffff 00cf9300 DPL=0 DS   [-WA]
CS =0008 0000000000000000 ffffffff 00af9a00 DPL=0 CS64 [-R-]
SS =0010 0000000000000000 ffffffff 00cf9300 DPL=0 DS   [-WA]
DS =0010 0000000000000000 ffffffff 00cf9300 DPL=0 DS   [-WA]
FS =0010 0000000000000000 ffffffff 00cf9300 DPL=0 DS   [-WA]
GS =0010 0000000000000000 ffffffff 00cf9300 DPL=0 DS   [-WA]
LDT=0000 0000000000000000 0000ffff 00008200 DPL=0 LDT
TR =0000 0000000000000000 0000ffff 00008b00 DPL=0 TSS64-busy
GDT=     00000000001918c0 00000017
IDT=     00000000001900a0 00000fff
CR0=80000011 CR2=0000000000000000 CR3=0000000000104000 CR4=00000020
DR0=0000000000000000 DR1=0000000000000000 DR2=0000000000000000 DR3=0000000000000000 
DR6=00000000ffff0ff0 DR7=0000000000000400
CCS=0000000000000014 CCD=0000000000107f58 CCO=EFLAGS
EFER=0000000000000500
Servicing hardware INT=0x20
   547: v=20 e=0000 i=0 cpl=0 IP=0008:0000000000100500 pc=0000000000100500 SP=0010:0000000000107f80 env->regs[R_EAX]=0000000000000000
RAX=0000000000000000 RBX=0000000000000000 RCX=0000000000000002 RDX=00000000000003d5
RSI=0000000000000000 RDI=00000000000003d5 RBP=0000000000107ff0 RSP=0000000000107f80
R8 =0000000000000000 R9 =0000000000000000 R10=0000000000000000 R11=0000000000000000
R12=0000000000000000 R13=0000000000000000 R14=0000000000000000 R15=0000000000000000
RIP=0000000000100500 RFL=00000216 [----AP-] CPL=0 II=0 A20=1 SMM=0 HLT=0
ES =0010 0000000000000000 ffffffff 00cf9300 DPL=0 DS   [-WA]
CS =0008 0000000000000000 ffffffff 00af9a00 DPL=0 CS64 [-R-]
SS =0010 0000000000000000 ffffffff 00cf9300 DPL=0 DS   [-WA]
DS =0010 0000000000000000 ffffffff 00cf9300 DPL=0 DS   [-WA]
FS =0010 0000000000000000 ffffffff 00cf9300 DPL=0 DS   [-WA]
GS =0010 0000000000000000 ffffffff 00cf9300 DPL=0 DS   [-WA]
LDT=0000 0000000000000000 0000ffff 00008200 DPL=0 LDT
TR =0000 0000000000000000 0000ffff 00008b00 DPL=0 TSS64-busy
GDT=     00000000001918c0 00000017
IDT=     00000000001900a0 00000fff
CR0=80000011 CR2=0000000000000000 CR3=0000000000104000 CR4=00000020
DR0=0000000000000000 DR1=0000000000000000 DR2=0000000000000000 DR3=0000000000000000 
DR6=00000000ffff0ff0 DR7=0000000000000400
CCS=0000000000000014 CCD=0000000000107f58 CCO=EFLAGS
EFER=0000000000000500
Servicing hardware INT=0x20
   548: v=20 e=0000 i=0 cpl=0 IP=0008:0000000000100500 pc=0000000000100500 SP=0010:0000000000107f80 env->regs[R_EAX]=0000000000000000
RAX=0000000000000000 RBX=0000000000000000 RCX=0000000000000002 RDX=00000000000003d5
RSI=0000000000000000 RDI=00000000000003d5 RBP=0000000000107ff0 RSP=0000000000107f80
R8 =0000000000000000 R9 =0000000000000000 R10=0000000000000000 R11=0000000000000000
R12=0000000000000000 R13=0000000000000000 R14=0000000000000000 R15=0000000000000000
RIP=0000000000100500 RFL=00000216 [----AP-] CPL=0 II=0 A20=1 SMM=0 HLT=0
ES =0010 0000000000000000 ffffffff 00cf9300 DPL=0 DS   [-WA]
CS =0008 0000000000000000 ffffffff 00af9a00 DPL=0 CS64 [-R-]
SS =0010 0000000000000000 ffffffff 00cf9300 DPL=0 DS   [-WA]
DS =0010 0000000000000000 ffffffff 00cf9300 DPL=0 DS   [-WA]
FS =0010 0000000000000000 ffffffff 00cf9300 DPL=0 DS   [-WA]
GS =0010 0000000000000000 ffffffff 00cf9300 DPL=0 DS   [-WA]
LDT=0000 0000000000000000 0000ffff 00008200 DPL=0 LDT
TR =0000 0000000000000000 0000ffff 00008b00 DPL=0 TSS64-busy
GDT=     00000000001918c0 00000017
IDT=     00000000001900a0 00000fff
CR0=80000011 CR2=0000000000000000 CR3=0000000000104000 CR4=00000020
DR0=0000000000000000 DR1=0000000000000000 DR2=0000000000000000 DR3=0000000000000000 
DR6=00000000ffff0ff0 DR7=0000000000000400
CCS=0000000000000014 CCD=0000000000107f58 CCO=EFLAGS
EFER=0000000000000500
Servicing hardware INT=0x20
   549: v=20 e=0000 i=0 cpl=0 IP=0008:0000000000100500 pc=0000000000100500 SP=0010:0000000000107f80 env->regs[R_EAX]=0000000000000000
RAX=0000000000000000 RBX=0000000000000000 RCX=0000000000000002 RDX=00000000000003d5
RSI=0000000000000000 RDI=00000000000003d5 RBP=0000000000107ff0 RSP=0000000000107f80
R8 =0000000000000000 R9 =0000000000000000 R10=0000000000000000 R11=0000000000000000
R12=0000000000000000 R13=0000000000000000 R14=0000000000000000 R15=0000000000000000
RIP=0000000000100500 RFL=00000216 [----AP-] CPL=0 II=0 A20=1 SMM=0 HLT=0
ES =0010 0000000000000000 ffffffff 00cf9300 DPL=0 DS   [-WA]
CS =0008 0000000000000000 ffffffff 00af9a00 DPL=0 CS64 [-R-]
SS =0010 0000000000000000 ffffffff 00cf9300 DPL=0 DS   [-WA]
DS =0010 0000000000000000 ffffffff 00cf9300 DPL=0 DS   [-WA]
FS =0010 0000000000000000 ffffffff 00cf9300 DPL=0 DS   [-WA]
GS =0010 0000000000000000 ffffffff 00cf9300 DPL=0 DS   [-WA]
LDT=0000 0000000000000000 0000ffff 00008200 DPL=0 LDT
TR =0000 0000000000000000 0000ffff 00008b00 DPL=0 TSS64-busy
GDT=     00000000001918c0 00000017
IDT=     00000000001900a0 00000fff
CR0=80000011 CR2=0000000000000000 CR3=0000000000104000 CR4=00000020
DR0=0000000000000000 DR1=0000000000000000 DR2=0000000000000000 DR3=0000000000000000 
DR6=00000000ffff0ff0 DR7=0000000000000400
CCS=0000000000000014 CCD=0000000000107f58 CCO=EFLAGS
EFER=0000000000000500
Servicing hardware INT=0x20
   550: v=20 e=0000 i=0 cpl=0 IP=0008:0000000000100500 pc=0000000000100500 SP=0010:0000000000107f80 env->regs[R_EAX]=0000000000000000
RAX=0000000000000000 RBX=0000000000000000 RCX=0000000000000002 RDX=00000000000003d5
RSI=0000000000000000 RDI=00000000000003d5 RBP=0000000000107ff0 RSP=0000000000107f80
R8 =0000000000000000 R9 =0000000000000000 R10=0000000000000000 R11=0000000000000000
R12=0000000000000000 R13=0000000000000000 R14=0000000000000000 R15=0000000000000000
RIP=0000000000100500 RFL=00000216 [----AP-] CPL=0 II=0 A20=1 SMM=0 HLT=0
ES =0010 0000000000000000 ffffffff 00cf9300 DPL=0 DS   [-WA]
CS =0008 0000000000000000 ffffffff 00af9a00 DPL=0 CS64 [-R-]
SS =0010 0000000000000000 ffffffff 00cf9300 DPL=0 DS   [-WA]
DS =0010 0000000000000000 ffffffff 00cf9300 DPL=0 DS   [-WA]
FS =0010 0000000000000000 ffffffff 00cf9300 DPL=0 DS   [-WA]
GS =0010 0000000000000000 ffffffff 00cf9300 DPL=0 DS   [-WA]
LDT=0000 0000000000000000 0000ffff 00008200 DPL=0 LDT
TR =0000 0000000000000000 0000ffff 00008b00 DPL=0 TSS64-busy
GDT=     00000000001918c0 00000017
IDT=     00000000001900a0 00000fff
CR0=80000011 CR2=0000000000000000 CR3=0000000000104000 CR4=00000020
DR0=0000000000000000 DR1=0000000000000000 DR2=0000000000000000 DR3=0000000000000000 
DR6=00000000ffff0ff0 DR7=0000000000000400
CCS=0000000000000014 CCD=0000000000107f58 CCO=EFLAGS
EFER=0000000000000500
Servicing hardware INT=0x20
   551: v=20 e=0000 i=0 cpl=0 IP=0008:0000000000100500 pc=0000000000100500 SP=0010:0000000000107f80 env->regs[R_EAX]=0000000000000000
RAX=0000000000000000 RBX=0000000000000000 RCX=0000000000000002 RDX=00000000000003d5
RSI=0000000000000000 RDI=00000000000003d5 RBP=0000000000107ff0 RSP=0000000000107f80
R8 =0000000000000000 R9 =0000000000000000 R10=0000000000000000 R11=0000000000000000
R12=0000000000000000 R13=0000000000000000 R14=0000000000000000 R15=0000000000000000
RIP=0000000000100500 RFL=00000216 [----AP-] CPL=0 II=0 A20=1 SMM=0 HLT=0
ES =0010 0000000000000000 ffffffff 00cf9300 DPL=0 DS   [-WA]
CS =0008 0000000000000000 ffffffff 00af9a00 DPL=0 CS64 [-R-]
SS =0010 0000000000000000 ffffffff 00cf9300 DPL=0 DS   [-WA]
DS =0010 0000000000000000 ffffffff 00cf9300 DPL=0 DS   [-WA]
FS =0010 0000000000000000 ffffffff 00cf9300 DPL=0 DS   [-WA]
GS =0010 0000000000000000 ffffffff 00cf9300 DPL=0 DS   [-WA]
LDT=0000 0000000000000000 0000ffff 00008200 DPL=0 LDT
TR =0000 0000000000000000 0000ffff 00008b00 DPL=0 TSS64-busy
GDT=     00000000001918c0 00000017
IDT=     00000000001900a0 00000fff
CR0=80000011 CR2=0000000000000000 CR3=0000000000104000 CR4=00000020
DR0=0000000000000000 DR1=0000000000000000 DR2=0000000000000000 DR3=0000000000000000 
DR6=00000000ffff0ff0 DR7=0000000000000400
CCS=0000000000000014 CCD=0000000000107f58 CCO=EFLAGS
EFER=0000000000000500
Servicing hardware INT=0x20
   552: v=20 e=0000 i=0 cpl=0 IP=0008:0000000000100500 pc=0000000000100500 SP=0010:0000000000107f80 env->regs[R_EAX]=0000000000000000
RAX=0000000000000000 RBX=0000000000000000 RCX=0000000000000002 RDX=00000000000003d5
RSI=0000000000000000 RDI=00000000000003d5 RBP=0000000000107ff0 RSP=0000000000107f80
R8 =0000000000000000 R9 =0000000000000000 R10=0000000000000000 R11=0000000000000000
R12=0000000000000000 R13=0000000000000000 R14=0000000000000000 R15=0000000000000000
RIP=0000000000100500 RFL=00000216 [----AP-] CPL=0 II=0 A20=1 SMM=0 HLT=0
ES =0010 0000000000000000 ffffffff 00cf9300 DPL=0 DS   [-WA]
CS =0008 0000000000000000 ffffffff 00af9a00 DPL=0 CS64 [-R-]
SS =0010 0000000000000000 ffffffff 00cf9300 DPL=0 DS   [-WA]
DS =0010 0000000000000000 ffffffff 00cf9300 DPL=0 DS   [-WA]
FS =0010 0000000000000000 ffffffff 00cf9300 DPL=0 DS   [-WA]
GS =0010 0000000000000000 ffffffff 00cf9300 DPL=0 DS   [-WA]
LDT=0000 0000000000000000 0000ffff 00008200 DPL=0 LDT
TR =0000 0000000000000000 0000ffff 00008b00 DPL=0 TSS64-busy
GDT=     00000000001918c0 00000017
IDT=     00000000001900a0 00000fff
CR0=80000011 CR2=0000000000000000 CR3=0000000000104000 CR4=00000020
DR0=0000000000000000 DR1=0000000000000000 DR2=0000000000000000 DR3=0000000000000000 
DR6=00000000ffff0ff0 DR7=0000000000000400
CCS=0000000000000014 CCD=0000000000107f58 CCO=EFLAGS
EFER=0000000000000500
Servicing hardware INT=0x20
   553: v=20 e=0000 i=0 cpl=0 IP=0008:0000000000100500 pc=0000000000100500 SP=0010:0000000000107f80 env->regs[R_EAX]=0000000000000000
RAX=0000000000000000 RBX=0000000000000000 RCX=0000000000000002 RDX=00000000000003d5
RSI=0000000000000000 RDI=00000000000003d5 RBP=0000000000107ff0 RSP=0000000000107f80
R8 =0000000000000000 R9 =0000000000000000 R10=0000000000000000 R11=0000000000000000
R12=0000000000000000 R13=0000000000000000 R14=0000000000000000 R15=0000000000000000
RIP=0000000000100500 RFL=00000216 [----AP-] CPL=0 II=0 A20=1 SMM=0 HLT=0
ES =0010 0000000000000000 ffffffff 00cf9300 DPL=0 DS   [-WA]
CS =0008 0000000000000000 ffffffff 00af9a00 DPL=0 CS64 [-R-]
SS =0010 0000000000000000 ffffffff 00cf9300 DPL=0 DS   [-WA]
DS =0010 0000000000000000 ffffffff 00cf9300 DPL=0 DS   [-WA]
FS =0010 0000000000000000 ffffffff 00cf9300 DPL=0 DS   [-WA]
GS =0010 0000000000000000 ffffffff 00cf9300 DPL=0 DS   [-WA]
LDT=0000 0000000000000000 0000ffff 00008200 DPL=0 LDT
TR =0000 0000000000000000 0000ffff 00008b00 DPL=0 TSS64-busy
GDT=     00000000001918c0 00000017
IDT=     00000000001900a0 00000fff
CR0=80000011 CR2=0000000000000000 CR3=0000000000104000 CR4=00000020
DR0=0000000000000000 DR1=0000000000000000 DR2=0000000000000000 DR3=0000000000000000 
DR6=00000000ffff0ff0 DR7=0000000000000400
CCS=0000000000000014 CCD=0000000000107f58 CCO=EFLAGS
EFER=0000000000000500
Servicing hardware INT=0x20
   554: v=20 e=0000 i=0 cpl=0 IP=0008:0000000000100500 pc=0000000000100500 SP=0010:0000000000107f80 env->regs[R_EAX]=0000000000000000
RAX=0000000000000000 RBX=0000000000000000 RCX=0000000000000002 RDX=00000000000003d5
RSI=0000000000000000 RDI=00000000000003d5 RBP=0000000000107ff0 RSP=0000000000107f80
R8 =0000000000000000 R9 =0000000000000000 R10=0000000000000000 R11=0000000000000000
R12=0000000000000000 R13=0000000000000000 R14=0000000000000000 R15=0000000000000000
RIP=0000000000100500 RFL=00000216 [----AP-] CPL=0 II=0 A20=1 SMM=0 HLT=0
ES =0010 0000000000000000 ffffffff 00cf9300 DPL=0 DS   [-WA]
CS =0008 0000000000000000 ffffffff 00af9a00 DPL=0 CS64 [-R-]
SS =0010 0000000000000000 ffffffff 00cf9300 DPL=0 DS   [-WA]
DS =0010 0000000000000000 ffffffff 00cf9300 DPL=0 DS   [-WA]
FS =0010 0000000000000000 ffffffff 00cf9300 DPL=0 DS   [-WA]
GS =0010 0000000000000000 ffffffff 00cf9300 DPL=0 DS   [-WA]
LDT=0000 0000000000000000 0000ffff 00008200 DPL=0 LDT
TR =0000 0000000000000000 0000ffff 00008b00 DPL=0 TSS64-busy
GDT=     00000000001918c0 00000017
IDT=     00000000001900a0 00000fff
CR0=80000011 CR2=0000000000000000 CR3=0000000000104000 CR4=00000020
DR0=0000000000000000 DR1=0000000000000000 DR2=0000000000000000 DR3=0000000000000000 
DR6=00000000ffff0ff0 DR7=0000000000000400
CCS=0000000000000014 CCD=0000000000107f58 CCO=EFLAGS
EFER=0000000000000500
Servicing hardware INT=0x20
   555: v=20 e=0000 i=0 cpl=0 IP=0008:0000000000100500 pc=0000000000100500 SP=0010:0000000000107f80 env->regs[R_EAX]=0000000000000000
RAX=0000000000000000 RBX=0000000000000000 RCX=0000000000000002 RDX=00000000000003d5
RSI=0000000000000000 RDI=00000000000003d5 RBP=0000000000107ff0 RSP=0000000000107f80
R8 =0000000000000000 R9 =0000000000000000 R10=0000000000000000 R11=0000000000000000
R12=0000000000000000 R13=0000000000000000 R14=0000000000000000 R15=0000000000000000
RIP=0000000000100500 RFL=00000216 [----AP-] CPL=0 II=0 A20=1 SMM=0 HLT=0
ES =0010 0000000000000000 ffffffff 00cf9300 DPL=0 DS   [-WA]
CS =0008 0000000000000000 ffffffff 00af9a00 DPL=0 CS64 [-R-]
SS =0010 0000000000000000 ffffffff 00cf9300 DPL=0 DS   [-WA]
DS =0010 0000000000000000 ffffffff 00cf9300 DPL=0 DS   [-WA]
FS =0010 0000000000000000 ffffffff 00cf9300 DPL=0 DS   [-WA]
GS =0010 0000000000000000 ffffffff 00cf9300 DPL=0 DS   [-WA]
LDT=0000 0000000000000000 0000ffff 00008200 DPL=0 LDT
TR =0000 0000000000000000 0000ffff 00008b00 DPL=0 TSS64-busy
GDT=     00000000001918c0 00000017
IDT=     00000000001900a0 00000fff
CR0=80000011 CR2=0000000000000000 CR3=0000000000104000 CR4=00000020
DR0=0000000000000000 DR1=0000000000000000 DR2=0000000000000000 DR3=0000000000000000 
DR6=00000000ffff0ff0 DR7=0000000000000400
CCS=0000000000000014 CCD=0000000000107f58 CCO=EFLAGS
EFER=0000000000000500
Servicing hardware INT=0x20
   556: v=20 e=0000 i=0 cpl=0 IP=0008:0000000000100500 pc=0000000000100500 SP=0010:0000000000107f80 env->regs[R_EAX]=0000000000000000
RAX=0000000000000000 RBX=0000000000000000 RCX=0000000000000002 RDX=00000000000003d5
RSI=0000000000000000 RDI=00000000000003d5 RBP=0000000000107ff0 RSP=0000000000107f80
R8 =0000000000000000 R9 =0000000000000000 R10=0000000000000000 R11=0000000000000000
R12=0000000000000000 R13=0000000000000000 R14=0000000000000000 R15=0000000000000000
RIP=0000000000100500 RFL=00000216 [----AP-] CPL=0 II=0 A20=1 SMM=0 HLT=0
ES =0010 0000000000000000 ffffffff 00cf9300 DPL=0 DS   [-WA]
CS =0008 0000000000000000 ffffffff 00af9a00 DPL=0 CS64 [-R-]
SS =0010 0000000000000000 ffffffff 00cf9300 DPL=0 DS   [-WA]
DS =0010 0000000000000000 ffffffff 00cf9300 DPL=0 DS   [-WA]
FS =0010 0000000000000000 ffffffff 00cf9300 DPL=0 DS   [-WA]
GS =0010 0000000000000000 ffffffff 00cf9300 DPL=0 DS   [-WA]
LDT=0000 0000000000000000 0000ffff 00008200 DPL=0 LDT
TR =0000 0000000000000000 0000ffff 00008b00 DPL=0 TSS64-busy
GDT=     00000000001918c0 00000017
IDT=     00000000001900a0 00000fff
CR0=80000011 CR2=0000000000000000 CR3=0000000000104000 CR4=00000020
DR0=0000000000000000 DR1=0000000000000000 DR2=0000000000000000 DR3=0000000000000000 
DR6=00000000ffff0ff0 DR7=0000000000000400
CCS=0000000000000014 CCD=0000000000107f58 CCO=EFLAGS
EFER=0000000000000500
Servicing hardware INT=0x20
   557: v=20 e=0000 i=0 cpl=0 IP=0008:0000000000100500 pc=0000000000100500 SP=0010:0000000000107f80 env->regs[R_EAX]=0000000000000000
RAX=0000000000000000 RBX=0000000000000000 RCX=0000000000000002 RDX=00000000000003d5
RSI=0000000000000000 RDI=00000000000003d5 RBP=0000000000107ff0 RSP=0000000000107f80
R8 =0000000000000000 R9 =0000000000000000 R10=0000000000000000 R11=0000000000000000
R12=0000000000000000 R13=0000000000000000 R14=0000000000000000 R15=0000000000000000
RIP=0000000000100500 RFL=00000216 [----AP-] CPL=0 II=0 A20=1 SMM=0 HLT=0
ES =0010 0000000000000000 ffffffff 00cf9300 DPL=0 DS   [-WA]
CS =0008 0000000000000000 ffffffff 00af9a00 DPL=0 CS64 [-R-]
SS =0010 0000000000000000 ffffffff 00cf9300 DPL=0 DS   [-WA]
DS =0010 0000000000000000 ffffffff 00cf9300 DPL=0 DS   [-WA]
FS =0010 0000000000000000 ffffffff 00cf9300 DPL=0 DS   [-WA]
GS =0010 0000000000000000 ffffffff 00cf9300 DPL=0 DS   [-WA]
LDT=0000 0000000000000000 0000ffff 00008200 DPL=0 LDT
TR =0000 0000000000000000 0000ffff 00008b00 DPL=0 TSS64-busy
GDT=     00000000001918c0 00000017
IDT=     00000000001900a0 00000fff
CR0=80000011 CR2=0000000000000000 CR3=0000000000104000 CR4=00000020
DR0=0000000000000000 DR1=0000000000000000 DR2=0000000000000000 DR3=0000000000000000 
DR6=00000000ffff0ff0 DR7=0000000000000400
CCS=0000000000000014 CCD=0000000000107f58 CCO=EFLAGS
EFER=0000000000000500
Servicing hardware INT=0x20
   558: v=20 e=0000 i=0 cpl=0 IP=0008:0000000000100500 pc=0000000000100500 SP=0010:0000000000107f80 env->regs[R_EAX]=0000000000000000
RAX=0000000000000000 RBX=0000000000000000 RCX=0000000000000002 RDX=00000000000003d5
RSI=0000000000000000 RDI=00000000000003d5 RBP=0000000000107ff0 RSP=0000000000107f80
R8 =0000000000000000 R9 =0000000000000000 R10=0000000000000000 R11=0000000000000000
R12=0000000000000000 R13=0000000000000000 R14=0000000000000000 R15=0000000000000000
RIP=0000000000100500 RFL=00000216 [----AP-] CPL=0 II=0 A20=1 SMM=0 HLT=0
ES =0010 0000000000000000 ffffffff 00cf9300 DPL=0 DS   [-WA]
CS =0008 0000000000000000 ffffffff 00af9a00 DPL=0 CS64 [-R-]
SS =0010 0000000000000000 ffffffff 00cf9300 DPL=0 DS   [-WA]
DS =0010 0000000000000000 ffffffff 00cf9300 DPL=0 DS   [-WA]
FS =0010 0000000000000000 ffffffff 00cf9300 DPL=0 DS   [-WA]
GS =0010 0000000000000000 ffffffff 00cf9300 DPL=0 DS   [-WA]
LDT=0000 0000000000000000 0000ffff 00008200 DPL=0 LDT
TR =0000 0000000000000000 0000ffff 00008b00 DPL=0 TSS64-busy
GDT=     00000000001918c0 00000017
IDT=     00000000001900a0 00000fff
CR0=80000011 CR2=0000000000000000 CR3=0000000000104000 CR4=00000020
DR0=0000000000000000 DR1=0000000000000000 DR2=0000000000000000 DR3=0000000000000000 
DR6=00000000ffff0ff0 DR7=0000000000000400
CCS=0000000000000014 CCD=0000000000107f58 CCO=EFLAGS
EFER=0000000000000500
Servicing hardware INT=0x21
   559: v=21 e=0000 i=0 cpl=0 IP=0008:0000000000100500 pc=0000000000100500 SP=0010:0000000000107f80 env->regs[R_EAX]=0000000000000000
RAX=0000000000000000 RBX=0000000000000000 RCX=0000000000000002 RDX=00000000000003d5
RSI=0000000000000000 RDI=00000000000003d5 RBP=0000000000107ff0 RSP=0000000000107f80
R8 =0000000000000000 R9 =0000000000000000 R10=0000000000000000 R11=0000000000000000
R12=0000000000000000 R13=0000000000000000 R14=0000000000000000 R15=0000000000000000
RIP=0000000000100500 RFL=00000216 [----AP-] CPL=0 II=0 A20=1 SMM=0 HLT=0
ES =0010 0000000000000000 ffffffff 00cf9300 DPL=0 DS   [-WA]
CS =0008 0000000000000000 ffffffff 00af9a00 DPL=0 CS64 [-R-]
SS =0010 0000000000000000 ffffffff 00cf9300 DPL=0 DS   [-WA]
DS =0010 0000000000000000 ffffffff 00cf9300 DPL=0 DS   [-WA]
FS =0010 0000000000000000 ffffffff 00cf9300 DPL=0 DS   [-WA]
GS =0010 0000000000000000 ffffffff 00cf9300 DPL=0 DS   [-WA]
LDT=0000 0000000000000000 0000ffff 00008200 DPL=0 LDT
TR =0000 0000000000000000 0000ffff 00008b00 DPL=0 TSS64-busy
GDT=     00000000001918c0 00000017
IDT=     00000000001900a0 00000fff
CR0=80000011 CR2=0000000000000000 CR3=0000000000104000 CR4=00000020
DR0=0000000000000000 DR1=0000000000000000 DR2=0000000000000000 DR3=0000000000000000 
DR6=00000000ffff0ff0 DR7=0000000000000400
CCS=0000000000000014 CCD=0000000000107f58 CCO=EFLAGS
EFER=0000000000000500
Servicing hardware INT=0x20
   560: v=20 e=0000 i=0 cpl=0 IP=0008:0000000000100500 pc=0000000000100500 SP=0010:0000000000107f80 env->regs[R_EAX]=0000000000000000
RAX=0000000000000000 RBX=0000000000000000 RCX=0000000000000002 RDX=00000000000003d5
RSI=0000000000000000 RDI=00000000000003d5 RBP=0000000000107ff0 RSP=0000000000107f80
R8 =0000000000000000 R9 =0000000000000000 R10=0000000000000000 R11=0000000000000000
R12=0000000000000000 R13=0000000000000000 R14=0000000000000000 R15=0000000000000000
RIP=0000000000100500 RFL=00000216 [----AP-] CPL=0 II=0 A20=1 SMM=0 HLT=0
ES =0010 0000000000000000 ffffffff 00cf9300 DPL=0 DS   [-WA]
CS =0008 0000000000000000 ffffffff 00af9a00 DPL=0 CS64 [-R-]
SS =0010 0000000000000000 ffffffff 00cf9300 DPL=0 DS   [-WA]
DS =0010 0000000000000000 ffffffff 00cf9300 DPL=0 DS   [-WA]
FS =0010 0000000000000000 ffffffff 00cf9300 DPL=0 DS   [-WA]
GS =0010 0000000000000000 ffffffff 00cf9300 DPL=0 DS   [-WA]
LDT=0000 0000000000000000 0000ffff 00008200 DPL=0 LDT
TR =0000 0000000000000000 0000ffff 00008b00 DPL=0 TSS64-busy
GDT=     00000000001918c0 00000017
IDT=     00000000001900a0 00000fff
CR0=80000011 CR2=0000000000000000 CR3=0000000000104000 CR4=00000020
DR0=0000000000000000 DR1=0000000000000000 DR2=0000000000000000 DR3=0000000000000000 
DR6=00000000ffff0ff0 DR7=0000000000000400
CCS=0000000000000014 CCD=0000000000107f58 CCO=EFLAGS
EFER=0000000000000500
Servicing hardware INT=0x21
   561: v=21 e=0000 i=0 cpl=0 IP=0008:0000000000100500 pc=0000000000100500 SP=0010:0000000000107f80 env->regs[R_EAX]=0000000000000000
RAX=0000000000000000 RBX=0000000000000000 RCX=0000000000000002 RDX=00000000000003d5
RSI=0000000000000000 RDI=00000000000003d5 RBP=0000000000107ff0 RSP=0000000000107f80
R8 =0000000000000000 R9 =0000000000000000 R10=0000000000000000 R11=0000000000000000
R12=0000000000000000 R13=0000000000000000 R14=0000000000000000 R15=0000000000000000
RIP=0000000000100500 RFL=00000216 [----AP-] CPL=0 II=0 A20=1 SMM=0 HLT=0
ES =0010 0000000000000000 ffffffff 00cf9300 DPL=0 DS   [-WA]
CS =0008 0000000000000000 ffffffff 00af9a00 DPL=0 CS64 [-R-]
SS =0010 0000000000000000 ffffffff 00cf9300 DPL=0 DS   [-WA]
DS =0010 0000000000000000 ffffffff 00cf9300 DPL=0 DS   [-WA]
FS =0010 0000000000000000 ffffffff 00cf9300 DPL=0 DS   [-WA]
GS =0010 0000000000000000 ffffffff 00cf9300 DPL=0 DS   [-WA]
LDT=0000 0000000000000000 0000ffff 00008200 DPL=0 LDT
TR =0000 0000000000000000 0000ffff 00008b00 DPL=0 TSS64-busy
GDT=     00000000001918c0 00000017
IDT=     00000000001900a0 00000fff
CR0=80000011 CR2=0000000000000000 CR3=0000000000104000 CR4=00000020
DR0=0000000000000000 DR1=0000000000000000 DR2=0000000000000000 DR3=0000000000000000 
DR6=00000000ffff0ff0 DR7=0000000000000400
CCS=0000000000000014 CCD=0000000000107f58 CCO=EFLAGS
EFER=0000000000000500
Servicing hardware INT=0x20
   562: v=20 e=0000 i=0 cpl=0 IP=0008:0000000000100500 pc=0000000000100500 SP=0010:0000000000107f80 env->regs[R_EAX]=0000000000000000
RAX=0000000000000000 RBX=0000000000000000 RCX=0000000000000002 RDX=00000000000003d5
RSI=0000000000000000 RDI=00000000000003d5 RBP=0000000000107ff0 RSP=0000000000107f80
R8 =0000000000000000 R9 =0000000000000000 R10=0000000000000000 R11=0000000000000000
R12=0000000000000000 R13=0000000000000000 R14=0000000000000000 R15=0000000000000000
RIP=0000000000100500 RFL=00000216 [----AP-] CPL=0 II=0 A20=1 SMM=0 HLT=0
ES =0010 0000000000000000 ffffffff 00cf9300 DPL=0 DS   [-WA]
CS =0008 0000000000000000 ffffffff 00af9a00 DPL=0 CS64 [-R-]
SS =0010 0000000000000000 ffffffff 00cf9300 DPL=0 DS   [-WA]
DS =0010 0000000000000000 ffffffff 00cf9300 DPL=0 DS   [-WA]
FS =0010 0000000000000000 ffffffff 00cf9300 DPL=0 DS   [-WA]
GS =0010 0000000000000000 ffffffff 00cf9300 DPL=0 DS   [-WA]
LDT=0000 0000000000000000 0000ffff 00008200 DPL=0 LDT
TR =0000 0000000000000000 0000ffff 00008b00 DPL=0 TSS64-busy
GDT=     00000000001918c0 00000017
IDT=     00000000001900a0 00000fff
CR0=80000011 CR2=0000000000000000 CR3=0000000000104000 CR4=00000020
DR0=0000000000000000 DR1=0000000000000000 DR2=0000000000000000 DR3=0000000000000000 
DR6=00000000ffff0ff0 DR7=0000000000000400
CCS=0000000000000014 CCD=0000000000107f58 CCO=EFLAGS
EFER=0000000000000500
Servicing hardware INT=0x20
   563: v=20 e=0000 i=0 cpl=0 IP=0008:0000000000100500 pc=0000000000100500 SP=0010:0000000000107f80 env->regs[R_EAX]=0000000000000000
RAX=0000000000000000 RBX=0000000000000000 RCX=0000000000000002 RDX=00000000000003d5
RSI=0000000000000000 RDI=00000000000003d5 RBP=0000000000107ff0 RSP=0000000000107f80
R8 =0000000000000000 R9 =0000000000000000 R10=0000000000000000 R11=0000000000000000
R12=0000000000000000 R13=0000000000000000 R14=0000000000000000 R15=0000000000000000
RIP=0000000000100500 RFL=00000216 [----AP-] CPL=0 II=0 A20=1 SMM=0 HLT=0
ES =0010 0000000000000000 ffffffff 00cf9300 DPL=0 DS   [-WA]
CS =0008 0000000000000000 ffffffff 00af9a00 DPL=0 CS64 [-R-]
SS =0010 0000000000000000 ffffffff 00cf9300 DPL=0 DS   [-WA]
DS =0010 0000000000000000 ffffffff 00cf9300 DPL=0 DS   [-WA]
FS =0010 0000000000000000 ffffffff 00cf9300 DPL=0 DS   [-WA]
GS =0010 0000000000000000 ffffffff 00cf9300 DPL=0 DS   [-WA]
LDT=0000 0000000000000000 0000ffff 00008200 DPL=0 LDT
TR =0000 0000000000000000 0000ffff 00008b00 DPL=0 TSS64-busy
GDT=     00000000001918c0 00000017
IDT=     00000000001900a0 00000fff
CR0=80000011 CR2=0000000000000000 CR3=0000000000104000 CR4=00000020
DR0=0000000000000000 DR1=0000000000000000 DR2=0000000000000000 DR3=0000000000000000 
DR6=00000000ffff0ff0 DR7=0000000000000400
CCS=0000000000000014 CCD=0000000000107f58 CCO=EFLAGS
EFER=0000000000000500
Servicing hardware INT=0x21
   564: v=21 e=0000 i=0 cpl=0 IP=0008:0000000000100500 pc=0000000000100500 SP=0010:0000000000107f80 env->regs[R_EAX]=0000000000000000
RAX=0000000000000000 RBX=0000000000000000 RCX=0000000000000002 RDX=00000000000003d5
RSI=0000000000000000 RDI=00000000000003d5 RBP=0000000000107ff0 RSP=0000000000107f80
R8 =0000000000000000 R9 =0000000000000000 R10=0000000000000000 R11=0000000000000000
R12=0000000000000000 R13=0000000000000000 R14=0000000000000000 R15=0000000000000000
RIP=0000000000100500 RFL=00000216 [----AP-] CPL=0 II=0 A20=1 SMM=0 HLT=0
ES =0010 0000000000000000 ffffffff 00cf9300 DPL=0 DS   [-WA]
CS =0008 0000000000000000 ffffffff 00af9a00 DPL=0 CS64 [-R-]
SS =0010 0000000000000000 ffffffff 00cf9300 DPL=0 DS   [-WA]
DS =0010 0000000000000000 ffffffff 00cf9300 DPL=0 DS   [-WA]
FS =0010 0000000000000000 ffffffff 00cf9300 DPL=0 DS   [-WA]
GS =0010 0000000000000000 ffffffff 00cf9300 DPL=0 DS   [-WA]
LDT=0000 0000000000000000 0000ffff 00008200 DPL=0 LDT
TR =0000 0000000000000000 0000ffff 00008b00 DPL=0 TSS64-busy
GDT=     00000000001918c0 00000017
IDT=     00000000001900a0 00000fff
CR0=80000011 CR2=0000000000000000 CR3=0000000000104000 CR4=00000020
DR0=0000000000000000 DR1=0000000000000000 DR2=0000000000000000 DR3=0000000000000000 
DR6=00000000ffff0ff0 DR7=0000000000000400
CCS=0000000000000014 CCD=0000000000107f58 CCO=EFLAGS
EFER=0000000000000500
Servicing hardware INT=0x20
   565: v=20 e=0000 i=0 cpl=0 IP=0008:0000000000100500 pc=0000000000100500 SP=0010:0000000000107f80 env->regs[R_EAX]=0000000000000000
RAX=0000000000000000 RBX=0000000000000000 RCX=0000000000000002 RDX=00000000000003d5
RSI=0000000000000000 RDI=00000000000003d5 RBP=0000000000107ff0 RSP=0000000000107f80
R8 =0000000000000000 R9 =0000000000000000 R10=0000000000000000 R11=0000000000000000
R12=0000000000000000 R13=0000000000000000 R14=0000000000000000 R15=0000000000000000
RIP=0000000000100500 RFL=00000216 [----AP-] CPL=0 II=0 A20=1 SMM=0 HLT=0
ES =0010 0000000000000000 ffffffff 00cf9300 DPL=0 DS   [-WA]
CS =0008 0000000000000000 ffffffff 00af9a00 DPL=0 CS64 [-R-]
SS =0010 0000000000000000 ffffffff 00cf9300 DPL=0 DS   [-WA]
DS =0010 0000000000000000 ffffffff 00cf9300 DPL=0 DS   [-WA]
FS =0010 0000000000000000 ffffffff 00cf9300 DPL=0 DS   [-WA]
GS =0010 0000000000000000 ffffffff 00cf9300 DPL=0 DS   [-WA]
LDT=0000 0000000000000000 0000ffff 00008200 DPL=0 LDT
TR =0000 0000000000000000 0000ffff 00008b00 DPL=0 TSS64-busy
GDT=     00000000001918c0 00000017
IDT=     00000000001900a0 00000fff
CR0=80000011 CR2=0000000000000000 CR3=0000000000104000 CR4=00000020
DR0=0000000000000000 DR1=0000000000000000 DR2=0000000000000000 DR3=0000000000000000 
DR6=00000000ffff0ff0 DR7=0000000000000400
CCS=0000000000000014 CCD=0000000000107f58 CCO=EFLAGS
EFER=0000000000000500
Servicing hardware INT=0x20
   566: v=20 e=0000 i=0 cpl=0 IP=0008:0000000000100500 pc=0000000000100500 SP=0010:0000000000107f80 env->regs[R_EAX]=0000000000000000
RAX=0000000000000000 RBX=0000000000000000 RCX=0000000000000002 RDX=00000000000003d5
RSI=0000000000000000 RDI=00000000000003d5 RBP=0000000000107ff0 RSP=0000000000107f80
R8 =0000000000000000 R9 =0000000000000000 R10=0000000000000000 R11=0000000000000000
R12=0000000000000000 R13=0000000000000000 R14=0000000000000000 R15=0000000000000000
RIP=0000000000100500 RFL=00000216 [----AP-] CPL=0 II=0 A20=1 SMM=0 HLT=0
ES =0010 0000000000000000 ffffffff 00cf9300 DPL=0 DS   [-WA]
CS =0008 0000000000000000 ffffffff 00af9a00 DPL=0 CS64 [-R-]
SS =0010 0000000000000000 ffffffff 00cf9300 DPL=0 DS   [-WA]
DS =0010 0000000000000000 ffffffff 00cf9300 DPL=0 DS   [-WA]
FS =0010 0000000000000000 ffffffff 00cf9300 DPL=0 DS   [-WA]
GS =0010 0000000000000000 ffffffff 00cf9300 DPL=0 DS   [-WA]
LDT=0000 0000000000000000 0000ffff 00008200 DPL=0 LDT
TR =0000 0000000000000000 0000ffff 00008b00 DPL=0 TSS64-busy
GDT=     00000000001918c0 00000017
IDT=     00000000001900a0 00000fff
CR0=80000011 CR2=0000000000000000 CR3=0000000000104000 CR4=00000020
DR0=0000000000000000 DR1=0000000000000000 DR2=0000000000000000 DR3=0000000000000000 
DR6=00000000ffff0ff0 DR7=0000000000000400
CCS=0000000000000014 CCD=0000000000107f58 CCO=EFLAGS
EFER=0000000000000500
Servicing hardware INT=0x20
   567: v=20 e=0000 i=0 cpl=0 IP=0008:0000000000100500 pc=0000000000100500 SP=0010:0000000000107f80 env->regs[R_EAX]=0000000000000000
RAX=0000000000000000 RBX=0000000000000000 RCX=0000000000000002 RDX=00000000000003d5
RSI=0000000000000000 RDI=00000000000003d5 RBP=0000000000107ff0 RSP=0000000000107f80
R8 =0000000000000000 R9 =0000000000000000 R10=0000000000000000 R11=0000000000000000
R12=0000000000000000 R13=0000000000000000 R14=0000000000000000 R15=0000000000000000
RIP=0000000000100500 RFL=00000216 [----AP-] CPL=0 II=0 A20=1 SMM=0 HLT=0
ES =0010 0000000000000000 ffffffff 00cf9300 DPL=0 DS   [-WA]
CS =0008 0000000000000000 ffffffff 00af9a00 DPL=0 CS64 [-R-]
SS =0010 0000000000000000 ffffffff 00cf9300 DPL=0 DS   [-WA]
DS =0010 0000000000000000 ffffffff 00cf9300 DPL=0 DS   [-WA]
FS =0010 0000000000000000 ffffffff 00cf9300 DPL=0 DS   [-WA]
GS =0010 0000000000000000 ffffffff 00cf9300 DPL=0 DS   [-WA]
LDT=0000 0000000000000000 0000ffff 00008200 DPL=0 LDT
TR =0000 0000000000000000 0000ffff 00008b00 DPL=0 TSS64-busy
GDT=     00000000001918c0 00000017
IDT=     00000000001900a0 00000fff
CR0=80000011 CR2=0000000000000000 CR3=0000000000104000 CR4=00000020
DR0=0000000000000000 DR1=0000000000000000 DR2=0000000000000000 DR3=0000000000000000 
DR6=00000000ffff0ff0 DR7=0000000000000400
CCS=0000000000000014 CCD=0000000000107f58 CCO=EFLAGS
EFER=0000000000000500
Servicing hardware INT=0x20
   568: v=20 e=0000 i=0 cpl=0 IP=0008:0000000000100500 pc=0000000000100500 SP=0010:0000000000107f80 env->regs[R_EAX]=0000000000000000
RAX=0000000000000000 RBX=0000000000000000 RCX=0000000000000002 RDX=00000000000003d5
RSI=0000000000000000 RDI=00000000000003d5 RBP=0000000000107ff0 RSP=0000000000107f80
R8 =0000000000000000 R9 =0000000000000000 R10=0000000000000000 R11=0000000000000000
R12=0000000000000000 R13=0000000000000000 R14=0000000000000000 R15=0000000000000000
RIP=0000000000100500 RFL=00000216 [----AP-] CPL=0 II=0 A20=1 SMM=0 HLT=0
ES =0010 0000000000000000 ffffffff 00cf9300 DPL=0 DS   [-WA]
CS =0008 0000000000000000 ffffffff 00af9a00 DPL=0 CS64 [-R-]
SS =0010 0000000000000000 ffffffff 00cf9300 DPL=0 DS   [-WA]
DS =0010 0000000000000000 ffffffff 00cf9300 DPL=0 DS   [-WA]
FS =0010 0000000000000000 ffffffff 00cf9300 DPL=0 DS   [-WA]
GS =0010 0000000000000000 ffffffff 00cf9300 DPL=0 DS   [-WA]
LDT=0000 0000000000000000 0000ffff 00008200 DPL=0 LDT
TR =0000 0000000000000000 0000ffff 00008b00 DPL=0 TSS64-busy
GDT=     00000000001918c0 00000017
IDT=     00000000001900a0 00000fff
CR0=80000011 CR2=0000000000000000 CR3=0000000000104000 CR4=00000020
DR0=0000000000000000 DR1=0000000000000000 DR2=0000000000000000 DR3=0000000000000000 
DR6=00000000ffff0ff0 DR7=0000000000000400
CCS=0000000000000014 CCD=0000000000107f58 CCO=EFLAGS
EFER=0000000000000500
Servicing hardware INT=0x20
   569: v=20 e=0000 i=0 cpl=0 IP=0008:0000000000100500 pc=0000000000100500 SP=0010:0000000000107f80 env->regs[R_EAX]=0000000000000000
RAX=0000000000000000 RBX=0000000000000000 RCX=0000000000000002 RDX=00000000000003d5
RSI=0000000000000000 RDI=00000000000003d5 RBP=0000000000107ff0 RSP=0000000000107f80
R8 =0000000000000000 R9 =0000000000000000 R10=0000000000000000 R11=0000000000000000
R12=0000000000000000 R13=0000000000000000 R14=0000000000000000 R15=0000000000000000
RIP=0000000000100500 RFL=00000216 [----AP-] CPL=0 II=0 A20=1 SMM=0 HLT=0
ES =0010 0000000000000000 ffffffff 00cf9300 DPL=0 DS   [-WA]
CS =0008 0000000000000000 ffffffff 00af9a00 DPL=0 CS64 [-R-]
SS =0010 0000000000000000 ffffffff 00cf9300 DPL=0 DS   [-WA]
DS =0010 0000000000000000 ffffffff 00cf9300 DPL=0 DS   [-WA]
FS =0010 0000000000000000 ffffffff 00cf9300 DPL=0 DS   [-WA]
GS =0010 0000000000000000 ffffffff 00cf9300 DPL=0 DS   [-WA]
LDT=0000 0000000000000000 0000ffff 00008200 DPL=0 LDT
TR =0000 0000000000000000 0000ffff 00008b00 DPL=0 TSS64-busy
GDT=     00000000001918c0 00000017
IDT=     00000000001900a0 00000fff
CR0=80000011 CR2=0000000000000000 CR3=0000000000104000 CR4=00000020
DR0=0000000000000000 DR1=0000000000000000 DR2=0000000000000000 DR3=0000000000000000 
DR6=00000000ffff0ff0 DR7=0000000000000400
CCS=0000000000000014 CCD=0000000000107f58 CCO=EFLAGS
EFER=0000000000000500
Servicing hardware INT=0x20
   570: v=20 e=0000 i=0 cpl=0 IP=0008:0000000000100500 pc=0000000000100500 SP=0010:0000000000107f80 env->regs[R_EAX]=0000000000000000
RAX=0000000000000000 RBX=0000000000000000 RCX=0000000000000002 RDX=00000000000003d5
RSI=0000000000000000 RDI=00000000000003d5 RBP=0000000000107ff0 RSP=0000000000107f80
R8 =0000000000000000 R9 =0000000000000000 R10=0000000000000000 R11=0000000000000000
R12=0000000000000000 R13=0000000000000000 R14=0000000000000000 R15=0000000000000000
RIP=0000000000100500 RFL=00000216 [----AP-] CPL=0 II=0 A20=1 SMM=0 HLT=0
ES =0010 0000000000000000 ffffffff 00cf9300 DPL=0 DS   [-WA]
CS =0008 0000000000000000 ffffffff 00af9a00 DPL=0 CS64 [-R-]
SS =0010 0000000000000000 ffffffff 00cf9300 DPL=0 DS   [-WA]
DS =0010 0000000000000000 ffffffff 00cf9300 DPL=0 DS   [-WA]
FS =0010 0000000000000000 ffffffff 00cf9300 DPL=0 DS   [-WA]
GS =0010 0000000000000000 ffffffff 00cf9300 DPL=0 DS   [-WA]
LDT=0000 0000000000000000 0000ffff 00008200 DPL=0 LDT
TR =0000 0000000000000000 0000ffff 00008b00 DPL=0 TSS64-busy
GDT=     00000000001918c0 00000017
IDT=     00000000001900a0 00000fff
CR0=80000011 CR2=0000000000000000 CR3=0000000000104000 CR4=00000020
DR0=0000000000000000 DR1=0000000000000000 DR2=0000000000000000 DR3=0000000000000000 
DR6=00000000ffff0ff0 DR7=0000000000000400
CCS=0000000000000014 CCD=0000000000107f58 CCO=EFLAGS
EFER=0000000000000500
Servicing hardware INT=0x20
   571: v=20 e=0000 i=0 cpl=0 IP=0008:0000000000100500 pc=0000000000100500 SP=0010:0000000000107f80 env->regs[R_EAX]=0000000000000000
RAX=0000000000000000 RBX=0000000000000000 RCX=0000000000000002 RDX=00000000000003d5
RSI=0000000000000000 RDI=00000000000003d5 RBP=0000000000107ff0 RSP=0000000000107f80
R8 =0000000000000000 R9 =0000000000000000 R10=0000000000000000 R11=0000000000000000
R12=0000000000000000 R13=0000000000000000 R14=0000000000000000 R15=0000000000000000
RIP=0000000000100500 RFL=00000216 [----AP-] CPL=0 II=0 A20=1 SMM=0 HLT=0
ES =0010 0000000000000000 ffffffff 00cf9300 DPL=0 DS   [-WA]
CS =0008 0000000000000000 ffffffff 00af9a00 DPL=0 CS64 [-R-]
SS =0010 0000000000000000 ffffffff 00cf9300 DPL=0 DS   [-WA]
DS =0010 0000000000000000 ffffffff 00cf9300 DPL=0 DS   [-WA]
FS =0010 0000000000000000 ffffffff 00cf9300 DPL=0 DS   [-WA]
GS =0010 0000000000000000 ffffffff 00cf9300 DPL=0 DS   [-WA]
LDT=0000 0000000000000000 0000ffff 00008200 DPL=0 LDT
TR =0000 0000000000000000 0000ffff 00008b00 DPL=0 TSS64-busy
GDT=     00000000001918c0 00000017
IDT=     00000000001900a0 00000fff
CR0=80000011 CR2=0000000000000000 CR3=0000000000104000 CR4=00000020
DR0=0000000000000000 DR1=0000000000000000 DR2=0000000000000000 DR3=0000000000000000 
DR6=00000000ffff0ff0 DR7=0000000000000400
CCS=0000000000000014 CCD=0000000000107f58 CCO=EFLAGS
EFER=0000000000000500
Servicing hardware INT=0x21
   572: v=21 e=0000 i=0 cpl=0 IP=0008:0000000000100500 pc=0000000000100500 SP=0010:0000000000107f80 env->regs[R_EAX]=0000000000000000
RAX=0000000000000000 RBX=0000000000000000 RCX=0000000000000002 RDX=00000000000003d5
RSI=0000000000000000 RDI=00000000000003d5 RBP=0000000000107ff0 RSP=0000000000107f80
R8 =0000000000000000 R9 =0000000000000000 R10=0000000000000000 R11=0000000000000000
R12=0000000000000000 R13=0000000000000000 R14=0000000000000000 R15=0000000000000000
RIP=0000000000100500 RFL=00000216 [----AP-] CPL=0 II=0 A20=1 SMM=0 HLT=0
ES =0010 0000000000000000 ffffffff 00cf9300 DPL=0 DS   [-WA]
CS =0008 0000000000000000 ffffffff 00af9a00 DPL=0 CS64 [-R-]
SS =0010 0000000000000000 ffffffff 00cf9300 DPL=0 DS   [-WA]
DS =0010 0000000000000000 ffffffff 00cf9300 DPL=0 DS   [-WA]
FS =0010 0000000000000000 ffffffff 00cf9300 DPL=0 DS   [-WA]
GS =0010 0000000000000000 ffffffff 00cf9300 DPL=0 DS   [-WA]
LDT=0000 0000000000000000 0000ffff 00008200 DPL=0 LDT
TR =0000 0000000000000000 0000ffff 00008b00 DPL=0 TSS64-busy
GDT=     00000000001918c0 00000017
IDT=     00000000001900a0 00000fff
CR0=80000011 CR2=0000000000000000 CR3=0000000000104000 CR4=00000020
DR0=0000000000000000 DR1=0000000000000000 DR2=0000000000000000 DR3=0000000000000000 
DR6=00000000ffff0ff0 DR7=0000000000000400
CCS=0000000000000014 CCD=0000000000107f58 CCO=EFLAGS
EFER=0000000000000500
Servicing hardware INT=0x20
   573: v=20 e=0000 i=0 cpl=0 IP=0008:0000000000100500 pc=0000000000100500 SP=0010:0000000000107f80 env->regs[R_EAX]=0000000000000000
RAX=0000000000000000 RBX=0000000000000000 RCX=0000000000000002 RDX=00000000000003d5
RSI=0000000000000000 RDI=00000000000003d5 RBP=0000000000107ff0 RSP=0000000000107f80
R8 =0000000000000000 R9 =0000000000000000 R10=0000000000000000 R11=0000000000000000
R12=0000000000000000 R13=0000000000000000 R14=0000000000000000 R15=0000000000000000
RIP=0000000000100500 RFL=00000216 [----AP-] CPL=0 II=0 A20=1 SMM=0 HLT=0
ES =0010 0000000000000000 ffffffff 00cf9300 DPL=0 DS   [-WA]
CS =0008 0000000000000000 ffffffff 00af9a00 DPL=0 CS64 [-R-]
SS =0010 0000000000000000 ffffffff 00cf9300 DPL=0 DS   [-WA]
DS =0010 0000000000000000 ffffffff 00cf9300 DPL=0 DS   [-WA]
FS =0010 0000000000000000 ffffffff 00cf9300 DPL=0 DS   [-WA]
GS =0010 0000000000000000 ffffffff 00cf9300 DPL=0 DS   [-WA]
LDT=0000 0000000000000000 0000ffff 00008200 DPL=0 LDT
TR =0000 0000000000000000 0000ffff 00008b00 DPL=0 TSS64-busy
GDT=     00000000001918c0 00000017
IDT=     00000000001900a0 00000fff
CR0=80000011 CR2=0000000000000000 CR3=0000000000104000 CR4=00000020
DR0=0000000000000000 DR1=0000000000000000 DR2=0000000000000000 DR3=0000000000000000 
DR6=00000000ffff0ff0 DR7=0000000000000400
CCS=0000000000000014 CCD=0000000000107f58 CCO=EFLAGS
EFER=0000000000000500
Servicing hardware INT=0x20
   574: v=20 e=0000 i=0 cpl=0 IP=0008:0000000000100500 pc=0000000000100500 SP=0010:0000000000107f80 env->regs[R_EAX]=0000000000000000
RAX=0000000000000000 RBX=0000000000000000 RCX=0000000000000002 RDX=00000000000003d5
RSI=0000000000000000 RDI=00000000000003d5 RBP=0000000000107ff0 RSP=0000000000107f80
R8 =0000000000000000 R9 =0000000000000000 R10=0000000000000000 R11=0000000000000000
R12=0000000000000000 R13=0000000000000000 R14=0000000000000000 R15=0000000000000000
RIP=0000000000100500 RFL=00000216 [----AP-] CPL=0 II=0 A20=1 SMM=0 HLT=0
ES =0010 0000000000000000 ffffffff 00cf9300 DPL=0 DS   [-WA]
CS =0008 0000000000000000 ffffffff 00af9a00 DPL=0 CS64 [-R-]
SS =0010 0000000000000000 ffffffff 00cf9300 DPL=0 DS   [-WA]
DS =0010 0000000000000000 ffffffff 00cf9300 DPL=0 DS   [-WA]
FS =0010 0000000000000000 ffffffff 00cf9300 DPL=0 DS   [-WA]
GS =0010 0000000000000000 ffffffff 00cf9300 DPL=0 DS   [-WA]
LDT=0000 0000000000000000 0000ffff 00008200 DPL=0 LDT
TR =0000 0000000000000000 0000ffff 00008b00 DPL=0 TSS64-busy
GDT=     00000000001918c0 00000017
IDT=     00000000001900a0 00000fff
CR0=80000011 CR2=0000000000000000 CR3=0000000000104000 CR4=00000020
DR0=0000000000000000 DR1=0000000000000000 DR2=0000000000000000 DR3=0000000000000000 
DR6=00000000ffff0ff0 DR7=0000000000000400
CCS=0000000000000014 CCD=0000000000107f58 CCO=EFLAGS
EFER=0000000000000500
Servicing hardware INT=0x20
   575: v=20 e=0000 i=0 cpl=0 IP=0008:0000000000100500 pc=0000000000100500 SP=0010:0000000000107f80 env->regs[R_EAX]=0000000000000000
RAX=0000000000000000 RBX=0000000000000000 RCX=0000000000000002 RDX=00000000000003d5
RSI=0000000000000000 RDI=00000000000003d5 RBP=0000000000107ff0 RSP=0000000000107f80
R8 =0000000000000000 R9 =0000000000000000 R10=0000000000000000 R11=0000000000000000
R12=0000000000000000 R13=0000000000000000 R14=0000000000000000 R15=0000000000000000
RIP=0000000000100500 RFL=00000216 [----AP-] CPL=0 II=0 A20=1 SMM=0 HLT=0
ES =0010 0000000000000000 ffffffff 00cf9300 DPL=0 DS   [-WA]
CS =0008 0000000000000000 ffffffff 00af9a00 DPL=0 CS64 [-R-]
SS =0010 0000000000000000 ffffffff 00cf9300 DPL=0 DS   [-WA]
DS =0010 0000000000000000 ffffffff 00cf9300 DPL=0 DS   [-WA]
FS =0010 0000000000000000 ffffffff 00cf9300 DPL=0 DS   [-WA]
GS =0010 0000000000000000 ffffffff 00cf9300 DPL=0 DS   [-WA]
LDT=0000 0000000000000000 0000ffff 00008200 DPL=0 LDT
TR =0000 0000000000000000 0000ffff 00008b00 DPL=0 TSS64-busy
GDT=     00000000001918c0 00000017
IDT=     00000000001900a0 00000fff
CR0=80000011 CR2=0000000000000000 CR3=0000000000104000 CR4=00000020
DR0=0000000000000000 DR1=0000000000000000 DR2=0000000000000000 DR3=0000000000000000 
DR6=00000000ffff0ff0 DR7=0000000000000400
CCS=0000000000000014 CCD=0000000000107f58 CCO=EFLAGS
EFER=0000000000000500
Servicing hardware INT=0x20
   576: v=20 e=0000 i=0 cpl=0 IP=0008:0000000000100500 pc=0000000000100500 SP=0010:0000000000107f80 env->regs[R_EAX]=0000000000000000
RAX=0000000000000000 RBX=0000000000000000 RCX=0000000000000002 RDX=00000000000003d5
RSI=0000000000000000 RDI=00000000000003d5 RBP=0000000000107ff0 RSP=0000000000107f80
R8 =0000000000000000 R9 =0000000000000000 R10=0000000000000000 R11=0000000000000000
R12=0000000000000000 R13=0000000000000000 R14=0000000000000000 R15=0000000000000000
RIP=0000000000100500 RFL=00000216 [----AP-] CPL=0 II=0 A20=1 SMM=0 HLT=0
ES =0010 0000000000000000 ffffffff 00cf9300 DPL=0 DS   [-WA]
CS =0008 0000000000000000 ffffffff 00af9a00 DPL=0 CS64 [-R-]
SS =0010 0000000000000000 ffffffff 00cf9300 DPL=0 DS   [-WA]
DS =0010 0000000000000000 ffffffff 00cf9300 DPL=0 DS   [-WA]
FS =0010 0000000000000000 ffffffff 00cf9300 DPL=0 DS   [-WA]
GS =0010 0000000000000000 ffffffff 00cf9300 DPL=0 DS   [-WA]
LDT=0000 0000000000000000 0000ffff 00008200 DPL=0 LDT
TR =0000 0000000000000000 0000ffff 00008b00 DPL=0 TSS64-busy
GDT=     00000000001918c0 00000017
IDT=     00000000001900a0 00000fff
CR0=80000011 CR2=0000000000000000 CR3=0000000000104000 CR4=00000020
DR0=0000000000000000 DR1=0000000000000000 DR2=0000000000000000 DR3=0000000000000000 
DR6=00000000ffff0ff0 DR7=0000000000000400
CCS=0000000000000014 CCD=0000000000107f58 CCO=EFLAGS
EFER=0000000000000500
Servicing hardware INT=0x20
   577: v=20 e=0000 i=0 cpl=0 IP=0008:0000000000100500 pc=0000000000100500 SP=0010:0000000000107f80 env->regs[R_EAX]=0000000000000000
RAX=0000000000000000 RBX=0000000000000000 RCX=0000000000000002 RDX=00000000000003d5
RSI=0000000000000000 RDI=00000000000003d5 RBP=0000000000107ff0 RSP=0000000000107f80
R8 =0000000000000000 R9 =0000000000000000 R10=0000000000000000 R11=0000000000000000
R12=0000000000000000 R13=0000000000000000 R14=0000000000000000 R15=0000000000000000
RIP=0000000000100500 RFL=00000216 [----AP-] CPL=0 II=0 A20=1 SMM=0 HLT=0
ES =0010 0000000000000000 ffffffff 00cf9300 DPL=0 DS   [-WA]
CS =0008 0000000000000000 ffffffff 00af9a00 DPL=0 CS64 [-R-]
SS =0010 0000000000000000 ffffffff 00cf9300 DPL=0 DS   [-WA]
DS =0010 0000000000000000 ffffffff 00cf9300 DPL=0 DS   [-WA]
FS =0010 0000000000000000 ffffffff 00cf9300 DPL=0 DS   [-WA]
GS =0010 0000000000000000 ffffffff 00cf9300 DPL=0 DS   [-WA]
LDT=0000 0000000000000000 0000ffff 00008200 DPL=0 LDT
TR =0000 0000000000000000 0000ffff 00008b00 DPL=0 TSS64-busy
GDT=     00000000001918c0 00000017
IDT=     00000000001900a0 00000fff
CR0=80000011 CR2=0000000000000000 CR3=0000000000104000 CR4=00000020
DR0=0000000000000000 DR1=0000000000000000 DR2=0000000000000000 DR3=0000000000000000 
DR6=00000000ffff0ff0 DR7=0000000000000400
CCS=0000000000000014 CCD=0000000000107f58 CCO=EFLAGS
EFER=0000000000000500
Servicing hardware INT=0x21
   578: v=21 e=0000 i=0 cpl=0 IP=0008:0000000000100500 pc=0000000000100500 SP=0010:0000000000107f80 env->regs[R_EAX]=0000000000000000
RAX=0000000000000000 RBX=0000000000000000 RCX=0000000000000002 RDX=00000000000003d5
RSI=0000000000000000 RDI=00000000000003d5 RBP=0000000000107ff0 RSP=0000000000107f80
R8 =0000000000000000 R9 =0000000000000000 R10=0000000000000000 R11=0000000000000000
R12=0000000000000000 R13=0000000000000000 R14=0000000000000000 R15=0000000000000000
RIP=0000000000100500 RFL=00000216 [----AP-] CPL=0 II=0 A20=1 SMM=0 HLT=0
ES =0010 0000000000000000 ffffffff 00cf9300 DPL=0 DS   [-WA]
CS =0008 0000000000000000 ffffffff 00af9a00 DPL=0 CS64 [-R-]
SS =0010 0000000000000000 ffffffff 00cf9300 DPL=0 DS   [-WA]
DS =0010 0000000000000000 ffffffff 00cf9300 DPL=0 DS   [-WA]
FS =0010 0000000000000000 ffffffff 00cf9300 DPL=0 DS   [-WA]
GS =0010 0000000000000000 ffffffff 00cf9300 DPL=0 DS   [-WA]
LDT=0000 0000000000000000 0000ffff 00008200 DPL=0 LDT
TR =0000 0000000000000000 0000ffff 00008b00 DPL=0 TSS64-busy
GDT=     00000000001918c0 00000017
IDT=     00000000001900a0 00000fff
CR0=80000011 CR2=0000000000000000 CR3=0000000000104000 CR4=00000020
DR0=0000000000000000 DR1=0000000000000000 DR2=0000000000000000 DR3=0000000000000000 
DR6=00000000ffff0ff0 DR7=0000000000000400
CCS=0000000000000014 CCD=0000000000107f58 CCO=EFLAGS
EFER=0000000000000500
Servicing hardware INT=0x20
   579: v=20 e=0000 i=0 cpl=0 IP=0008:0000000000100500 pc=0000000000100500 SP=0010:0000000000107f80 env->regs[R_EAX]=0000000000000000
RAX=0000000000000000 RBX=0000000000000000 RCX=0000000000000002 RDX=00000000000003d5
RSI=0000000000000000 RDI=00000000000003d5 RBP=0000000000107ff0 RSP=0000000000107f80
R8 =0000000000000000 R9 =0000000000000000 R10=0000000000000000 R11=0000000000000000
R12=0000000000000000 R13=0000000000000000 R14=0000000000000000 R15=0000000000000000
RIP=0000000000100500 RFL=00000216 [----AP-] CPL=0 II=0 A20=1 SMM=0 HLT=0
ES =0010 0000000000000000 ffffffff 00cf9300 DPL=0 DS   [-WA]
CS =0008 0000000000000000 ffffffff 00af9a00 DPL=0 CS64 [-R-]
SS =0010 0000000000000000 ffffffff 00cf9300 DPL=0 DS   [-WA]
DS =0010 0000000000000000 ffffffff 00cf9300 DPL=0 DS   [-WA]
FS =0010 0000000000000000 ffffffff 00cf9300 DPL=0 DS   [-WA]
GS =0010 0000000000000000 ffffffff 00cf9300 DPL=0 DS   [-WA]
LDT=0000 0000000000000000 0000ffff 00008200 DPL=0 LDT
TR =0000 0000000000000000 0000ffff 00008b00 DPL=0 TSS64-busy
GDT=     00000000001918c0 00000017
IDT=     00000000001900a0 00000fff
CR0=80000011 CR2=0000000000000000 CR3=0000000000104000 CR4=00000020
DR0=0000000000000000 DR1=0000000000000000 DR2=0000000000000000 DR3=0000000000000000 
DR6=00000000ffff0ff0 DR7=0000000000000400
CCS=0000000000000014 CCD=0000000000107f58 CCO=EFLAGS
EFER=0000000000000500
Servicing hardware INT=0x20
   580: v=20 e=0000 i=0 cpl=0 IP=0008:0000000000100500 pc=0000000000100500 SP=0010:0000000000107f80 env->regs[R_EAX]=0000000000000000
RAX=0000000000000000 RBX=0000000000000000 RCX=0000000000000002 RDX=00000000000003d5
RSI=0000000000000000 RDI=00000000000003d5 RBP=0000000000107ff0 RSP=0000000000107f80
R8 =0000000000000000 R9 =0000000000000000 R10=0000000000000000 R11=0000000000000000
R12=0000000000000000 R13=0000000000000000 R14=0000000000000000 R15=0000000000000000
RIP=0000000000100500 RFL=00000216 [----AP-] CPL=0 II=0 A20=1 SMM=0 HLT=0
ES =0010 0000000000000000 ffffffff 00cf9300 DPL=0 DS   [-WA]
CS =0008 0000000000000000 ffffffff 00af9a00 DPL=0 CS64 [-R-]
SS =0010 0000000000000000 ffffffff 00cf9300 DPL=0 DS   [-WA]
DS =0010 0000000000000000 ffffffff 00cf9300 DPL=0 DS   [-WA]
FS =0010 0000000000000000 ffffffff 00cf9300 DPL=0 DS   [-WA]
GS =0010 0000000000000000 ffffffff 00cf9300 DPL=0 DS   [-WA]
LDT=0000 0000000000000000 0000ffff 00008200 DPL=0 LDT
TR =0000 0000000000000000 0000ffff 00008b00 DPL=0 TSS64-busy
GDT=     00000000001918c0 00000017
IDT=     00000000001900a0 00000fff
CR0=80000011 CR2=0000000000000000 CR3=0000000000104000 CR4=00000020
DR0=0000000000000000 DR1=0000000000000000 DR2=0000000000000000 DR3=0000000000000000 
DR6=00000000ffff0ff0 DR7=0000000000000400
CCS=0000000000000014 CCD=0000000000107f58 CCO=EFLAGS
EFER=0000000000000500
Servicing hardware INT=0x20
   581: v=20 e=0000 i=0 cpl=0 IP=0008:0000000000100500 pc=0000000000100500 SP=0010:0000000000107f80 env->regs[R_EAX]=0000000000000000
RAX=0000000000000000 RBX=0000000000000000 RCX=0000000000000002 RDX=00000000000003d5
RSI=0000000000000000 RDI=00000000000003d5 RBP=0000000000107ff0 RSP=0000000000107f80
R8 =0000000000000000 R9 =0000000000000000 R10=0000000000000000 R11=0000000000000000
R12=0000000000000000 R13=0000000000000000 R14=0000000000000000 R15=0000000000000000
RIP=0000000000100500 RFL=00000216 [----AP-] CPL=0 II=0 A20=1 SMM=0 HLT=0
ES =0010 0000000000000000 ffffffff 00cf9300 DPL=0 DS   [-WA]
CS =0008 0000000000000000 ffffffff 00af9a00 DPL=0 CS64 [-R-]
SS =0010 0000000000000000 ffffffff 00cf9300 DPL=0 DS   [-WA]
DS =0010 0000000000000000 ffffffff 00cf9300 DPL=0 DS   [-WA]
FS =0010 0000000000000000 ffffffff 00cf9300 DPL=0 DS   [-WA]
GS =0010 0000000000000000 ffffffff 00cf9300 DPL=0 DS   [-WA]
LDT=0000 0000000000000000 0000ffff 00008200 DPL=0 LDT
TR =0000 0000000000000000 0000ffff 00008b00 DPL=0 TSS64-busy
GDT=     00000000001918c0 00000017
IDT=     00000000001900a0 00000fff
CR0=80000011 CR2=0000000000000000 CR3=0000000000104000 CR4=00000020
DR0=0000000000000000 DR1=0000000000000000 DR2=0000000000000000 DR3=0000000000000000 
DR6=00000000ffff0ff0 DR7=0000000000000400
CCS=0000000000000014 CCD=0000000000107f58 CCO=EFLAGS
EFER=0000000000000500
Servicing hardware INT=0x20
   582: v=20 e=0000 i=0 cpl=0 IP=0008:0000000000100500 pc=0000000000100500 SP=0010:0000000000107f80 env->regs[R_EAX]=0000000000000000
RAX=0000000000000000 RBX=0000000000000000 RCX=0000000000000002 RDX=00000000000003d5
RSI=0000000000000000 RDI=00000000000003d5 RBP=0000000000107ff0 RSP=0000000000107f80
R8 =0000000000000000 R9 =0000000000000000 R10=0000000000000000 R11=0000000000000000
R12=0000000000000000 R13=0000000000000000 R14=0000000000000000 R15=0000000000000000
RIP=0000000000100500 RFL=00000216 [----AP-] CPL=0 II=0 A20=1 SMM=0 HLT=0
ES =0010 0000000000000000 ffffffff 00cf9300 DPL=0 DS   [-WA]
CS =0008 0000000000000000 ffffffff 00af9a00 DPL=0 CS64 [-R-]
SS =0010 0000000000000000 ffffffff 00cf9300 DPL=0 DS   [-WA]
DS =0010 0000000000000000 ffffffff 00cf9300 DPL=0 DS   [-WA]
FS =0010 0000000000000000 ffffffff 00cf9300 DPL=0 DS   [-WA]
GS =0010 0000000000000000 ffffffff 00cf9300 DPL=0 DS   [-WA]
LDT=0000 0000000000000000 0000ffff 00008200 DPL=0 LDT
TR =0000 0000000000000000 0000ffff 00008b00 DPL=0 TSS64-busy
GDT=     00000000001918c0 00000017
IDT=     00000000001900a0 00000fff
CR0=80000011 CR2=0000000000000000 CR3=0000000000104000 CR4=00000020
DR0=0000000000000000 DR1=0000000000000000 DR2=0000000000000000 DR3=0000000000000000 
DR6=00000000ffff0ff0 DR7=0000000000000400
CCS=0000000000000014 CCD=0000000000107f58 CCO=EFLAGS
EFER=0000000000000500
Servicing hardware INT=0x21
   583: v=21 e=0000 i=0 cpl=0 IP=0008:0000000000100500 pc=0000000000100500 SP=0010:0000000000107f80 env->regs[R_EAX]=0000000000000000
RAX=0000000000000000 RBX=0000000000000000 RCX=0000000000000002 RDX=00000000000003d5
RSI=0000000000000000 RDI=00000000000003d5 RBP=0000000000107ff0 RSP=0000000000107f80
R8 =0000000000000000 R9 =0000000000000000 R10=0000000000000000 R11=0000000000000000
R12=0000000000000000 R13=0000000000000000 R14=0000000000000000 R15=0000000000000000
RIP=0000000000100500 RFL=00000216 [----AP-] CPL=0 II=0 A20=1 SMM=0 HLT=0
ES =0010 0000000000000000 ffffffff 00cf9300 DPL=0 DS   [-WA]
CS =0008 0000000000000000 ffffffff 00af9a00 DPL=0 CS64 [-R-]
SS =0010 0000000000000000 ffffffff 00cf9300 DPL=0 DS   [-WA]
DS =0010 0000000000000000 ffffffff 00cf9300 DPL=0 DS   [-WA]
FS =0010 0000000000000000 ffffffff 00cf9300 DPL=0 DS   [-WA]
GS =0010 0000000000000000 ffffffff 00cf9300 DPL=0 DS   [-WA]
LDT=0000 0000000000000000 0000ffff 00008200 DPL=0 LDT
TR =0000 0000000000000000 0000ffff 00008b00 DPL=0 TSS64-busy
GDT=     00000000001918c0 00000017
IDT=     00000000001900a0 00000fff
CR0=80000011 CR2=0000000000000000 CR3=0000000000104000 CR4=00000020
DR0=0000000000000000 DR1=0000000000000000 DR2=0000000000000000 DR3=0000000000000000 
DR6=00000000ffff0ff0 DR7=0000000000000400
CCS=0000000000000014 CCD=0000000000107f58 CCO=EFLAGS
EFER=0000000000000500
Servicing hardware INT=0x20
   584: v=20 e=0000 i=0 cpl=0 IP=0008:0000000000100500 pc=0000000000100500 SP=0010:0000000000107f80 env->regs[R_EAX]=0000000000000000
RAX=0000000000000000 RBX=0000000000000000 RCX=0000000000000002 RDX=00000000000003d5
RSI=0000000000000000 RDI=00000000000003d5 RBP=0000000000107ff0 RSP=0000000000107f80
R8 =0000000000000000 R9 =0000000000000000 R10=0000000000000000 R11=0000000000000000
R12=0000000000000000 R13=0000000000000000 R14=0000000000000000 R15=0000000000000000
RIP=0000000000100500 RFL=00000216 [----AP-] CPL=0 II=0 A20=1 SMM=0 HLT=0
ES =0010 0000000000000000 ffffffff 00cf9300 DPL=0 DS   [-WA]
CS =0008 0000000000000000 ffffffff 00af9a00 DPL=0 CS64 [-R-]
SS =0010 0000000000000000 ffffffff 00cf9300 DPL=0 DS   [-WA]
DS =0010 0000000000000000 ffffffff 00cf9300 DPL=0 DS   [-WA]
FS =0010 0000000000000000 ffffffff 00cf9300 DPL=0 DS   [-WA]
GS =0010 0000000000000000 ffffffff 00cf9300 DPL=0 DS   [-WA]
LDT=0000 0000000000000000 0000ffff 00008200 DPL=0 LDT
TR =0000 0000000000000000 0000ffff 00008b00 DPL=0 TSS64-busy
GDT=     00000000001918c0 00000017
IDT=     00000000001900a0 00000fff
CR0=80000011 CR2=0000000000000000 CR3=0000000000104000 CR4=00000020
DR0=0000000000000000 DR1=0000000000000000 DR2=0000000000000000 DR3=0000000000000000 
DR6=00000000ffff0ff0 DR7=0000000000000400
CCS=0000000000000014 CCD=0000000000107f58 CCO=EFLAGS
EFER=0000000000000500
Servicing hardware INT=0x20
   585: v=20 e=0000 i=0 cpl=0 IP=0008:0000000000100500 pc=0000000000100500 SP=0010:0000000000107f80 env->regs[R_EAX]=0000000000000000
RAX=0000000000000000 RBX=0000000000000000 RCX=0000000000000002 RDX=00000000000003d5
RSI=0000000000000000 RDI=00000000000003d5 RBP=0000000000107ff0 RSP=0000000000107f80
R8 =0000000000000000 R9 =0000000000000000 R10=0000000000000000 R11=0000000000000000
R12=0000000000000000 R13=0000000000000000 R14=0000000000000000 R15=0000000000000000
RIP=0000000000100500 RFL=00000216 [----AP-] CPL=0 II=0 A20=1 SMM=0 HLT=0
ES =0010 0000000000000000 ffffffff 00cf9300 DPL=0 DS   [-WA]
CS =0008 0000000000000000 ffffffff 00af9a00 DPL=0 CS64 [-R-]
SS =0010 0000000000000000 ffffffff 00cf9300 DPL=0 DS   [-WA]
DS =0010 0000000000000000 ffffffff 00cf9300 DPL=0 DS   [-WA]
FS =0010 0000000000000000 ffffffff 00cf9300 DPL=0 DS   [-WA]
GS =0010 0000000000000000 ffffffff 00cf9300 DPL=0 DS   [-WA]
LDT=0000 0000000000000000 0000ffff 00008200 DPL=0 LDT
TR =0000 0000000000000000 0000ffff 00008b00 DPL=0 TSS64-busy
GDT=     00000000001918c0 00000017
IDT=     00000000001900a0 00000fff
CR0=80000011 CR2=0000000000000000 CR3=0000000000104000 CR4=00000020
DR0=0000000000000000 DR1=0000000000000000 DR2=0000000000000000 DR3=0000000000000000 
DR6=00000000ffff0ff0 DR7=0000000000000400
CCS=0000000000000014 CCD=0000000000107f58 CCO=EFLAGS
EFER=0000000000000500
Servicing hardware INT=0x20
   586: v=20 e=0000 i=0 cpl=0 IP=0008:0000000000100500 pc=0000000000100500 SP=0010:0000000000107f80 env->regs[R_EAX]=0000000000000000
RAX=0000000000000000 RBX=0000000000000000 RCX=0000000000000002 RDX=00000000000003d5
RSI=0000000000000000 RDI=00000000000003d5 RBP=0000000000107ff0 RSP=0000000000107f80
R8 =0000000000000000 R9 =0000000000000000 R10=0000000000000000 R11=0000000000000000
R12=0000000000000000 R13=0000000000000000 R14=0000000000000000 R15=0000000000000000
RIP=0000000000100500 RFL=00000216 [----AP-] CPL=0 II=0 A20=1 SMM=0 HLT=0
ES =0010 0000000000000000 ffffffff 00cf9300 DPL=0 DS   [-WA]
CS =0008 0000000000000000 ffffffff 00af9a00 DPL=0 CS64 [-R-]
SS =0010 0000000000000000 ffffffff 00cf9300 DPL=0 DS   [-WA]
DS =0010 0000000000000000 ffffffff 00cf9300 DPL=0 DS   [-WA]
FS =0010 0000000000000000 ffffffff 00cf9300 DPL=0 DS   [-WA]
GS =0010 0000000000000000 ffffffff 00cf9300 DPL=0 DS   [-WA]
LDT=0000 0000000000000000 0000ffff 00008200 DPL=0 LDT
TR =0000 0000000000000000 0000ffff 00008b00 DPL=0 TSS64-busy
GDT=     00000000001918c0 00000017
IDT=     00000000001900a0 00000fff
CR0=80000011 CR2=0000000000000000 CR3=0000000000104000 CR4=00000020
DR0=0000000000000000 DR1=0000000000000000 DR2=0000000000000000 DR3=0000000000000000 
DR6=00000000ffff0ff0 DR7=0000000000000400
CCS=0000000000000014 CCD=0000000000107f58 CCO=EFLAGS
EFER=0000000000000500
Servicing hardware INT=0x20
   587: v=20 e=0000 i=0 cpl=0 IP=0008:0000000000100500 pc=0000000000100500 SP=0010:0000000000107f80 env->regs[R_EAX]=0000000000000000
RAX=0000000000000000 RBX=0000000000000000 RCX=0000000000000002 RDX=00000000000003d5
RSI=0000000000000000 RDI=00000000000003d5 RBP=0000000000107ff0 RSP=0000000000107f80
R8 =0000000000000000 R9 =0000000000000000 R10=0000000000000000 R11=0000000000000000
R12=0000000000000000 R13=0000000000000000 R14=0000000000000000 R15=0000000000000000
RIP=0000000000100500 RFL=00000216 [----AP-] CPL=0 II=0 A20=1 SMM=0 HLT=0
ES =0010 0000000000000000 ffffffff 00cf9300 DPL=0 DS   [-WA]
CS =0008 0000000000000000 ffffffff 00af9a00 DPL=0 CS64 [-R-]
SS =0010 0000000000000000 ffffffff 00cf9300 DPL=0 DS   [-WA]
DS =0010 0000000000000000 ffffffff 00cf9300 DPL=0 DS   [-WA]
FS =0010 0000000000000000 ffffffff 00cf9300 DPL=0 DS   [-WA]
GS =0010 0000000000000000 ffffffff 00cf9300 DPL=0 DS   [-WA]
LDT=0000 0000000000000000 0000ffff 00008200 DPL=0 LDT
TR =0000 0000000000000000 0000ffff 00008b00 DPL=0 TSS64-busy
GDT=     00000000001918c0 00000017
IDT=     00000000001900a0 00000fff
CR0=80000011 CR2=0000000000000000 CR3=0000000000104000 CR4=00000020
DR0=0000000000000000 DR1=0000000000000000 DR2=0000000000000000 DR3=0000000000000000 
DR6=00000000ffff0ff0 DR7=0000000000000400
CCS=0000000000000014 CCD=0000000000107f58 CCO=EFLAGS
EFER=0000000000000500
Servicing hardware INT=0x21
   588: v=21 e=0000 i=0 cpl=0 IP=0008:0000000000100500 pc=0000000000100500 SP=0010:0000000000107f80 env->regs[R_EAX]=0000000000000000
RAX=0000000000000000 RBX=0000000000000000 RCX=0000000000000002 RDX=00000000000003d5
RSI=0000000000000000 RDI=00000000000003d5 RBP=0000000000107ff0 RSP=0000000000107f80
R8 =0000000000000000 R9 =0000000000000000 R10=0000000000000000 R11=0000000000000000
R12=0000000000000000 R13=0000000000000000 R14=0000000000000000 R15=0000000000000000
RIP=0000000000100500 RFL=00000216 [----AP-] CPL=0 II=0 A20=1 SMM=0 HLT=0
ES =0010 0000000000000000 ffffffff 00cf9300 DPL=0 DS   [-WA]
CS =0008 0000000000000000 ffffffff 00af9a00 DPL=0 CS64 [-R-]
SS =0010 0000000000000000 ffffffff 00cf9300 DPL=0 DS   [-WA]
DS =0010 0000000000000000 ffffffff 00cf9300 DPL=0 DS   [-WA]
FS =0010 0000000000000000 ffffffff 00cf9300 DPL=0 DS   [-WA]
GS =0010 0000000000000000 ffffffff 00cf9300 DPL=0 DS   [-WA]
LDT=0000 0000000000000000 0000ffff 00008200 DPL=0 LDT
TR =0000 0000000000000000 0000ffff 00008b00 DPL=0 TSS64-busy
GDT=     00000000001918c0 00000017
IDT=     00000000001900a0 00000fff
CR0=80000011 CR2=0000000000000000 CR3=0000000000104000 CR4=00000020
DR0=0000000000000000 DR1=0000000000000000 DR2=0000000000000000 DR3=0000000000000000 
DR6=00000000ffff0ff0 DR7=0000000000000400
CCS=0000000000000014 CCD=0000000000107f58 CCO=EFLAGS
EFER=0000000000000500
Servicing hardware INT=0x20
   589: v=20 e=0000 i=0 cpl=0 IP=0008:0000000000100500 pc=0000000000100500 SP=0010:0000000000107f80 env->regs[R_EAX]=0000000000000000
RAX=0000000000000000 RBX=0000000000000000 RCX=0000000000000002 RDX=00000000000003d5
RSI=0000000000000000 RDI=00000000000003d5 RBP=0000000000107ff0 RSP=0000000000107f80
R8 =0000000000000000 R9 =0000000000000000 R10=0000000000000000 R11=0000000000000000
R12=0000000000000000 R13=0000000000000000 R14=0000000000000000 R15=0000000000000000
RIP=0000000000100500 RFL=00000216 [----AP-] CPL=0 II=0 A20=1 SMM=0 HLT=0
ES =0010 0000000000000000 ffffffff 00cf9300 DPL=0 DS   [-WA]
CS =0008 0000000000000000 ffffffff 00af9a00 DPL=0 CS64 [-R-]
SS =0010 0000000000000000 ffffffff 00cf9300 DPL=0 DS   [-WA]
DS =0010 0000000000000000 ffffffff 00cf9300 DPL=0 DS   [-WA]
FS =0010 0000000000000000 ffffffff 00cf9300 DPL=0 DS   [-WA]
GS =0010 0000000000000000 ffffffff 00cf9300 DPL=0 DS   [-WA]
LDT=0000 0000000000000000 0000ffff 00008200 DPL=0 LDT
TR =0000 0000000000000000 0000ffff 00008b00 DPL=0 TSS64-busy
GDT=     00000000001918c0 00000017
IDT=     00000000001900a0 00000fff
CR0=80000011 CR2=0000000000000000 CR3=0000000000104000 CR4=00000020
DR0=0000000000000000 DR1=0000000000000000 DR2=0000000000000000 DR3=0000000000000000 
DR6=00000000ffff0ff0 DR7=0000000000000400
CCS=0000000000000014 CCD=0000000000107f58 CCO=EFLAGS
EFER=0000000000000500
Servicing hardware INT=0x20
   590: v=20 e=0000 i=0 cpl=0 IP=0008:0000000000100500 pc=0000000000100500 SP=0010:0000000000107f80 env->regs[R_EAX]=0000000000000000
RAX=0000000000000000 RBX=0000000000000000 RCX=0000000000000002 RDX=00000000000003d5
RSI=0000000000000000 RDI=00000000000003d5 RBP=0000000000107ff0 RSP=0000000000107f80
R8 =0000000000000000 R9 =0000000000000000 R10=0000000000000000 R11=0000000000000000
R12=0000000000000000 R13=0000000000000000 R14=0000000000000000 R15=0000000000000000
RIP=0000000000100500 RFL=00000216 [----AP-] CPL=0 II=0 A20=1 SMM=0 HLT=0
ES =0010 0000000000000000 ffffffff 00cf9300 DPL=0 DS   [-WA]
CS =0008 0000000000000000 ffffffff 00af9a00 DPL=0 CS64 [-R-]
SS =0010 0000000000000000 ffffffff 00cf9300 DPL=0 DS   [-WA]
DS =0010 0000000000000000 ffffffff 00cf9300 DPL=0 DS   [-WA]
FS =0010 0000000000000000 ffffffff 00cf9300 DPL=0 DS   [-WA]
GS =0010 0000000000000000 ffffffff 00cf9300 DPL=0 DS   [-WA]
LDT=0000 0000000000000000 0000ffff 00008200 DPL=0 LDT
TR =0000 0000000000000000 0000ffff 00008b00 DPL=0 TSS64-busy
GDT=     00000000001918c0 00000017
IDT=     00000000001900a0 00000fff
CR0=80000011 CR2=0000000000000000 CR3=0000000000104000 CR4=00000020
DR0=0000000000000000 DR1=0000000000000000 DR2=0000000000000000 DR3=0000000000000000 
DR6=00000000ffff0ff0 DR7=0000000000000400
CCS=0000000000000014 CCD=0000000000107f58 CCO=EFLAGS
EFER=0000000000000500
Servicing hardware INT=0x20
   591: v=20 e=0000 i=0 cpl=0 IP=0008:0000000000100500 pc=0000000000100500 SP=0010:0000000000107f80 env->regs[R_EAX]=0000000000000000
RAX=0000000000000000 RBX=0000000000000000 RCX=0000000000000002 RDX=00000000000003d5
RSI=0000000000000000 RDI=00000000000003d5 RBP=0000000000107ff0 RSP=0000000000107f80
R8 =0000000000000000 R9 =0000000000000000 R10=0000000000000000 R11=0000000000000000
R12=0000000000000000 R13=0000000000000000 R14=0000000000000000 R15=0000000000000000
RIP=0000000000100500 RFL=00000216 [----AP-] CPL=0 II=0 A20=1 SMM=0 HLT=0
ES =0010 0000000000000000 ffffffff 00cf9300 DPL=0 DS   [-WA]
CS =0008 0000000000000000 ffffffff 00af9a00 DPL=0 CS64 [-R-]
SS =0010 0000000000000000 ffffffff 00cf9300 DPL=0 DS   [-WA]
DS =0010 0000000000000000 ffffffff 00cf9300 DPL=0 DS   [-WA]
FS =0010 0000000000000000 ffffffff 00cf9300 DPL=0 DS   [-WA]
GS =0010 0000000000000000 ffffffff 00cf9300 DPL=0 DS   [-WA]
LDT=0000 0000000000000000 0000ffff 00008200 DPL=0 LDT
TR =0000 0000000000000000 0000ffff 00008b00 DPL=0 TSS64-busy
GDT=     00000000001918c0 00000017
IDT=     00000000001900a0 00000fff
CR0=80000011 CR2=0000000000000000 CR3=0000000000104000 CR4=00000020
DR0=0000000000000000 DR1=0000000000000000 DR2=0000000000000000 DR3=0000000000000000 
DR6=00000000ffff0ff0 DR7=0000000000000400
CCS=0000000000000014 CCD=0000000000107f58 CCO=EFLAGS
EFER=0000000000000500
Servicing hardware INT=0x20
   592: v=20 e=0000 i=0 cpl=0 IP=0008:0000000000100500 pc=0000000000100500 SP=0010:0000000000107f80 env->regs[R_EAX]=0000000000000000
RAX=0000000000000000 RBX=0000000000000000 RCX=0000000000000002 RDX=00000000000003d5
RSI=0000000000000000 RDI=00000000000003d5 RBP=0000000000107ff0 RSP=0000000000107f80
R8 =0000000000000000 R9 =0000000000000000 R10=0000000000000000 R11=0000000000000000
R12=0000000000000000 R13=0000000000000000 R14=0000000000000000 R15=0000000000000000
RIP=0000000000100500 RFL=00000216 [----AP-] CPL=0 II=0 A20=1 SMM=0 HLT=0
ES =0010 0000000000000000 ffffffff 00cf9300 DPL=0 DS   [-WA]
CS =0008 0000000000000000 ffffffff 00af9a00 DPL=0 CS64 [-R-]
SS =0010 0000000000000000 ffffffff 00cf9300 DPL=0 DS   [-WA]
DS =0010 0000000000000000 ffffffff 00cf9300 DPL=0 DS   [-WA]
FS =0010 0000000000000000 ffffffff 00cf9300 DPL=0 DS   [-WA]
GS =0010 0000000000000000 ffffffff 00cf9300 DPL=0 DS   [-WA]
LDT=0000 0000000000000000 0000ffff 00008200 DPL=0 LDT
TR =0000 0000000000000000 0000ffff 00008b00 DPL=0 TSS64-busy
GDT=     00000000001918c0 00000017
IDT=     00000000001900a0 00000fff
CR0=80000011 CR2=0000000000000000 CR3=0000000000104000 CR4=00000020
DR0=0000000000000000 DR1=0000000000000000 DR2=0000000000000000 DR3=0000000000000000 
DR6=00000000ffff0ff0 DR7=0000000000000400
CCS=0000000000000014 CCD=0000000000107f58 CCO=EFLAGS
EFER=0000000000000500
Servicing hardware INT=0x20
   593: v=20 e=0000 i=0 cpl=0 IP=0008:0000000000100500 pc=0000000000100500 SP=0010:0000000000107f80 env->regs[R_EAX]=0000000000000000
RAX=0000000000000000 RBX=0000000000000000 RCX=0000000000000002 RDX=00000000000003d5
RSI=0000000000000000 RDI=00000000000003d5 RBP=0000000000107ff0 RSP=0000000000107f80
R8 =0000000000000000 R9 =0000000000000000 R10=0000000000000000 R11=0000000000000000
R12=0000000000000000 R13=0000000000000000 R14=0000000000000000 R15=0000000000000000
RIP=0000000000100500 RFL=00000216 [----AP-] CPL=0 II=0 A20=1 SMM=0 HLT=0
ES =0010 0000000000000000 ffffffff 00cf9300 DPL=0 DS   [-WA]
CS =0008 0000000000000000 ffffffff 00af9a00 DPL=0 CS64 [-R-]
SS =0010 0000000000000000 ffffffff 00cf9300 DPL=0 DS   [-WA]
DS =0010 0000000000000000 ffffffff 00cf9300 DPL=0 DS   [-WA]
FS =0010 0000000000000000 ffffffff 00cf9300 DPL=0 DS   [-WA]
GS =0010 0000000000000000 ffffffff 00cf9300 DPL=0 DS   [-WA]
LDT=0000 0000000000000000 0000ffff 00008200 DPL=0 LDT
TR =0000 0000000000000000 0000ffff 00008b00 DPL=0 TSS64-busy
GDT=     00000000001918c0 00000017
IDT=     00000000001900a0 00000fff
CR0=80000011 CR2=0000000000000000 CR3=0000000000104000 CR4=00000020
DR0=0000000000000000 DR1=0000000000000000 DR2=0000000000000000 DR3=0000000000000000 
DR6=00000000ffff0ff0 DR7=0000000000000400
CCS=0000000000000014 CCD=0000000000107f58 CCO=EFLAGS
EFER=0000000000000500
Servicing hardware INT=0x20
   594: v=20 e=0000 i=0 cpl=0 IP=0008:0000000000100500 pc=0000000000100500 SP=0010:0000000000107f80 env->regs[R_EAX]=0000000000000000
RAX=0000000000000000 RBX=0000000000000000 RCX=0000000000000002 RDX=00000000000003d5
RSI=0000000000000000 RDI=00000000000003d5 RBP=0000000000107ff0 RSP=0000000000107f80
R8 =0000000000000000 R9 =0000000000000000 R10=0000000000000000 R11=0000000000000000
R12=0000000000000000 R13=0000000000000000 R14=0000000000000000 R15=0000000000000000
RIP=0000000000100500 RFL=00000216 [----AP-] CPL=0 II=0 A20=1 SMM=0 HLT=0
ES =0010 0000000000000000 ffffffff 00cf9300 DPL=0 DS   [-WA]
CS =0008 0000000000000000 ffffffff 00af9a00 DPL=0 CS64 [-R-]
SS =0010 0000000000000000 ffffffff 00cf9300 DPL=0 DS   [-WA]
DS =0010 0000000000000000 ffffffff 00cf9300 DPL=0 DS   [-WA]
FS =0010 0000000000000000 ffffffff 00cf9300 DPL=0 DS   [-WA]
GS =0010 0000000000000000 ffffffff 00cf9300 DPL=0 DS   [-WA]
LDT=0000 0000000000000000 0000ffff 00008200 DPL=0 LDT
TR =0000 0000000000000000 0000ffff 00008b00 DPL=0 TSS64-busy
GDT=     00000000001918c0 00000017
IDT=     00000000001900a0 00000fff
CR0=80000011 CR2=0000000000000000 CR3=0000000000104000 CR4=00000020
DR0=0000000000000000 DR1=0000000000000000 DR2=0000000000000000 DR3=0000000000000000 
DR6=00000000ffff0ff0 DR7=0000000000000400
CCS=0000000000000014 CCD=0000000000107f58 CCO=EFLAGS
EFER=0000000000000500
Servicing hardware INT=0x20
   595: v=20 e=0000 i=0 cpl=0 IP=0008:0000000000100500 pc=0000000000100500 SP=0010:0000000000107f80 env->regs[R_EAX]=0000000000000000
RAX=0000000000000000 RBX=0000000000000000 RCX=0000000000000002 RDX=00000000000003d5
RSI=0000000000000000 RDI=00000000000003d5 RBP=0000000000107ff0 RSP=0000000000107f80
R8 =0000000000000000 R9 =0000000000000000 R10=0000000000000000 R11=0000000000000000
R12=0000000000000000 R13=0000000000000000 R14=0000000000000000 R15=0000000000000000
RIP=0000000000100500 RFL=00000216 [----AP-] CPL=0 II=0 A20=1 SMM=0 HLT=0
ES =0010 0000000000000000 ffffffff 00cf9300 DPL=0 DS   [-WA]
CS =0008 0000000000000000 ffffffff 00af9a00 DPL=0 CS64 [-R-]
SS =0010 0000000000000000 ffffffff 00cf9300 DPL=0 DS   [-WA]
DS =0010 0000000000000000 ffffffff 00cf9300 DPL=0 DS   [-WA]
FS =0010 0000000000000000 ffffffff 00cf9300 DPL=0 DS   [-WA]
GS =0010 0000000000000000 ffffffff 00cf9300 DPL=0 DS   [-WA]
LDT=0000 0000000000000000 0000ffff 00008200 DPL=0 LDT
TR =0000 0000000000000000 0000ffff 00008b00 DPL=0 TSS64-busy
GDT=     00000000001918c0 00000017
IDT=     00000000001900a0 00000fff
CR0=80000011 CR2=0000000000000000 CR3=0000000000104000 CR4=00000020
DR0=0000000000000000 DR1=0000000000000000 DR2=0000000000000000 DR3=0000000000000000 
DR6=00000000ffff0ff0 DR7=0000000000000400
CCS=0000000000000014 CCD=0000000000107f58 CCO=EFLAGS
EFER=0000000000000500
Servicing hardware INT=0x20
   596: v=20 e=0000 i=0 cpl=0 IP=0008:0000000000100500 pc=0000000000100500 SP=0010:0000000000107f80 env->regs[R_EAX]=0000000000000000
RAX=0000000000000000 RBX=0000000000000000 RCX=0000000000000002 RDX=00000000000003d5
RSI=0000000000000000 RDI=00000000000003d5 RBP=0000000000107ff0 RSP=0000000000107f80
R8 =0000000000000000 R9 =0000000000000000 R10=0000000000000000 R11=0000000000000000
R12=0000000000000000 R13=0000000000000000 R14=0000000000000000 R15=0000000000000000
RIP=0000000000100500 RFL=00000216 [----AP-] CPL=0 II=0 A20=1 SMM=0 HLT=0
ES =0010 0000000000000000 ffffffff 00cf9300 DPL=0 DS   [-WA]
CS =0008 0000000000000000 ffffffff 00af9a00 DPL=0 CS64 [-R-]
SS =0010 0000000000000000 ffffffff 00cf9300 DPL=0 DS   [-WA]
DS =0010 0000000000000000 ffffffff 00cf9300 DPL=0 DS   [-WA]
FS =0010 0000000000000000 ffffffff 00cf9300 DPL=0 DS   [-WA]
GS =0010 0000000000000000 ffffffff 00cf9300 DPL=0 DS   [-WA]
LDT=0000 0000000000000000 0000ffff 00008200 DPL=0 LDT
TR =0000 0000000000000000 0000ffff 00008b00 DPL=0 TSS64-busy
GDT=     00000000001918c0 00000017
IDT=     00000000001900a0 00000fff
CR0=80000011 CR2=0000000000000000 CR3=0000000000104000 CR4=00000020
DR0=0000000000000000 DR1=0000000000000000 DR2=0000000000000000 DR3=0000000000000000 
DR6=00000000ffff0ff0 DR7=0000000000000400
CCS=0000000000000014 CCD=0000000000107f58 CCO=EFLAGS
EFER=0000000000000500
Servicing hardware INT=0x21
   597: v=21 e=0000 i=0 cpl=0 IP=0008:0000000000100500 pc=0000000000100500 SP=0010:0000000000107f80 env->regs[R_EAX]=0000000000000000
RAX=0000000000000000 RBX=0000000000000000 RCX=0000000000000002 RDX=00000000000003d5
RSI=0000000000000000 RDI=00000000000003d5 RBP=0000000000107ff0 RSP=0000000000107f80
R8 =0000000000000000 R9 =0000000000000000 R10=0000000000000000 R11=0000000000000000
R12=0000000000000000 R13=0000000000000000 R14=0000000000000000 R15=0000000000000000
RIP=0000000000100500 RFL=00000216 [----AP-] CPL=0 II=0 A20=1 SMM=0 HLT=0
ES =0010 0000000000000000 ffffffff 00cf9300 DPL=0 DS   [-WA]
CS =0008 0000000000000000 ffffffff 00af9a00 DPL=0 CS64 [-R-]
SS =0010 0000000000000000 ffffffff 00cf9300 DPL=0 DS   [-WA]
DS =0010 0000000000000000 ffffffff 00cf9300 DPL=0 DS   [-WA]
FS =0010 0000000000000000 ffffffff 00cf9300 DPL=0 DS   [-WA]
GS =0010 0000000000000000 ffffffff 00cf9300 DPL=0 DS   [-WA]
LDT=0000 0000000000000000 0000ffff 00008200 DPL=0 LDT
TR =0000 0000000000000000 0000ffff 00008b00 DPL=0 TSS64-busy
GDT=     00000000001918c0 00000017
IDT=     00000000001900a0 00000fff
CR0=80000011 CR2=0000000000000000 CR3=0000000000104000 CR4=00000020
DR0=0000000000000000 DR1=0000000000000000 DR2=0000000000000000 DR3=0000000000000000 
DR6=00000000ffff0ff0 DR7=0000000000000400
CCS=0000000000000014 CCD=0000000000107f58 CCO=EFLAGS
EFER=0000000000000500
Servicing hardware INT=0x20
   598: v=20 e=0000 i=0 cpl=0 IP=0008:0000000000100500 pc=0000000000100500 SP=0010:0000000000107f80 env->regs[R_EAX]=0000000000000000
RAX=0000000000000000 RBX=0000000000000000 RCX=0000000000000002 RDX=00000000000003d5
RSI=0000000000000000 RDI=00000000000003d5 RBP=0000000000107ff0 RSP=0000000000107f80
R8 =0000000000000000 R9 =0000000000000000 R10=0000000000000000 R11=0000000000000000
R12=0000000000000000 R13=0000000000000000 R14=0000000000000000 R15=0000000000000000
RIP=0000000000100500 RFL=00000216 [----AP-] CPL=0 II=0 A20=1 SMM=0 HLT=0
ES =0010 0000000000000000 ffffffff 00cf9300 DPL=0 DS   [-WA]
CS =0008 0000000000000000 ffffffff 00af9a00 DPL=0 CS64 [-R-]
SS =0010 0000000000000000 ffffffff 00cf9300 DPL=0 DS   [-WA]
DS =0010 0000000000000000 ffffffff 00cf9300 DPL=0 DS   [-WA]
FS =0010 0000000000000000 ffffffff 00cf9300 DPL=0 DS   [-WA]
GS =0010 0000000000000000 ffffffff 00cf9300 DPL=0 DS   [-WA]
LDT=0000 0000000000000000 0000ffff 00008200 DPL=0 LDT
TR =0000 0000000000000000 0000ffff 00008b00 DPL=0 TSS64-busy
GDT=     00000000001918c0 00000017
IDT=     00000000001900a0 00000fff
CR0=80000011 CR2=0000000000000000 CR3=0000000000104000 CR4=00000020
DR0=0000000000000000 DR1=0000000000000000 DR2=0000000000000000 DR3=0000000000000000 
DR6=00000000ffff0ff0 DR7=0000000000000400
CCS=0000000000000014 CCD=0000000000107f58 CCO=EFLAGS
EFER=0000000000000500
Servicing hardware INT=0x20
   599: v=20 e=0000 i=0 cpl=0 IP=0008:0000000000100500 pc=0000000000100500 SP=0010:0000000000107f80 env->regs[R_EAX]=0000000000000000
RAX=0000000000000000 RBX=0000000000000000 RCX=0000000000000002 RDX=00000000000003d5
RSI=0000000000000000 RDI=00000000000003d5 RBP=0000000000107ff0 RSP=0000000000107f80
R8 =0000000000000000 R9 =0000000000000000 R10=0000000000000000 R11=0000000000000000
R12=0000000000000000 R13=0000000000000000 R14=0000000000000000 R15=0000000000000000
RIP=0000000000100500 RFL=00000216 [----AP-] CPL=0 II=0 A20=1 SMM=0 HLT=0
ES =0010 0000000000000000 ffffffff 00cf9300 DPL=0 DS   [-WA]
CS =0008 0000000000000000 ffffffff 00af9a00 DPL=0 CS64 [-R-]
SS =0010 0000000000000000 ffffffff 00cf9300 DPL=0 DS   [-WA]
DS =0010 0000000000000000 ffffffff 00cf9300 DPL=0 DS   [-WA]
FS =0010 0000000000000000 ffffffff 00cf9300 DPL=0 DS   [-WA]
GS =0010 0000000000000000 ffffffff 00cf9300 DPL=0 DS   [-WA]
LDT=0000 0000000000000000 0000ffff 00008200 DPL=0 LDT
TR =0000 0000000000000000 0000ffff 00008b00 DPL=0 TSS64-busy
GDT=     00000000001918c0 00000017
IDT=     00000000001900a0 00000fff
CR0=80000011 CR2=0000000000000000 CR3=0000000000104000 CR4=00000020
DR0=0000000000000000 DR1=0000000000000000 DR2=0000000000000000 DR3=0000000000000000 
DR6=00000000ffff0ff0 DR7=0000000000000400
CCS=0000000000000014 CCD=0000000000107f58 CCO=EFLAGS
EFER=0000000000000500
Servicing hardware INT=0x20
   600: v=20 e=0000 i=0 cpl=0 IP=0008:0000000000100500 pc=0000000000100500 SP=0010:0000000000107f80 env->regs[R_EAX]=0000000000000000
RAX=0000000000000000 RBX=0000000000000000 RCX=0000000000000002 RDX=00000000000003d5
RSI=0000000000000000 RDI=00000000000003d5 RBP=0000000000107ff0 RSP=0000000000107f80
R8 =0000000000000000 R9 =0000000000000000 R10=0000000000000000 R11=0000000000000000
R12=0000000000000000 R13=0000000000000000 R14=0000000000000000 R15=0000000000000000
RIP=0000000000100500 RFL=00000216 [----AP-] CPL=0 II=0 A20=1 SMM=0 HLT=0
ES =0010 0000000000000000 ffffffff 00cf9300 DPL=0 DS   [-WA]
CS =0008 0000000000000000 ffffffff 00af9a00 DPL=0 CS64 [-R-]
SS =0010 0000000000000000 ffffffff 00cf9300 DPL=0 DS   [-WA]
DS =0010 0000000000000000 ffffffff 00cf9300 DPL=0 DS   [-WA]
FS =0010 0000000000000000 ffffffff 00cf9300 DPL=0 DS   [-WA]
GS =0010 0000000000000000 ffffffff 00cf9300 DPL=0 DS   [-WA]
LDT=0000 0000000000000000 0000ffff 00008200 DPL=0 LDT
TR =0000 0000000000000000 0000ffff 00008b00 DPL=0 TSS64-busy
GDT=     00000000001918c0 00000017
IDT=     00000000001900a0 00000fff
CR0=80000011 CR2=0000000000000000 CR3=0000000000104000 CR4=00000020
DR0=0000000000000000 DR1=0000000000000000 DR2=0000000000000000 DR3=0000000000000000 
DR6=00000000ffff0ff0 DR7=0000000000000400
CCS=0000000000000014 CCD=0000000000107f58 CCO=EFLAGS
EFER=0000000000000500
Servicing hardware INT=0x20
   601: v=20 e=0000 i=0 cpl=0 IP=0008:0000000000100500 pc=0000000000100500 SP=0010:0000000000107f80 env->regs[R_EAX]=0000000000000000
RAX=0000000000000000 RBX=0000000000000000 RCX=0000000000000002 RDX=00000000000003d5
RSI=0000000000000000 RDI=00000000000003d5 RBP=0000000000107ff0 RSP=0000000000107f80
R8 =0000000000000000 R9 =0000000000000000 R10=0000000000000000 R11=0000000000000000
R12=0000000000000000 R13=0000000000000000 R14=0000000000000000 R15=0000000000000000
RIP=0000000000100500 RFL=00000216 [----AP-] CPL=0 II=0 A20=1 SMM=0 HLT=0
ES =0010 0000000000000000 ffffffff 00cf9300 DPL=0 DS   [-WA]
CS =0008 0000000000000000 ffffffff 00af9a00 DPL=0 CS64 [-R-]
SS =0010 0000000000000000 ffffffff 00cf9300 DPL=0 DS   [-WA]
DS =0010 0000000000000000 ffffffff 00cf9300 DPL=0 DS   [-WA]
FS =0010 0000000000000000 ffffffff 00cf9300 DPL=0 DS   [-WA]
GS =0010 0000000000000000 ffffffff 00cf9300 DPL=0 DS   [-WA]
LDT=0000 0000000000000000 0000ffff 00008200 DPL=0 LDT
TR =0000 0000000000000000 0000ffff 00008b00 DPL=0 TSS64-busy
GDT=     00000000001918c0 00000017
IDT=     00000000001900a0 00000fff
CR0=80000011 CR2=0000000000000000 CR3=0000000000104000 CR4=00000020
DR0=0000000000000000 DR1=0000000000000000 DR2=0000000000000000 DR3=0000000000000000 
DR6=00000000ffff0ff0 DR7=0000000000000400
CCS=0000000000000014 CCD=0000000000107f58 CCO=EFLAGS
EFER=0000000000000500
Servicing hardware INT=0x20
   602: v=20 e=0000 i=0 cpl=0 IP=0008:0000000000100500 pc=0000000000100500 SP=0010:0000000000107f80 env->regs[R_EAX]=0000000000000000
RAX=0000000000000000 RBX=0000000000000000 RCX=0000000000000002 RDX=00000000000003d5
RSI=0000000000000000 RDI=00000000000003d5 RBP=0000000000107ff0 RSP=0000000000107f80
R8 =0000000000000000 R9 =0000000000000000 R10=0000000000000000 R11=0000000000000000
R12=0000000000000000 R13=0000000000000000 R14=0000000000000000 R15=0000000000000000
RIP=0000000000100500 RFL=00000216 [----AP-] CPL=0 II=0 A20=1 SMM=0 HLT=0
ES =0010 0000000000000000 ffffffff 00cf9300 DPL=0 DS   [-WA]
CS =0008 0000000000000000 ffffffff 00af9a00 DPL=0 CS64 [-R-]
SS =0010 0000000000000000 ffffffff 00cf9300 DPL=0 DS   [-WA]
DS =0010 0000000000000000 ffffffff 00cf9300 DPL=0 DS   [-WA]
FS =0010 0000000000000000 ffffffff 00cf9300 DPL=0 DS   [-WA]
GS =0010 0000000000000000 ffffffff 00cf9300 DPL=0 DS   [-WA]
LDT=0000 0000000000000000 0000ffff 00008200 DPL=0 LDT
TR =0000 0000000000000000 0000ffff 00008b00 DPL=0 TSS64-busy
GDT=     00000000001918c0 00000017
IDT=     00000000001900a0 00000fff
CR0=80000011 CR2=0000000000000000 CR3=0000000000104000 CR4=00000020
DR0=0000000000000000 DR1=0000000000000000 DR2=0000000000000000 DR3=0000000000000000 
DR6=00000000ffff0ff0 DR7=0000000000000400
CCS=0000000000000014 CCD=0000000000107f58 CCO=EFLAGS
EFER=0000000000000500
Servicing hardware INT=0x20
   603: v=20 e=0000 i=0 cpl=0 IP=0008:0000000000100500 pc=0000000000100500 SP=0010:0000000000107f80 env->regs[R_EAX]=0000000000000000
RAX=0000000000000000 RBX=0000000000000000 RCX=0000000000000002 RDX=00000000000003d5
RSI=0000000000000000 RDI=00000000000003d5 RBP=0000000000107ff0 RSP=0000000000107f80
R8 =0000000000000000 R9 =0000000000000000 R10=0000000000000000 R11=0000000000000000
R12=0000000000000000 R13=0000000000000000 R14=0000000000000000 R15=0000000000000000
RIP=0000000000100500 RFL=00000216 [----AP-] CPL=0 II=0 A20=1 SMM=0 HLT=0
ES =0010 0000000000000000 ffffffff 00cf9300 DPL=0 DS   [-WA]
CS =0008 0000000000000000 ffffffff 00af9a00 DPL=0 CS64 [-R-]
SS =0010 0000000000000000 ffffffff 00cf9300 DPL=0 DS   [-WA]
DS =0010 0000000000000000 ffffffff 00cf9300 DPL=0 DS   [-WA]
FS =0010 0000000000000000 ffffffff 00cf9300 DPL=0 DS   [-WA]
GS =0010 0000000000000000 ffffffff 00cf9300 DPL=0 DS   [-WA]
LDT=0000 0000000000000000 0000ffff 00008200 DPL=0 LDT
TR =0000 0000000000000000 0000ffff 00008b00 DPL=0 TSS64-busy
GDT=     00000000001918c0 00000017
IDT=     00000000001900a0 00000fff
CR0=80000011 CR2=0000000000000000 CR3=0000000000104000 CR4=00000020
DR0=0000000000000000 DR1=0000000000000000 DR2=0000000000000000 DR3=0000000000000000 
DR6=00000000ffff0ff0 DR7=0000000000000400
CCS=0000000000000014 CCD=0000000000107f58 CCO=EFLAGS
EFER=0000000000000500
Servicing hardware INT=0x20
   604: v=20 e=0000 i=0 cpl=0 IP=0008:0000000000100500 pc=0000000000100500 SP=0010:0000000000107f80 env->regs[R_EAX]=0000000000000000
RAX=0000000000000000 RBX=0000000000000000 RCX=0000000000000002 RDX=00000000000003d5
RSI=0000000000000000 RDI=00000000000003d5 RBP=0000000000107ff0 RSP=0000000000107f80
R8 =0000000000000000 R9 =0000000000000000 R10=0000000000000000 R11=0000000000000000
R12=0000000000000000 R13=0000000000000000 R14=0000000000000000 R15=0000000000000000
RIP=0000000000100500 RFL=00000216 [----AP-] CPL=0 II=0 A20=1 SMM=0 HLT=0
ES =0010 0000000000000000 ffffffff 00cf9300 DPL=0 DS   [-WA]
CS =0008 0000000000000000 ffffffff 00af9a00 DPL=0 CS64 [-R-]
SS =0010 0000000000000000 ffffffff 00cf9300 DPL=0 DS   [-WA]
DS =0010 0000000000000000 ffffffff 00cf9300 DPL=0 DS   [-WA]
FS =0010 0000000000000000 ffffffff 00cf9300 DPL=0 DS   [-WA]
GS =0010 0000000000000000 ffffffff 00cf9300 DPL=0 DS   [-WA]
LDT=0000 0000000000000000 0000ffff 00008200 DPL=0 LDT
TR =0000 0000000000000000 0000ffff 00008b00 DPL=0 TSS64-busy
GDT=     00000000001918c0 00000017
IDT=     00000000001900a0 00000fff
CR0=80000011 CR2=0000000000000000 CR3=0000000000104000 CR4=00000020
DR0=0000000000000000 DR1=0000000000000000 DR2=0000000000000000 DR3=0000000000000000 
DR6=00000000ffff0ff0 DR7=0000000000000400
CCS=0000000000000014 CCD=0000000000107f58 CCO=EFLAGS
EFER=0000000000000500
Servicing hardware INT=0x20
   605: v=20 e=0000 i=0 cpl=0 IP=0008:0000000000100500 pc=0000000000100500 SP=0010:0000000000107f80 env->regs[R_EAX]=0000000000000000
RAX=0000000000000000 RBX=0000000000000000 RCX=0000000000000002 RDX=00000000000003d5
RSI=0000000000000000 RDI=00000000000003d5 RBP=0000000000107ff0 RSP=0000000000107f80
R8 =0000000000000000 R9 =0000000000000000 R10=0000000000000000 R11=0000000000000000
R12=0000000000000000 R13=0000000000000000 R14=0000000000000000 R15=0000000000000000
RIP=0000000000100500 RFL=00000216 [----AP-] CPL=0 II=0 A20=1 SMM=0 HLT=0
ES =0010 0000000000000000 ffffffff 00cf9300 DPL=0 DS   [-WA]
CS =0008 0000000000000000 ffffffff 00af9a00 DPL=0 CS64 [-R-]
SS =0010 0000000000000000 ffffffff 00cf9300 DPL=0 DS   [-WA]
DS =0010 0000000000000000 ffffffff 00cf9300 DPL=0 DS   [-WA]
FS =0010 0000000000000000 ffffffff 00cf9300 DPL=0 DS   [-WA]
GS =0010 0000000000000000 ffffffff 00cf9300 DPL=0 DS   [-WA]
LDT=0000 0000000000000000 0000ffff 00008200 DPL=0 LDT
TR =0000 0000000000000000 0000ffff 00008b00 DPL=0 TSS64-busy
GDT=     00000000001918c0 00000017
IDT=     00000000001900a0 00000fff
CR0=80000011 CR2=0000000000000000 CR3=0000000000104000 CR4=00000020
DR0=0000000000000000 DR1=0000000000000000 DR2=0000000000000000 DR3=0000000000000000 
DR6=00000000ffff0ff0 DR7=0000000000000400
CCS=0000000000000014 CCD=0000000000107f58 CCO=EFLAGS
EFER=0000000000000500
Servicing hardware INT=0x20
   606: v=20 e=0000 i=0 cpl=0 IP=0008:0000000000100500 pc=0000000000100500 SP=0010:0000000000107f80 env->regs[R_EAX]=0000000000000000
RAX=0000000000000000 RBX=0000000000000000 RCX=0000000000000002 RDX=00000000000003d5
RSI=0000000000000000 RDI=00000000000003d5 RBP=0000000000107ff0 RSP=0000000000107f80
R8 =0000000000000000 R9 =0000000000000000 R10=0000000000000000 R11=0000000000000000
R12=0000000000000000 R13=0000000000000000 R14=0000000000000000 R15=0000000000000000
RIP=0000000000100500 RFL=00000216 [----AP-] CPL=0 II=0 A20=1 SMM=0 HLT=0
ES =0010 0000000000000000 ffffffff 00cf9300 DPL=0 DS   [-WA]
CS =0008 0000000000000000 ffffffff 00af9a00 DPL=0 CS64 [-R-]
SS =0010 0000000000000000 ffffffff 00cf9300 DPL=0 DS   [-WA]
DS =0010 0000000000000000 ffffffff 00cf9300 DPL=0 DS   [-WA]
FS =0010 0000000000000000 ffffffff 00cf9300 DPL=0 DS   [-WA]
GS =0010 0000000000000000 ffffffff 00cf9300 DPL=0 DS   [-WA]
LDT=0000 0000000000000000 0000ffff 00008200 DPL=0 LDT
TR =0000 0000000000000000 0000ffff 00008b00 DPL=0 TSS64-busy
GDT=     00000000001918c0 00000017
IDT=     00000000001900a0 00000fff
CR0=80000011 CR2=0000000000000000 CR3=0000000000104000 CR4=00000020
DR0=0000000000000000 DR1=0000000000000000 DR2=0000000000000000 DR3=0000000000000000 
DR6=00000000ffff0ff0 DR7=0000000000000400
CCS=0000000000000014 CCD=0000000000107f58 CCO=EFLAGS
EFER=0000000000000500
Servicing hardware INT=0x20
   607: v=20 e=0000 i=0 cpl=0 IP=0008:0000000000100500 pc=0000000000100500 SP=0010:0000000000107f80 env->regs[R_EAX]=0000000000000000
RAX=0000000000000000 RBX=0000000000000000 RCX=0000000000000002 RDX=00000000000003d5
RSI=0000000000000000 RDI=00000000000003d5 RBP=0000000000107ff0 RSP=0000000000107f80
R8 =0000000000000000 R9 =0000000000000000 R10=0000000000000000 R11=0000000000000000
R12=0000000000000000 R13=0000000000000000 R14=0000000000000000 R15=0000000000000000
RIP=0000000000100500 RFL=00000216 [----AP-] CPL=0 II=0 A20=1 SMM=0 HLT=0
ES =0010 0000000000000000 ffffffff 00cf9300 DPL=0 DS   [-WA]
CS =0008 0000000000000000 ffffffff 00af9a00 DPL=0 CS64 [-R-]
SS =0010 0000000000000000 ffffffff 00cf9300 DPL=0 DS   [-WA]
DS =0010 0000000000000000 ffffffff 00cf9300 DPL=0 DS   [-WA]
FS =0010 0000000000000000 ffffffff 00cf9300 DPL=0 DS   [-WA]
GS =0010 0000000000000000 ffffffff 00cf9300 DPL=0 DS   [-WA]
LDT=0000 0000000000000000 0000ffff 00008200 DPL=0 LDT
TR =0000 0000000000000000 0000ffff 00008b00 DPL=0 TSS64-busy
GDT=     00000000001918c0 00000017
IDT=     00000000001900a0 00000fff
CR0=80000011 CR2=0000000000000000 CR3=0000000000104000 CR4=00000020
DR0=0000000000000000 DR1=0000000000000000 DR2=0000000000000000 DR3=0000000000000000 
DR6=00000000ffff0ff0 DR7=0000000000000400
CCS=0000000000000014 CCD=0000000000107f58 CCO=EFLAGS
EFER=0000000000000500
Servicing hardware INT=0x20
   608: v=20 e=0000 i=0 cpl=0 IP=0008:0000000000100500 pc=0000000000100500 SP=0010:0000000000107f80 env->regs[R_EAX]=0000000000000000
RAX=0000000000000000 RBX=0000000000000000 RCX=0000000000000002 RDX=00000000000003d5
RSI=0000000000000000 RDI=00000000000003d5 RBP=0000000000107ff0 RSP=0000000000107f80
R8 =0000000000000000 R9 =0000000000000000 R10=0000000000000000 R11=0000000000000000
R12=0000000000000000 R13=0000000000000000 R14=0000000000000000 R15=0000000000000000
RIP=0000000000100500 RFL=00000216 [----AP-] CPL=0 II=0 A20=1 SMM=0 HLT=0
ES =0010 0000000000000000 ffffffff 00cf9300 DPL=0 DS   [-WA]
CS =0008 0000000000000000 ffffffff 00af9a00 DPL=0 CS64 [-R-]
SS =0010 0000000000000000 ffffffff 00cf9300 DPL=0 DS   [-WA]
DS =0010 0000000000000000 ffffffff 00cf9300 DPL=0 DS   [-WA]
FS =0010 0000000000000000 ffffffff 00cf9300 DPL=0 DS   [-WA]
GS =0010 0000000000000000 ffffffff 00cf9300 DPL=0 DS   [-WA]
LDT=0000 0000000000000000 0000ffff 00008200 DPL=0 LDT
TR =0000 0000000000000000 0000ffff 00008b00 DPL=0 TSS64-busy
GDT=     00000000001918c0 00000017
IDT=     00000000001900a0 00000fff
CR0=80000011 CR2=0000000000000000 CR3=0000000000104000 CR4=00000020
DR0=0000000000000000 DR1=0000000000000000 DR2=0000000000000000 DR3=0000000000000000 
DR6=00000000ffff0ff0 DR7=0000000000000400
CCS=0000000000000014 CCD=0000000000107f58 CCO=EFLAGS
EFER=0000000000000500
Servicing hardware INT=0x20
   609: v=20 e=0000 i=0 cpl=0 IP=0008:0000000000100500 pc=0000000000100500 SP=0010:0000000000107f80 env->regs[R_EAX]=0000000000000000
RAX=0000000000000000 RBX=0000000000000000 RCX=0000000000000002 RDX=00000000000003d5
RSI=0000000000000000 RDI=00000000000003d5 RBP=0000000000107ff0 RSP=0000000000107f80
R8 =0000000000000000 R9 =0000000000000000 R10=0000000000000000 R11=0000000000000000
R12=0000000000000000 R13=0000000000000000 R14=0000000000000000 R15=0000000000000000
RIP=0000000000100500 RFL=00000216 [----AP-] CPL=0 II=0 A20=1 SMM=0 HLT=0
ES =0010 0000000000000000 ffffffff 00cf9300 DPL=0 DS   [-WA]
CS =0008 0000000000000000 ffffffff 00af9a00 DPL=0 CS64 [-R-]
SS =0010 0000000000000000 ffffffff 00cf9300 DPL=0 DS   [-WA]
DS =0010 0000000000000000 ffffffff 00cf9300 DPL=0 DS   [-WA]
FS =0010 0000000000000000 ffffffff 00cf9300 DPL=0 DS   [-WA]
GS =0010 0000000000000000 ffffffff 00cf9300 DPL=0 DS   [-WA]
LDT=0000 0000000000000000 0000ffff 00008200 DPL=0 LDT
TR =0000 0000000000000000 0000ffff 00008b00 DPL=0 TSS64-busy
GDT=     00000000001918c0 00000017
IDT=     00000000001900a0 00000fff
CR0=80000011 CR2=0000000000000000 CR3=0000000000104000 CR4=00000020
DR0=0000000000000000 DR1=0000000000000000 DR2=0000000000000000 DR3=0000000000000000 
DR6=00000000ffff0ff0 DR7=0000000000000400
CCS=0000000000000014 CCD=0000000000107f58 CCO=EFLAGS
EFER=0000000000000500
Servicing hardware INT=0x20
   610: v=20 e=0000 i=0 cpl=0 IP=0008:0000000000100500 pc=0000000000100500 SP=0010:0000000000107f80 env->regs[R_EAX]=0000000000000000
RAX=0000000000000000 RBX=0000000000000000 RCX=0000000000000002 RDX=00000000000003d5
RSI=0000000000000000 RDI=00000000000003d5 RBP=0000000000107ff0 RSP=0000000000107f80
R8 =0000000000000000 R9 =0000000000000000 R10=0000000000000000 R11=0000000000000000
R12=0000000000000000 R13=0000000000000000 R14=0000000000000000 R15=0000000000000000
RIP=0000000000100500 RFL=00000216 [----AP-] CPL=0 II=0 A20=1 SMM=0 HLT=0
ES =0010 0000000000000000 ffffffff 00cf9300 DPL=0 DS   [-WA]
CS =0008 0000000000000000 ffffffff 00af9a00 DPL=0 CS64 [-R-]
SS =0010 0000000000000000 ffffffff 00cf9300 DPL=0 DS   [-WA]
DS =0010 0000000000000000 ffffffff 00cf9300 DPL=0 DS   [-WA]
FS =0010 0000000000000000 ffffffff 00cf9300 DPL=0 DS   [-WA]
GS =0010 0000000000000000 ffffffff 00cf9300 DPL=0 DS   [-WA]
LDT=0000 0000000000000000 0000ffff 00008200 DPL=0 LDT
TR =0000 0000000000000000 0000ffff 00008b00 DPL=0 TSS64-busy
GDT=     00000000001918c0 00000017
IDT=     00000000001900a0 00000fff
CR0=80000011 CR2=0000000000000000 CR3=0000000000104000 CR4=00000020
DR0=0000000000000000 DR1=0000000000000000 DR2=0000000000000000 DR3=0000000000000000 
DR6=00000000ffff0ff0 DR7=0000000000000400
CCS=0000000000000014 CCD=0000000000107f58 CCO=EFLAGS
EFER=0000000000000500
Servicing hardware INT=0x20
   611: v=20 e=0000 i=0 cpl=0 IP=0008:0000000000100500 pc=0000000000100500 SP=0010:0000000000107f80 env->regs[R_EAX]=0000000000000000
RAX=0000000000000000 RBX=0000000000000000 RCX=0000000000000002 RDX=00000000000003d5
RSI=0000000000000000 RDI=00000000000003d5 RBP=0000000000107ff0 RSP=0000000000107f80
R8 =0000000000000000 R9 =0000000000000000 R10=0000000000000000 R11=0000000000000000
R12=0000000000000000 R13=0000000000000000 R14=0000000000000000 R15=0000000000000000
RIP=0000000000100500 RFL=00000216 [----AP-] CPL=0 II=0 A20=1 SMM=0 HLT=0
ES =0010 0000000000000000 ffffffff 00cf9300 DPL=0 DS   [-WA]
CS =0008 0000000000000000 ffffffff 00af9a00 DPL=0 CS64 [-R-]
SS =0010 0000000000000000 ffffffff 00cf9300 DPL=0 DS   [-WA]
DS =0010 0000000000000000 ffffffff 00cf9300 DPL=0 DS   [-WA]
FS =0010 0000000000000000 ffffffff 00cf9300 DPL=0 DS   [-WA]
GS =0010 0000000000000000 ffffffff 00cf9300 DPL=0 DS   [-WA]
LDT=0000 0000000000000000 0000ffff 00008200 DPL=0 LDT
TR =0000 0000000000000000 0000ffff 00008b00 DPL=0 TSS64-busy
GDT=     00000000001918c0 00000017
IDT=     00000000001900a0 00000fff
CR0=80000011 CR2=0000000000000000 CR3=0000000000104000 CR4=00000020
DR0=0000000000000000 DR1=0000000000000000 DR2=0000000000000000 DR3=0000000000000000 
DR6=00000000ffff0ff0 DR7=0000000000000400
CCS=0000000000000014 CCD=0000000000107f58 CCO=EFLAGS
EFER=0000000000000500
Servicing hardware INT=0x20
   612: v=20 e=0000 i=0 cpl=0 IP=0008:0000000000100500 pc=0000000000100500 SP=0010:0000000000107f80 env->regs[R_EAX]=0000000000000000
RAX=0000000000000000 RBX=0000000000000000 RCX=0000000000000002 RDX=00000000000003d5
RSI=0000000000000000 RDI=00000000000003d5 RBP=0000000000107ff0 RSP=0000000000107f80
R8 =0000000000000000 R9 =0000000000000000 R10=0000000000000000 R11=0000000000000000
R12=0000000000000000 R13=0000000000000000 R14=0000000000000000 R15=0000000000000000
RIP=0000000000100500 RFL=00000216 [----AP-] CPL=0 II=0 A20=1 SMM=0 HLT=0
ES =0010 0000000000000000 ffffffff 00cf9300 DPL=0 DS   [-WA]
CS =0008 0000000000000000 ffffffff 00af9a00 DPL=0 CS64 [-R-]
SS =0010 0000000000000000 ffffffff 00cf9300 DPL=0 DS   [-WA]
DS =0010 0000000000000000 ffffffff 00cf9300 DPL=0 DS   [-WA]
FS =0010 0000000000000000 ffffffff 00cf9300 DPL=0 DS   [-WA]
GS =0010 0000000000000000 ffffffff 00cf9300 DPL=0 DS   [-WA]
LDT=0000 0000000000000000 0000ffff 00008200 DPL=0 LDT
TR =0000 0000000000000000 0000ffff 00008b00 DPL=0 TSS64-busy
GDT=     00000000001918c0 00000017
IDT=     00000000001900a0 00000fff
CR0=80000011 CR2=0000000000000000 CR3=0000000000104000 CR4=00000020
DR0=0000000000000000 DR1=0000000000000000 DR2=0000000000000000 DR3=0000000000000000 
DR6=00000000ffff0ff0 DR7=0000000000000400
CCS=0000000000000014 CCD=0000000000107f58 CCO=EFLAGS
EFER=0000000000000500
Servicing hardware INT=0x20
   613: v=20 e=0000 i=0 cpl=0 IP=0008:0000000000100500 pc=0000000000100500 SP=0010:0000000000107f80 env->regs[R_EAX]=0000000000000000
RAX=0000000000000000 RBX=0000000000000000 RCX=0000000000000002 RDX=00000000000003d5
RSI=0000000000000000 RDI=00000000000003d5 RBP=0000000000107ff0 RSP=0000000000107f80
R8 =0000000000000000 R9 =0000000000000000 R10=0000000000000000 R11=0000000000000000
R12=0000000000000000 R13=0000000000000000 R14=0000000000000000 R15=0000000000000000
RIP=0000000000100500 RFL=00000216 [----AP-] CPL=0 II=0 A20=1 SMM=0 HLT=0
ES =0010 0000000000000000 ffffffff 00cf9300 DPL=0 DS   [-WA]
CS =0008 0000000000000000 ffffffff 00af9a00 DPL=0 CS64 [-R-]
SS =0010 0000000000000000 ffffffff 00cf9300 DPL=0 DS   [-WA]
DS =0010 0000000000000000 ffffffff 00cf9300 DPL=0 DS   [-WA]
FS =0010 0000000000000000 ffffffff 00cf9300 DPL=0 DS   [-WA]
GS =0010 0000000000000000 ffffffff 00cf9300 DPL=0 DS   [-WA]
LDT=0000 0000000000000000 0000ffff 00008200 DPL=0 LDT
TR =0000 0000000000000000 0000ffff 00008b00 DPL=0 TSS64-busy
GDT=     00000000001918c0 00000017
IDT=     00000000001900a0 00000fff
CR0=80000011 CR2=0000000000000000 CR3=0000000000104000 CR4=00000020
DR0=0000000000000000 DR1=0000000000000000 DR2=0000000000000000 DR3=0000000000000000 
DR6=00000000ffff0ff0 DR7=0000000000000400
CCS=0000000000000014 CCD=0000000000107f58 CCO=EFLAGS
EFER=0000000000000500
Servicing hardware INT=0x20
   614: v=20 e=0000 i=0 cpl=0 IP=0008:0000000000100500 pc=0000000000100500 SP=0010:0000000000107f80 env->regs[R_EAX]=0000000000000000
RAX=0000000000000000 RBX=0000000000000000 RCX=0000000000000002 RDX=00000000000003d5
RSI=0000000000000000 RDI=00000000000003d5 RBP=0000000000107ff0 RSP=0000000000107f80
R8 =0000000000000000 R9 =0000000000000000 R10=0000000000000000 R11=0000000000000000
R12=0000000000000000 R13=0000000000000000 R14=0000000000000000 R15=0000000000000000
RIP=0000000000100500 RFL=00000216 [----AP-] CPL=0 II=0 A20=1 SMM=0 HLT=0
ES =0010 0000000000000000 ffffffff 00cf9300 DPL=0 DS   [-WA]
CS =0008 0000000000000000 ffffffff 00af9a00 DPL=0 CS64 [-R-]
SS =0010 0000000000000000 ffffffff 00cf9300 DPL=0 DS   [-WA]
DS =0010 0000000000000000 ffffffff 00cf9300 DPL=0 DS   [-WA]
FS =0010 0000000000000000 ffffffff 00cf9300 DPL=0 DS   [-WA]
GS =0010 0000000000000000 ffffffff 00cf9300 DPL=0 DS   [-WA]
LDT=0000 0000000000000000 0000ffff 00008200 DPL=0 LDT
TR =0000 0000000000000000 0000ffff 00008b00 DPL=0 TSS64-busy
GDT=     00000000001918c0 00000017
IDT=     00000000001900a0 00000fff
CR0=80000011 CR2=0000000000000000 CR3=0000000000104000 CR4=00000020
DR0=0000000000000000 DR1=0000000000000000 DR2=0000000000000000 DR3=0000000000000000 
DR6=00000000ffff0ff0 DR7=0000000000000400
CCS=0000000000000014 CCD=0000000000107f58 CCO=EFLAGS
EFER=0000000000000500
Servicing hardware INT=0x20
   615: v=20 e=0000 i=0 cpl=0 IP=0008:0000000000100500 pc=0000000000100500 SP=0010:0000000000107f80 env->regs[R_EAX]=0000000000000000
RAX=0000000000000000 RBX=0000000000000000 RCX=0000000000000002 RDX=00000000000003d5
RSI=0000000000000000 RDI=00000000000003d5 RBP=0000000000107ff0 RSP=0000000000107f80
R8 =0000000000000000 R9 =0000000000000000 R10=0000000000000000 R11=0000000000000000
R12=0000000000000000 R13=0000000000000000 R14=0000000000000000 R15=0000000000000000
RIP=0000000000100500 RFL=00000216 [----AP-] CPL=0 II=0 A20=1 SMM=0 HLT=0
ES =0010 0000000000000000 ffffffff 00cf9300 DPL=0 DS   [-WA]
CS =0008 0000000000000000 ffffffff 00af9a00 DPL=0 CS64 [-R-]
SS =0010 0000000000000000 ffffffff 00cf9300 DPL=0 DS   [-WA]
DS =0010 0000000000000000 ffffffff 00cf9300 DPL=0 DS   [-WA]
FS =0010 0000000000000000 ffffffff 00cf9300 DPL=0 DS   [-WA]
GS =0010 0000000000000000 ffffffff 00cf9300 DPL=0 DS   [-WA]
LDT=0000 0000000000000000 0000ffff 00008200 DPL=0 LDT
TR =0000 0000000000000000 0000ffff 00008b00 DPL=0 TSS64-busy
GDT=     00000000001918c0 00000017
IDT=     00000000001900a0 00000fff
CR0=80000011 CR2=0000000000000000 CR3=0000000000104000 CR4=00000020
DR0=0000000000000000 DR1=0000000000000000 DR2=0000000000000000 DR3=0000000000000000 
DR6=00000000ffff0ff0 DR7=0000000000000400
CCS=0000000000000014 CCD=0000000000107f58 CCO=EFLAGS
EFER=0000000000000500
Servicing hardware INT=0x20
   616: v=20 e=0000 i=0 cpl=0 IP=0008:0000000000100500 pc=0000000000100500 SP=0010:0000000000107f80 env->regs[R_EAX]=0000000000000000
RAX=0000000000000000 RBX=0000000000000000 RCX=0000000000000002 RDX=00000000000003d5
RSI=0000000000000000 RDI=00000000000003d5 RBP=0000000000107ff0 RSP=0000000000107f80
R8 =0000000000000000 R9 =0000000000000000 R10=0000000000000000 R11=0000000000000000
R12=0000000000000000 R13=0000000000000000 R14=0000000000000000 R15=0000000000000000
RIP=0000000000100500 RFL=00000216 [----AP-] CPL=0 II=0 A20=1 SMM=0 HLT=0
ES =0010 0000000000000000 ffffffff 00cf9300 DPL=0 DS   [-WA]
CS =0008 0000000000000000 ffffffff 00af9a00 DPL=0 CS64 [-R-]
SS =0010 0000000000000000 ffffffff 00cf9300 DPL=0 DS   [-WA]
DS =0010 0000000000000000 ffffffff 00cf9300 DPL=0 DS   [-WA]
FS =0010 0000000000000000 ffffffff 00cf9300 DPL=0 DS   [-WA]
GS =0010 0000000000000000 ffffffff 00cf9300 DPL=0 DS   [-WA]
LDT=0000 0000000000000000 0000ffff 00008200 DPL=0 LDT
TR =0000 0000000000000000 0000ffff 00008b00 DPL=0 TSS64-busy
GDT=     00000000001918c0 00000017
IDT=     00000000001900a0 00000fff
CR0=80000011 CR2=0000000000000000 CR3=0000000000104000 CR4=00000020
DR0=0000000000000000 DR1=0000000000000000 DR2=0000000000000000 DR3=0000000000000000 
DR6=00000000ffff0ff0 DR7=0000000000000400
CCS=0000000000000014 CCD=0000000000107f58 CCO=EFLAGS
EFER=0000000000000500
Servicing hardware INT=0x20
   617: v=20 e=0000 i=0 cpl=0 IP=0008:0000000000100500 pc=0000000000100500 SP=0010:0000000000107f80 env->regs[R_EAX]=0000000000000000
RAX=0000000000000000 RBX=0000000000000000 RCX=0000000000000002 RDX=00000000000003d5
RSI=0000000000000000 RDI=00000000000003d5 RBP=0000000000107ff0 RSP=0000000000107f80
R8 =0000000000000000 R9 =0000000000000000 R10=0000000000000000 R11=0000000000000000
R12=0000000000000000 R13=0000000000000000 R14=0000000000000000 R15=0000000000000000
RIP=0000000000100500 RFL=00000216 [----AP-] CPL=0 II=0 A20=1 SMM=0 HLT=0
ES =0010 0000000000000000 ffffffff 00cf9300 DPL=0 DS   [-WA]
CS =0008 0000000000000000 ffffffff 00af9a00 DPL=0 CS64 [-R-]
SS =0010 0000000000000000 ffffffff 00cf9300 DPL=0 DS   [-WA]
DS =0010 0000000000000000 ffffffff 00cf9300 DPL=0 DS   [-WA]
FS =0010 0000000000000000 ffffffff 00cf9300 DPL=0 DS   [-WA]
GS =0010 0000000000000000 ffffffff 00cf9300 DPL=0 DS   [-WA]
LDT=0000 0000000000000000 0000ffff 00008200 DPL=0 LDT
TR =0000 0000000000000000 0000ffff 00008b00 DPL=0 TSS64-busy
GDT=     00000000001918c0 00000017
IDT=     00000000001900a0 00000fff
CR0=80000011 CR2=0000000000000000 CR3=0000000000104000 CR4=00000020
DR0=0000000000000000 DR1=0000000000000000 DR2=0000000000000000 DR3=0000000000000000 
DR6=00000000ffff0ff0 DR7=0000000000000400
CCS=0000000000000014 CCD=0000000000107f58 CCO=EFLAGS
EFER=0000000000000500
Servicing hardware INT=0x20
   618: v=20 e=0000 i=0 cpl=0 IP=0008:0000000000100500 pc=0000000000100500 SP=0010:0000000000107f80 env->regs[R_EAX]=0000000000000000
RAX=0000000000000000 RBX=0000000000000000 RCX=0000000000000002 RDX=00000000000003d5
RSI=0000000000000000 RDI=00000000000003d5 RBP=0000000000107ff0 RSP=0000000000107f80
R8 =0000000000000000 R9 =0000000000000000 R10=0000000000000000 R11=0000000000000000
R12=0000000000000000 R13=0000000000000000 R14=0000000000000000 R15=0000000000000000
RIP=0000000000100500 RFL=00000216 [----AP-] CPL=0 II=0 A20=1 SMM=0 HLT=0
ES =0010 0000000000000000 ffffffff 00cf9300 DPL=0 DS   [-WA]
CS =0008 0000000000000000 ffffffff 00af9a00 DPL=0 CS64 [-R-]
SS =0010 0000000000000000 ffffffff 00cf9300 DPL=0 DS   [-WA]
DS =0010 0000000000000000 ffffffff 00cf9300 DPL=0 DS   [-WA]
FS =0010 0000000000000000 ffffffff 00cf9300 DPL=0 DS   [-WA]
GS =0010 0000000000000000 ffffffff 00cf9300 DPL=0 DS   [-WA]
LDT=0000 0000000000000000 0000ffff 00008200 DPL=0 LDT
TR =0000 0000000000000000 0000ffff 00008b00 DPL=0 TSS64-busy
GDT=     00000000001918c0 00000017
IDT=     00000000001900a0 00000fff
CR0=80000011 CR2=0000000000000000 CR3=0000000000104000 CR4=00000020
DR0=0000000000000000 DR1=0000000000000000 DR2=0000000000000000 DR3=0000000000000000 
DR6=00000000ffff0ff0 DR7=0000000000000400
CCS=0000000000000014 CCD=0000000000107f58 CCO=EFLAGS
EFER=0000000000000500
Servicing hardware INT=0x20
   619: v=20 e=0000 i=0 cpl=0 IP=0008:0000000000100500 pc=0000000000100500 SP=0010:0000000000107f80 env->regs[R_EAX]=0000000000000000
RAX=0000000000000000 RBX=0000000000000000 RCX=0000000000000002 RDX=00000000000003d5
RSI=0000000000000000 RDI=00000000000003d5 RBP=0000000000107ff0 RSP=0000000000107f80
R8 =0000000000000000 R9 =0000000000000000 R10=0000000000000000 R11=0000000000000000
R12=0000000000000000 R13=0000000000000000 R14=0000000000000000 R15=0000000000000000
RIP=0000000000100500 RFL=00000216 [----AP-] CPL=0 II=0 A20=1 SMM=0 HLT=0
ES =0010 0000000000000000 ffffffff 00cf9300 DPL=0 DS   [-WA]
CS =0008 0000000000000000 ffffffff 00af9a00 DPL=0 CS64 [-R-]
SS =0010 0000000000000000 ffffffff 00cf9300 DPL=0 DS   [-WA]
DS =0010 0000000000000000 ffffffff 00cf9300 DPL=0 DS   [-WA]
FS =0010 0000000000000000 ffffffff 00cf9300 DPL=0 DS   [-WA]
GS =0010 0000000000000000 ffffffff 00cf9300 DPL=0 DS   [-WA]
LDT=0000 0000000000000000 0000ffff 00008200 DPL=0 LDT
TR =0000 0000000000000000 0000ffff 00008b00 DPL=0 TSS64-busy
GDT=     00000000001918c0 00000017
IDT=     00000000001900a0 00000fff
CR0=80000011 CR2=0000000000000000 CR3=0000000000104000 CR4=00000020
DR0=0000000000000000 DR1=0000000000000000 DR2=0000000000000000 DR3=0000000000000000 
DR6=00000000ffff0ff0 DR7=0000000000000400
CCS=0000000000000014 CCD=0000000000107f58 CCO=EFLAGS
EFER=0000000000000500
Servicing hardware INT=0x20
   620: v=20 e=0000 i=0 cpl=0 IP=0008:0000000000100500 pc=0000000000100500 SP=0010:0000000000107f80 env->regs[R_EAX]=0000000000000000
RAX=0000000000000000 RBX=0000000000000000 RCX=0000000000000002 RDX=00000000000003d5
RSI=0000000000000000 RDI=00000000000003d5 RBP=0000000000107ff0 RSP=0000000000107f80
R8 =0000000000000000 R9 =0000000000000000 R10=0000000000000000 R11=0000000000000000
R12=0000000000000000 R13=0000000000000000 R14=0000000000000000 R15=0000000000000000
RIP=0000000000100500 RFL=00000216 [----AP-] CPL=0 II=0 A20=1 SMM=0 HLT=0
ES =0010 0000000000000000 ffffffff 00cf9300 DPL=0 DS   [-WA]
CS =0008 0000000000000000 ffffffff 00af9a00 DPL=0 CS64 [-R-]
SS =0010 0000000000000000 ffffffff 00cf9300 DPL=0 DS   [-WA]
DS =0010 0000000000000000 ffffffff 00cf9300 DPL=0 DS   [-WA]
FS =0010 0000000000000000 ffffffff 00cf9300 DPL=0 DS   [-WA]
GS =0010 0000000000000000 ffffffff 00cf9300 DPL=0 DS   [-WA]
LDT=0000 0000000000000000 0000ffff 00008200 DPL=0 LDT
TR =0000 0000000000000000 0000ffff 00008b00 DPL=0 TSS64-busy
GDT=     00000000001918c0 00000017
IDT=     00000000001900a0 00000fff
CR0=80000011 CR2=0000000000000000 CR3=0000000000104000 CR4=00000020
DR0=0000000000000000 DR1=0000000000000000 DR2=0000000000000000 DR3=0000000000000000 
DR6=00000000ffff0ff0 DR7=0000000000000400
CCS=0000000000000014 CCD=0000000000107f58 CCO=EFLAGS
EFER=0000000000000500
Servicing hardware INT=0x20
   621: v=20 e=0000 i=0 cpl=0 IP=0008:0000000000100500 pc=0000000000100500 SP=0010:0000000000107f80 env->regs[R_EAX]=0000000000000000
RAX=0000000000000000 RBX=0000000000000000 RCX=0000000000000002 RDX=00000000000003d5
RSI=0000000000000000 RDI=00000000000003d5 RBP=0000000000107ff0 RSP=0000000000107f80
R8 =0000000000000000 R9 =0000000000000000 R10=0000000000000000 R11=0000000000000000
R12=0000000000000000 R13=0000000000000000 R14=0000000000000000 R15=0000000000000000
RIP=0000000000100500 RFL=00000216 [----AP-] CPL=0 II=0 A20=1 SMM=0 HLT=0
ES =0010 0000000000000000 ffffffff 00cf9300 DPL=0 DS   [-WA]
CS =0008 0000000000000000 ffffffff 00af9a00 DPL=0 CS64 [-R-]
SS =0010 0000000000000000 ffffffff 00cf9300 DPL=0 DS   [-WA]
DS =0010 0000000000000000 ffffffff 00cf9300 DPL=0 DS   [-WA]
FS =0010 0000000000000000 ffffffff 00cf9300 DPL=0 DS   [-WA]
GS =0010 0000000000000000 ffffffff 00cf9300 DPL=0 DS   [-WA]
LDT=0000 0000000000000000 0000ffff 00008200 DPL=0 LDT
TR =0000 0000000000000000 0000ffff 00008b00 DPL=0 TSS64-busy
GDT=     00000000001918c0 00000017
IDT=     00000000001900a0 00000fff
CR0=80000011 CR2=0000000000000000 CR3=0000000000104000 CR4=00000020
DR0=0000000000000000 DR1=0000000000000000 DR2=0000000000000000 DR3=0000000000000000 
DR6=00000000ffff0ff0 DR7=0000000000000400
CCS=0000000000000014 CCD=0000000000107f58 CCO=EFLAGS
EFER=0000000000000500
Servicing hardware INT=0x20
   622: v=20 e=0000 i=0 cpl=0 IP=0008:0000000000100500 pc=0000000000100500 SP=0010:0000000000107f80 env->regs[R_EAX]=0000000000000000
RAX=0000000000000000 RBX=0000000000000000 RCX=0000000000000002 RDX=00000000000003d5
RSI=0000000000000000 RDI=00000000000003d5 RBP=0000000000107ff0 RSP=0000000000107f80
R8 =0000000000000000 R9 =0000000000000000 R10=0000000000000000 R11=0000000000000000
R12=0000000000000000 R13=0000000000000000 R14=0000000000000000 R15=0000000000000000
RIP=0000000000100500 RFL=00000216 [----AP-] CPL=0 II=0 A20=1 SMM=0 HLT=0
ES =0010 0000000000000000 ffffffff 00cf9300 DPL=0 DS   [-WA]
CS =0008 0000000000000000 ffffffff 00af9a00 DPL=0 CS64 [-R-]
SS =0010 0000000000000000 ffffffff 00cf9300 DPL=0 DS   [-WA]
DS =0010 0000000000000000 ffffffff 00cf9300 DPL=0 DS   [-WA]
FS =0010 0000000000000000 ffffffff 00cf9300 DPL=0 DS   [-WA]
GS =0010 0000000000000000 ffffffff 00cf9300 DPL=0 DS   [-WA]
LDT=0000 0000000000000000 0000ffff 00008200 DPL=0 LDT
TR =0000 0000000000000000 0000ffff 00008b00 DPL=0 TSS64-busy
GDT=     00000000001918c0 00000017
IDT=     00000000001900a0 00000fff
CR0=80000011 CR2=0000000000000000 CR3=0000000000104000 CR4=00000020
DR0=0000000000000000 DR1=0000000000000000 DR2=0000000000000000 DR3=0000000000000000 
DR6=00000000ffff0ff0 DR7=0000000000000400
CCS=0000000000000014 CCD=0000000000107f58 CCO=EFLAGS
EFER=0000000000000500
Servicing hardware INT=0x20
   623: v=20 e=0000 i=0 cpl=0 IP=0008:0000000000100500 pc=0000000000100500 SP=0010:0000000000107f80 env->regs[R_EAX]=0000000000000000
RAX=0000000000000000 RBX=0000000000000000 RCX=0000000000000002 RDX=00000000000003d5
RSI=0000000000000000 RDI=00000000000003d5 RBP=0000000000107ff0 RSP=0000000000107f80
R8 =0000000000000000 R9 =0000000000000000 R10=0000000000000000 R11=0000000000000000
R12=0000000000000000 R13=0000000000000000 R14=0000000000000000 R15=0000000000000000
RIP=0000000000100500 RFL=00000216 [----AP-] CPL=0 II=0 A20=1 SMM=0 HLT=0
ES =0010 0000000000000000 ffffffff 00cf9300 DPL=0 DS   [-WA]
CS =0008 0000000000000000 ffffffff 00af9a00 DPL=0 CS64 [-R-]
SS =0010 0000000000000000 ffffffff 00cf9300 DPL=0 DS   [-WA]
DS =0010 0000000000000000 ffffffff 00cf9300 DPL=0 DS   [-WA]
FS =0010 0000000000000000 ffffffff 00cf9300 DPL=0 DS   [-WA]
GS =0010 0000000000000000 ffffffff 00cf9300 DPL=0 DS   [-WA]
LDT=0000 0000000000000000 0000ffff 00008200 DPL=0 LDT
TR =0000 0000000000000000 0000ffff 00008b00 DPL=0 TSS64-busy
GDT=     00000000001918c0 00000017
IDT=     00000000001900a0 00000fff
CR0=80000011 CR2=0000000000000000 CR3=0000000000104000 CR4=00000020
DR0=0000000000000000 DR1=0000000000000000 DR2=0000000000000000 DR3=0000000000000000 
DR6=00000000ffff0ff0 DR7=0000000000000400
CCS=0000000000000014 CCD=0000000000107f58 CCO=EFLAGS
EFER=0000000000000500
Servicing hardware INT=0x20
   624: v=20 e=0000 i=0 cpl=0 IP=0008:0000000000100500 pc=0000000000100500 SP=0010:0000000000107f80 env->regs[R_EAX]=0000000000000000
RAX=0000000000000000 RBX=0000000000000000 RCX=0000000000000002 RDX=00000000000003d5
RSI=0000000000000000 RDI=00000000000003d5 RBP=0000000000107ff0 RSP=0000000000107f80
R8 =0000000000000000 R9 =0000000000000000 R10=0000000000000000 R11=0000000000000000
R12=0000000000000000 R13=0000000000000000 R14=0000000000000000 R15=0000000000000000
RIP=0000000000100500 RFL=00000216 [----AP-] CPL=0 II=0 A20=1 SMM=0 HLT=0
ES =0010 0000000000000000 ffffffff 00cf9300 DPL=0 DS   [-WA]
CS =0008 0000000000000000 ffffffff 00af9a00 DPL=0 CS64 [-R-]
SS =0010 0000000000000000 ffffffff 00cf9300 DPL=0 DS   [-WA]
DS =0010 0000000000000000 ffffffff 00cf9300 DPL=0 DS   [-WA]
FS =0010 0000000000000000 ffffffff 00cf9300 DPL=0 DS   [-WA]
GS =0010 0000000000000000 ffffffff 00cf9300 DPL=0 DS   [-WA]
LDT=0000 0000000000000000 0000ffff 00008200 DPL=0 LDT
TR =0000 0000000000000000 0000ffff 00008b00 DPL=0 TSS64-busy
GDT=     00000000001918c0 00000017
IDT=     00000000001900a0 00000fff
CR0=80000011 CR2=0000000000000000 CR3=0000000000104000 CR4=00000020
DR0=0000000000000000 DR1=0000000000000000 DR2=0000000000000000 DR3=0000000000000000 
DR6=00000000ffff0ff0 DR7=0000000000000400
CCS=0000000000000014 CCD=0000000000107f58 CCO=EFLAGS
EFER=0000000000000500
Servicing hardware INT=0x20
   625: v=20 e=0000 i=0 cpl=0 IP=0008:0000000000100500 pc=0000000000100500 SP=0010:0000000000107f80 env->regs[R_EAX]=0000000000000000
RAX=0000000000000000 RBX=0000000000000000 RCX=0000000000000002 RDX=00000000000003d5
RSI=0000000000000000 RDI=00000000000003d5 RBP=0000000000107ff0 RSP=0000000000107f80
R8 =0000000000000000 R9 =0000000000000000 R10=0000000000000000 R11=0000000000000000
R12=0000000000000000 R13=0000000000000000 R14=0000000000000000 R15=0000000000000000
RIP=0000000000100500 RFL=00000216 [----AP-] CPL=0 II=0 A20=1 SMM=0 HLT=0
ES =0010 0000000000000000 ffffffff 00cf9300 DPL=0 DS   [-WA]
CS =0008 0000000000000000 ffffffff 00af9a00 DPL=0 CS64 [-R-]
SS =0010 0000000000000000 ffffffff 00cf9300 DPL=0 DS   [-WA]
DS =0010 0000000000000000 ffffffff 00cf9300 DPL=0 DS   [-WA]
FS =0010 0000000000000000 ffffffff 00cf9300 DPL=0 DS   [-WA]
GS =0010 0000000000000000 ffffffff 00cf9300 DPL=0 DS   [-WA]
LDT=0000 0000000000000000 0000ffff 00008200 DPL=0 LDT
TR =0000 0000000000000000 0000ffff 00008b00 DPL=0 TSS64-busy
GDT=     00000000001918c0 00000017
IDT=     00000000001900a0 00000fff
CR0=80000011 CR2=0000000000000000 CR3=0000000000104000 CR4=00000020
DR0=0000000000000000 DR1=0000000000000000 DR2=0000000000000000 DR3=0000000000000000 
DR6=00000000ffff0ff0 DR7=0000000000000400
CCS=0000000000000014 CCD=0000000000107f58 CCO=EFLAGS
EFER=0000000000000500
Servicing hardware INT=0x21
   626: v=21 e=0000 i=0 cpl=0 IP=0008:0000000000100500 pc=0000000000100500 SP=0010:0000000000107f80 env->regs[R_EAX]=0000000000000000
RAX=0000000000000000 RBX=0000000000000000 RCX=0000000000000002 RDX=00000000000003d5
RSI=0000000000000000 RDI=00000000000003d5 RBP=0000000000107ff0 RSP=0000000000107f80
R8 =0000000000000000 R9 =0000000000000000 R10=0000000000000000 R11=0000000000000000
R12=0000000000000000 R13=0000000000000000 R14=0000000000000000 R15=0000000000000000
RIP=0000000000100500 RFL=00000216 [----AP-] CPL=0 II=0 A20=1 SMM=0 HLT=0
ES =0010 0000000000000000 ffffffff 00cf9300 DPL=0 DS   [-WA]
CS =0008 0000000000000000 ffffffff 00af9a00 DPL=0 CS64 [-R-]
SS =0010 0000000000000000 ffffffff 00cf9300 DPL=0 DS   [-WA]
DS =0010 0000000000000000 ffffffff 00cf9300 DPL=0 DS   [-WA]
FS =0010 0000000000000000 ffffffff 00cf9300 DPL=0 DS   [-WA]
GS =0010 0000000000000000 ffffffff 00cf9300 DPL=0 DS   [-WA]
LDT=0000 0000000000000000 0000ffff 00008200 DPL=0 LDT
TR =0000 0000000000000000 0000ffff 00008b00 DPL=0 TSS64-busy
GDT=     00000000001918c0 00000017
IDT=     00000000001900a0 00000fff
CR0=80000011 CR2=0000000000000000 CR3=0000000000104000 CR4=00000020
DR0=0000000000000000 DR1=0000000000000000 DR2=0000000000000000 DR3=0000000000000000 
DR6=00000000ffff0ff0 DR7=0000000000000400
CCS=0000000000000014 CCD=0000000000107f58 CCO=EFLAGS
EFER=0000000000000500
Servicing hardware INT=0x20
   627: v=20 e=0000 i=0 cpl=0 IP=0008:0000000000100500 pc=0000000000100500 SP=0010:0000000000107f80 env->regs[R_EAX]=0000000000000000
RAX=0000000000000000 RBX=0000000000000000 RCX=0000000000000002 RDX=00000000000003d5
RSI=0000000000000000 RDI=00000000000003d5 RBP=0000000000107ff0 RSP=0000000000107f80
R8 =0000000000000000 R9 =0000000000000000 R10=0000000000000000 R11=0000000000000000
R12=0000000000000000 R13=0000000000000000 R14=0000000000000000 R15=0000000000000000
RIP=0000000000100500 RFL=00000216 [----AP-] CPL=0 II=0 A20=1 SMM=0 HLT=0
ES =0010 0000000000000000 ffffffff 00cf9300 DPL=0 DS   [-WA]
CS =0008 0000000000000000 ffffffff 00af9a00 DPL=0 CS64 [-R-]
SS =0010 0000000000000000 ffffffff 00cf9300 DPL=0 DS   [-WA]
DS =0010 0000000000000000 ffffffff 00cf9300 DPL=0 DS   [-WA]
FS =0010 0000000000000000 ffffffff 00cf9300 DPL=0 DS   [-WA]
GS =0010 0000000000000000 ffffffff 00cf9300 DPL=0 DS   [-WA]
LDT=0000 0000000000000000 0000ffff 00008200 DPL=0 LDT
TR =0000 0000000000000000 0000ffff 00008b00 DPL=0 TSS64-busy
GDT=     00000000001918c0 00000017
IDT=     00000000001900a0 00000fff
CR0=80000011 CR2=0000000000000000 CR3=0000000000104000 CR4=00000020
DR0=0000000000000000 DR1=0000000000000000 DR2=0000000000000000 DR3=0000000000000000 
DR6=00000000ffff0ff0 DR7=0000000000000400
CCS=0000000000000014 CCD=0000000000107f58 CCO=EFLAGS
EFER=0000000000000500
Servicing hardware INT=0x21
   628: v=21 e=0000 i=0 cpl=0 IP=0008:0000000000100500 pc=0000000000100500 SP=0010:0000000000107f80 env->regs[R_EAX]=0000000000000000
RAX=0000000000000000 RBX=0000000000000000 RCX=0000000000000002 RDX=00000000000003d5
RSI=0000000000000000 RDI=00000000000003d5 RBP=0000000000107ff0 RSP=0000000000107f80
R8 =0000000000000000 R9 =0000000000000000 R10=0000000000000000 R11=0000000000000000
R12=0000000000000000 R13=0000000000000000 R14=0000000000000000 R15=0000000000000000
RIP=0000000000100500 RFL=00000216 [----AP-] CPL=0 II=0 A20=1 SMM=0 HLT=0
ES =0010 0000000000000000 ffffffff 00cf9300 DPL=0 DS   [-WA]
CS =0008 0000000000000000 ffffffff 00af9a00 DPL=0 CS64 [-R-]
SS =0010 0000000000000000 ffffffff 00cf9300 DPL=0 DS   [-WA]
DS =0010 0000000000000000 ffffffff 00cf9300 DPL=0 DS   [-WA]
FS =0010 0000000000000000 ffffffff 00cf9300 DPL=0 DS   [-WA]
GS =0010 0000000000000000 ffffffff 00cf9300 DPL=0 DS   [-WA]
LDT=0000 0000000000000000 0000ffff 00008200 DPL=0 LDT
TR =0000 0000000000000000 0000ffff 00008b00 DPL=0 TSS64-busy
GDT=     00000000001918c0 00000017
IDT=     00000000001900a0 00000fff
CR0=80000011 CR2=0000000000000000 CR3=0000000000104000 CR4=00000020
DR0=0000000000000000 DR1=0000000000000000 DR2=0000000000000000 DR3=0000000000000000 
DR6=00000000ffff0ff0 DR7=0000000000000400
CCS=0000000000000014 CCD=0000000000107f58 CCO=EFLAGS
EFER=0000000000000500
Servicing hardware INT=0x21
   629: v=21 e=0000 i=0 cpl=0 IP=0008:0000000000100500 pc=0000000000100500 SP=0010:0000000000107f80 env->regs[R_EAX]=0000000000000000
RAX=0000000000000000 RBX=0000000000000000 RCX=0000000000000002 RDX=00000000000003d5
RSI=0000000000000000 RDI=00000000000003d5 RBP=0000000000107ff0 RSP=0000000000107f80
R8 =0000000000000000 R9 =0000000000000000 R10=0000000000000000 R11=0000000000000000
R12=0000000000000000 R13=0000000000000000 R14=0000000000000000 R15=0000000000000000
RIP=0000000000100500 RFL=00000216 [----AP-] CPL=0 II=0 A20=1 SMM=0 HLT=0
ES =0010 0000000000000000 ffffffff 00cf9300 DPL=0 DS   [-WA]
CS =0008 0000000000000000 ffffffff 00af9a00 DPL=0 CS64 [-R-]
SS =0010 0000000000000000 ffffffff 00cf9300 DPL=0 DS   [-WA]
DS =0010 0000000000000000 ffffffff 00cf9300 DPL=0 DS   [-WA]
FS =0010 0000000000000000 ffffffff 00cf9300 DPL=0 DS   [-WA]
GS =0010 0000000000000000 ffffffff 00cf9300 DPL=0 DS   [-WA]
LDT=0000 0000000000000000 0000ffff 00008200 DPL=0 LDT
TR =0000 0000000000000000 0000ffff 00008b00 DPL=0 TSS64-busy
GDT=     00000000001918c0 00000017
IDT=     00000000001900a0 00000fff
CR0=80000011 CR2=0000000000000000 CR3=0000000000104000 CR4=00000020
DR0=0000000000000000 DR1=0000000000000000 DR2=0000000000000000 DR3=0000000000000000 
DR6=00000000ffff0ff0 DR7=0000000000000400
CCS=0000000000000014 CCD=0000000000107f58 CCO=EFLAGS
EFER=0000000000000500
Servicing hardware INT=0x20
   630: v=20 e=0000 i=0 cpl=0 IP=0008:0000000000100500 pc=0000000000100500 SP=0010:0000000000107f80 env->regs[R_EAX]=0000000000000000
RAX=0000000000000000 RBX=0000000000000000 RCX=0000000000000002 RDX=00000000000003d5
RSI=0000000000000000 RDI=00000000000003d5 RBP=0000000000107ff0 RSP=0000000000107f80
R8 =0000000000000000 R9 =0000000000000000 R10=0000000000000000 R11=0000000000000000
R12=0000000000000000 R13=0000000000000000 R14=0000000000000000 R15=0000000000000000
RIP=0000000000100500 RFL=00000216 [----AP-] CPL=0 II=0 A20=1 SMM=0 HLT=0
ES =0010 0000000000000000 ffffffff 00cf9300 DPL=0 DS   [-WA]
CS =0008 0000000000000000 ffffffff 00af9a00 DPL=0 CS64 [-R-]
SS =0010 0000000000000000 ffffffff 00cf9300 DPL=0 DS   [-WA]
DS =0010 0000000000000000 ffffffff 00cf9300 DPL=0 DS   [-WA]
FS =0010 0000000000000000 ffffffff 00cf9300 DPL=0 DS   [-WA]
GS =0010 0000000000000000 ffffffff 00cf9300 DPL=0 DS   [-WA]
LDT=0000 0000000000000000 0000ffff 00008200 DPL=0 LDT
TR =0000 0000000000000000 0000ffff 00008b00 DPL=0 TSS64-busy
GDT=     00000000001918c0 00000017
IDT=     00000000001900a0 00000fff
CR0=80000011 CR2=0000000000000000 CR3=0000000000104000 CR4=00000020
DR0=0000000000000000 DR1=0000000000000000 DR2=0000000000000000 DR3=0000000000000000 
DR6=00000000ffff0ff0 DR7=0000000000000400
CCS=0000000000000014 CCD=0000000000107f58 CCO=EFLAGS
EFER=0000000000000500
Servicing hardware INT=0x20
   631: v=20 e=0000 i=0 cpl=0 IP=0008:0000000000100500 pc=0000000000100500 SP=0010:0000000000107f80 env->regs[R_EAX]=0000000000000000
RAX=0000000000000000 RBX=0000000000000000 RCX=0000000000000002 RDX=00000000000003d5
RSI=0000000000000000 RDI=00000000000003d5 RBP=0000000000107ff0 RSP=0000000000107f80
R8 =0000000000000000 R9 =0000000000000000 R10=0000000000000000 R11=0000000000000000
R12=0000000000000000 R13=0000000000000000 R14=0000000000000000 R15=0000000000000000
RIP=0000000000100500 RFL=00000216 [----AP-] CPL=0 II=0 A20=1 SMM=0 HLT=0
ES =0010 0000000000000000 ffffffff 00cf9300 DPL=0 DS   [-WA]
CS =0008 0000000000000000 ffffffff 00af9a00 DPL=0 CS64 [-R-]
SS =0010 0000000000000000 ffffffff 00cf9300 DPL=0 DS   [-WA]
DS =0010 0000000000000000 ffffffff 00cf9300 DPL=0 DS   [-WA]
FS =0010 0000000000000000 ffffffff 00cf9300 DPL=0 DS   [-WA]
GS =0010 0000000000000000 ffffffff 00cf9300 DPL=0 DS   [-WA]
LDT=0000 0000000000000000 0000ffff 00008200 DPL=0 LDT
TR =0000 0000000000000000 0000ffff 00008b00 DPL=0 TSS64-busy
GDT=     00000000001918c0 00000017
IDT=     00000000001900a0 00000fff
CR0=80000011 CR2=0000000000000000 CR3=0000000000104000 CR4=00000020
DR0=0000000000000000 DR1=0000000000000000 DR2=0000000000000000 DR3=0000000000000000 
DR6=00000000ffff0ff0 DR7=0000000000000400
CCS=0000000000000014 CCD=0000000000107f58 CCO=EFLAGS
EFER=0000000000000500
Servicing hardware INT=0x20
   632: v=20 e=0000 i=0 cpl=0 IP=0008:0000000000100500 pc=0000000000100500 SP=0010:0000000000107f80 env->regs[R_EAX]=0000000000000000
RAX=0000000000000000 RBX=0000000000000000 RCX=0000000000000002 RDX=00000000000003d5
RSI=0000000000000000 RDI=00000000000003d5 RBP=0000000000107ff0 RSP=0000000000107f80
R8 =0000000000000000 R9 =0000000000000000 R10=0000000000000000 R11=0000000000000000
R12=0000000000000000 R13=0000000000000000 R14=0000000000000000 R15=0000000000000000
RIP=0000000000100500 RFL=00000216 [----AP-] CPL=0 II=0 A20=1 SMM=0 HLT=0
ES =0010 0000000000000000 ffffffff 00cf9300 DPL=0 DS   [-WA]
CS =0008 0000000000000000 ffffffff 00af9a00 DPL=0 CS64 [-R-]
SS =0010 0000000000000000 ffffffff 00cf9300 DPL=0 DS   [-WA]
DS =0010 0000000000000000 ffffffff 00cf9300 DPL=0 DS   [-WA]
FS =0010 0000000000000000 ffffffff 00cf9300 DPL=0 DS   [-WA]
GS =0010 0000000000000000 ffffffff 00cf9300 DPL=0 DS   [-WA]
LDT=0000 0000000000000000 0000ffff 00008200 DPL=0 LDT
TR =0000 0000000000000000 0000ffff 00008b00 DPL=0 TSS64-busy
GDT=     00000000001918c0 00000017
IDT=     00000000001900a0 00000fff
CR0=80000011 CR2=0000000000000000 CR3=0000000000104000 CR4=00000020
DR0=0000000000000000 DR1=0000000000000000 DR2=0000000000000000 DR3=0000000000000000 
DR6=00000000ffff0ff0 DR7=0000000000000400
CCS=0000000000000014 CCD=0000000000107f58 CCO=EFLAGS
EFER=0000000000000500
Servicing hardware INT=0x20
   633: v=20 e=0000 i=0 cpl=0 IP=0008:0000000000100500 pc=0000000000100500 SP=0010:0000000000107f80 env->regs[R_EAX]=0000000000000000
RAX=0000000000000000 RBX=0000000000000000 RCX=0000000000000002 RDX=00000000000003d5
RSI=0000000000000000 RDI=00000000000003d5 RBP=0000000000107ff0 RSP=0000000000107f80
R8 =0000000000000000 R9 =0000000000000000 R10=0000000000000000 R11=0000000000000000
R12=0000000000000000 R13=0000000000000000 R14=0000000000000000 R15=0000000000000000
RIP=0000000000100500 RFL=00000216 [----AP-] CPL=0 II=0 A20=1 SMM=0 HLT=0
ES =0010 0000000000000000 ffffffff 00cf9300 DPL=0 DS   [-WA]
CS =0008 0000000000000000 ffffffff 00af9a00 DPL=0 CS64 [-R-]
SS =0010 0000000000000000 ffffffff 00cf9300 DPL=0 DS   [-WA]
DS =0010 0000000000000000 ffffffff 00cf9300 DPL=0 DS   [-WA]
FS =0010 0000000000000000 ffffffff 00cf9300 DPL=0 DS   [-WA]
GS =0010 0000000000000000 ffffffff 00cf9300 DPL=0 DS   [-WA]
LDT=0000 0000000000000000 0000ffff 00008200 DPL=0 LDT
TR =0000 0000000000000000 0000ffff 00008b00 DPL=0 TSS64-busy
GDT=     00000000001918c0 00000017
IDT=     00000000001900a0 00000fff
CR0=80000011 CR2=0000000000000000 CR3=0000000000104000 CR4=00000020
DR0=0000000000000000 DR1=0000000000000000 DR2=0000000000000000 DR3=0000000000000000 
DR6=00000000ffff0ff0 DR7=0000000000000400
CCS=0000000000000014 CCD=0000000000107f58 CCO=EFLAGS
EFER=0000000000000500
Servicing hardware INT=0x20
   634: v=20 e=0000 i=0 cpl=0 IP=0008:0000000000100500 pc=0000000000100500 SP=0010:0000000000107f80 env->regs[R_EAX]=0000000000000000
RAX=0000000000000000 RBX=0000000000000000 RCX=0000000000000002 RDX=00000000000003d5
RSI=0000000000000000 RDI=00000000000003d5 RBP=0000000000107ff0 RSP=0000000000107f80
R8 =0000000000000000 R9 =0000000000000000 R10=0000000000000000 R11=0000000000000000
R12=0000000000000000 R13=0000000000000000 R14=0000000000000000 R15=0000000000000000
RIP=0000000000100500 RFL=00000216 [----AP-] CPL=0 II=0 A20=1 SMM=0 HLT=0
ES =0010 0000000000000000 ffffffff 00cf9300 DPL=0 DS   [-WA]
CS =0008 0000000000000000 ffffffff 00af9a00 DPL=0 CS64 [-R-]
SS =0010 0000000000000000 ffffffff 00cf9300 DPL=0 DS   [-WA]
DS =0010 0000000000000000 ffffffff 00cf9300 DPL=0 DS   [-WA]
FS =0010 0000000000000000 ffffffff 00cf9300 DPL=0 DS   [-WA]
GS =0010 0000000000000000 ffffffff 00cf9300 DPL=0 DS   [-WA]
LDT=0000 0000000000000000 0000ffff 00008200 DPL=0 LDT
TR =0000 0000000000000000 0000ffff 00008b00 DPL=0 TSS64-busy
GDT=     00000000001918c0 00000017
IDT=     00000000001900a0 00000fff
CR0=80000011 CR2=0000000000000000 CR3=0000000000104000 CR4=00000020
DR0=0000000000000000 DR1=0000000000000000 DR2=0000000000000000 DR3=0000000000000000 
DR6=00000000ffff0ff0 DR7=0000000000000400
CCS=0000000000000014 CCD=0000000000107f58 CCO=EFLAGS
EFER=0000000000000500
Servicing hardware INT=0x20
   635: v=20 e=0000 i=0 cpl=0 IP=0008:0000000000100500 pc=0000000000100500 SP=0010:0000000000107f80 env->regs[R_EAX]=0000000000000000
RAX=0000000000000000 RBX=0000000000000000 RCX=0000000000000002 RDX=00000000000003d5
RSI=0000000000000000 RDI=00000000000003d5 RBP=0000000000107ff0 RSP=0000000000107f80
R8 =0000000000000000 R9 =0000000000000000 R10=0000000000000000 R11=0000000000000000
R12=0000000000000000 R13=0000000000000000 R14=0000000000000000 R15=0000000000000000
RIP=0000000000100500 RFL=00000216 [----AP-] CPL=0 II=0 A20=1 SMM=0 HLT=0
ES =0010 0000000000000000 ffffffff 00cf9300 DPL=0 DS   [-WA]
CS =0008 0000000000000000 ffffffff 00af9a00 DPL=0 CS64 [-R-]
SS =0010 0000000000000000 ffffffff 00cf9300 DPL=0 DS   [-WA]
DS =0010 0000000000000000 ffffffff 00cf9300 DPL=0 DS   [-WA]
FS =0010 0000000000000000 ffffffff 00cf9300 DPL=0 DS   [-WA]
GS =0010 0000000000000000 ffffffff 00cf9300 DPL=0 DS   [-WA]
LDT=0000 0000000000000000 0000ffff 00008200 DPL=0 LDT
TR =0000 0000000000000000 0000ffff 00008b00 DPL=0 TSS64-busy
GDT=     00000000001918c0 00000017
IDT=     00000000001900a0 00000fff
CR0=80000011 CR2=0000000000000000 CR3=0000000000104000 CR4=00000020
DR0=0000000000000000 DR1=0000000000000000 DR2=0000000000000000 DR3=0000000000000000 
DR6=00000000ffff0ff0 DR7=0000000000000400
CCS=0000000000000014 CCD=0000000000107f58 CCO=EFLAGS
EFER=0000000000000500
Servicing hardware INT=0x20
   636: v=20 e=0000 i=0 cpl=0 IP=0008:0000000000100500 pc=0000000000100500 SP=0010:0000000000107f80 env->regs[R_EAX]=0000000000000000
RAX=0000000000000000 RBX=0000000000000000 RCX=0000000000000002 RDX=00000000000003d5
RSI=0000000000000000 RDI=00000000000003d5 RBP=0000000000107ff0 RSP=0000000000107f80
R8 =0000000000000000 R9 =0000000000000000 R10=0000000000000000 R11=0000000000000000
R12=0000000000000000 R13=0000000000000000 R14=0000000000000000 R15=0000000000000000
RIP=0000000000100500 RFL=00000216 [----AP-] CPL=0 II=0 A20=1 SMM=0 HLT=0
ES =0010 0000000000000000 ffffffff 00cf9300 DPL=0 DS   [-WA]
CS =0008 0000000000000000 ffffffff 00af9a00 DPL=0 CS64 [-R-]
SS =0010 0000000000000000 ffffffff 00cf9300 DPL=0 DS   [-WA]
DS =0010 0000000000000000 ffffffff 00cf9300 DPL=0 DS   [-WA]
FS =0010 0000000000000000 ffffffff 00cf9300 DPL=0 DS   [-WA]
GS =0010 0000000000000000 ffffffff 00cf9300 DPL=0 DS   [-WA]
LDT=0000 0000000000000000 0000ffff 00008200 DPL=0 LDT
TR =0000 0000000000000000 0000ffff 00008b00 DPL=0 TSS64-busy
GDT=     00000000001918c0 00000017
IDT=     00000000001900a0 00000fff
CR0=80000011 CR2=0000000000000000 CR3=0000000000104000 CR4=00000020
DR0=0000000000000000 DR1=0000000000000000 DR2=0000000000000000 DR3=0000000000000000 
DR6=00000000ffff0ff0 DR7=0000000000000400
CCS=0000000000000014 CCD=0000000000107f58 CCO=EFLAGS
EFER=0000000000000500
Servicing hardware INT=0x20
   637: v=20 e=0000 i=0 cpl=0 IP=0008:0000000000100500 pc=0000000000100500 SP=0010:0000000000107f80 env->regs[R_EAX]=0000000000000000
RAX=0000000000000000 RBX=0000000000000000 RCX=0000000000000002 RDX=00000000000003d5
RSI=0000000000000000 RDI=00000000000003d5 RBP=0000000000107ff0 RSP=0000000000107f80
R8 =0000000000000000 R9 =0000000000000000 R10=0000000000000000 R11=0000000000000000
R12=0000000000000000 R13=0000000000000000 R14=0000000000000000 R15=0000000000000000
RIP=0000000000100500 RFL=00000216 [----AP-] CPL=0 II=0 A20=1 SMM=0 HLT=0
ES =0010 0000000000000000 ffffffff 00cf9300 DPL=0 DS   [-WA]
CS =0008 0000000000000000 ffffffff 00af9a00 DPL=0 CS64 [-R-]
SS =0010 0000000000000000 ffffffff 00cf9300 DPL=0 DS   [-WA]
DS =0010 0000000000000000 ffffffff 00cf9300 DPL=0 DS   [-WA]
FS =0010 0000000000000000 ffffffff 00cf9300 DPL=0 DS   [-WA]
GS =0010 0000000000000000 ffffffff 00cf9300 DPL=0 DS   [-WA]
LDT=0000 0000000000000000 0000ffff 00008200 DPL=0 LDT
TR =0000 0000000000000000 0000ffff 00008b00 DPL=0 TSS64-busy
GDT=     00000000001918c0 00000017
IDT=     00000000001900a0 00000fff
CR0=80000011 CR2=0000000000000000 CR3=0000000000104000 CR4=00000020
DR0=0000000000000000 DR1=0000000000000000 DR2=0000000000000000 DR3=0000000000000000 
DR6=00000000ffff0ff0 DR7=0000000000000400
CCS=0000000000000014 CCD=0000000000107f58 CCO=EFLAGS
EFER=0000000000000500
Servicing hardware INT=0x20
   638: v=20 e=0000 i=0 cpl=0 IP=0008:0000000000100500 pc=0000000000100500 SP=0010:0000000000107f80 env->regs[R_EAX]=0000000000000000
RAX=0000000000000000 RBX=0000000000000000 RCX=0000000000000002 RDX=00000000000003d5
RSI=0000000000000000 RDI=00000000000003d5 RBP=0000000000107ff0 RSP=0000000000107f80
R8 =0000000000000000 R9 =0000000000000000 R10=0000000000000000 R11=0000000000000000
R12=0000000000000000 R13=0000000000000000 R14=0000000000000000 R15=0000000000000000
RIP=0000000000100500 RFL=00000216 [----AP-] CPL=0 II=0 A20=1 SMM=0 HLT=0
ES =0010 0000000000000000 ffffffff 00cf9300 DPL=0 DS   [-WA]
CS =0008 0000000000000000 ffffffff 00af9a00 DPL=0 CS64 [-R-]
SS =0010 0000000000000000 ffffffff 00cf9300 DPL=0 DS   [-WA]
DS =0010 0000000000000000 ffffffff 00cf9300 DPL=0 DS   [-WA]
FS =0010 0000000000000000 ffffffff 00cf9300 DPL=0 DS   [-WA]
GS =0010 0000000000000000 ffffffff 00cf9300 DPL=0 DS   [-WA]
LDT=0000 0000000000000000 0000ffff 00008200 DPL=0 LDT
TR =0000 0000000000000000 0000ffff 00008b00 DPL=0 TSS64-busy
GDT=     00000000001918c0 00000017
IDT=     00000000001900a0 00000fff
CR0=80000011 CR2=0000000000000000 CR3=0000000000104000 CR4=00000020
DR0=0000000000000000 DR1=0000000000000000 DR2=0000000000000000 DR3=0000000000000000 
DR6=00000000ffff0ff0 DR7=0000000000000400
CCS=0000000000000014 CCD=0000000000107f58 CCO=EFLAGS
EFER=0000000000000500
Servicing hardware INT=0x20
   639: v=20 e=0000 i=0 cpl=0 IP=0008:0000000000100500 pc=0000000000100500 SP=0010:0000000000107f80 env->regs[R_EAX]=0000000000000000
RAX=0000000000000000 RBX=0000000000000000 RCX=0000000000000002 RDX=00000000000003d5
RSI=0000000000000000 RDI=00000000000003d5 RBP=0000000000107ff0 RSP=0000000000107f80
R8 =0000000000000000 R9 =0000000000000000 R10=0000000000000000 R11=0000000000000000
R12=0000000000000000 R13=0000000000000000 R14=0000000000000000 R15=0000000000000000
RIP=0000000000100500 RFL=00000216 [----AP-] CPL=0 II=0 A20=1 SMM=0 HLT=0
ES =0010 0000000000000000 ffffffff 00cf9300 DPL=0 DS   [-WA]
CS =0008 0000000000000000 ffffffff 00af9a00 DPL=0 CS64 [-R-]
SS =0010 0000000000000000 ffffffff 00cf9300 DPL=0 DS   [-WA]
DS =0010 0000000000000000 ffffffff 00cf9300 DPL=0 DS   [-WA]
FS =0010 0000000000000000 ffffffff 00cf9300 DPL=0 DS   [-WA]
GS =0010 0000000000000000 ffffffff 00cf9300 DPL=0 DS   [-WA]
LDT=0000 0000000000000000 0000ffff 00008200 DPL=0 LDT
TR =0000 0000000000000000 0000ffff 00008b00 DPL=0 TSS64-busy
GDT=     00000000001918c0 00000017
IDT=     00000000001900a0 00000fff
CR0=80000011 CR2=0000000000000000 CR3=0000000000104000 CR4=00000020
DR0=0000000000000000 DR1=0000000000000000 DR2=0000000000000000 DR3=0000000000000000 
DR6=00000000ffff0ff0 DR7=0000000000000400
CCS=0000000000000014 CCD=0000000000107f58 CCO=EFLAGS
EFER=0000000000000500
Servicing hardware INT=0x20
   640: v=20 e=0000 i=0 cpl=0 IP=0008:0000000000100500 pc=0000000000100500 SP=0010:0000000000107f80 env->regs[R_EAX]=0000000000000000
RAX=0000000000000000 RBX=0000000000000000 RCX=0000000000000002 RDX=00000000000003d5
RSI=0000000000000000 RDI=00000000000003d5 RBP=0000000000107ff0 RSP=0000000000107f80
R8 =0000000000000000 R9 =0000000000000000 R10=0000000000000000 R11=0000000000000000
R12=0000000000000000 R13=0000000000000000 R14=0000000000000000 R15=0000000000000000
RIP=0000000000100500 RFL=00000216 [----AP-] CPL=0 II=0 A20=1 SMM=0 HLT=0
ES =0010 0000000000000000 ffffffff 00cf9300 DPL=0 DS   [-WA]
CS =0008 0000000000000000 ffffffff 00af9a00 DPL=0 CS64 [-R-]
SS =0010 0000000000000000 ffffffff 00cf9300 DPL=0 DS   [-WA]
DS =0010 0000000000000000 ffffffff 00cf9300 DPL=0 DS   [-WA]
FS =0010 0000000000000000 ffffffff 00cf9300 DPL=0 DS   [-WA]
GS =0010 0000000000000000 ffffffff 00cf9300 DPL=0 DS   [-WA]
LDT=0000 0000000000000000 0000ffff 00008200 DPL=0 LDT
TR =0000 0000000000000000 0000ffff 00008b00 DPL=0 TSS64-busy
GDT=     00000000001918c0 00000017
IDT=     00000000001900a0 00000fff
CR0=80000011 CR2=0000000000000000 CR3=0000000000104000 CR4=00000020
DR0=0000000000000000 DR1=0000000000000000 DR2=0000000000000000 DR3=0000000000000000 
DR6=00000000ffff0ff0 DR7=0000000000000400
CCS=0000000000000014 CCD=0000000000107f58 CCO=EFLAGS
EFER=0000000000000500
Servicing hardware INT=0x20
   641: v=20 e=0000 i=0 cpl=0 IP=0008:0000000000100500 pc=0000000000100500 SP=0010:0000000000107f80 env->regs[R_EAX]=0000000000000000
RAX=0000000000000000 RBX=0000000000000000 RCX=0000000000000002 RDX=00000000000003d5
RSI=0000000000000000 RDI=00000000000003d5 RBP=0000000000107ff0 RSP=0000000000107f80
R8 =0000000000000000 R9 =0000000000000000 R10=0000000000000000 R11=0000000000000000
R12=0000000000000000 R13=0000000000000000 R14=0000000000000000 R15=0000000000000000
RIP=0000000000100500 RFL=00000216 [----AP-] CPL=0 II=0 A20=1 SMM=0 HLT=0
ES =0010 0000000000000000 ffffffff 00cf9300 DPL=0 DS   [-WA]
CS =0008 0000000000000000 ffffffff 00af9a00 DPL=0 CS64 [-R-]
SS =0010 0000000000000000 ffffffff 00cf9300 DPL=0 DS   [-WA]
DS =0010 0000000000000000 ffffffff 00cf9300 DPL=0 DS   [-WA]
FS =0010 0000000000000000 ffffffff 00cf9300 DPL=0 DS   [-WA]
GS =0010 0000000000000000 ffffffff 00cf9300 DPL=0 DS   [-WA]
LDT=0000 0000000000000000 0000ffff 00008200 DPL=0 LDT
TR =0000 0000000000000000 0000ffff 00008b00 DPL=0 TSS64-busy
GDT=     00000000001918c0 00000017
IDT=     00000000001900a0 00000fff
CR0=80000011 CR2=0000000000000000 CR3=0000000000104000 CR4=00000020
DR0=0000000000000000 DR1=0000000000000000 DR2=0000000000000000 DR3=0000000000000000 
DR6=00000000ffff0ff0 DR7=0000000000000400
CCS=0000000000000014 CCD=0000000000107f58 CCO=EFLAGS
EFER=0000000000000500
Servicing hardware INT=0x20
   642: v=20 e=0000 i=0 cpl=0 IP=0008:0000000000100500 pc=0000000000100500 SP=0010:0000000000107f80 env->regs[R_EAX]=0000000000000000
RAX=0000000000000000 RBX=0000000000000000 RCX=0000000000000002 RDX=00000000000003d5
RSI=0000000000000000 RDI=00000000000003d5 RBP=0000000000107ff0 RSP=0000000000107f80
R8 =0000000000000000 R9 =0000000000000000 R10=0000000000000000 R11=0000000000000000
R12=0000000000000000 R13=0000000000000000 R14=0000000000000000 R15=0000000000000000
RIP=0000000000100500 RFL=00000216 [----AP-] CPL=0 II=0 A20=1 SMM=0 HLT=0
ES =0010 0000000000000000 ffffffff 00cf9300 DPL=0 DS   [-WA]
CS =0008 0000000000000000 ffffffff 00af9a00 DPL=0 CS64 [-R-]
SS =0010 0000000000000000 ffffffff 00cf9300 DPL=0 DS   [-WA]
DS =0010 0000000000000000 ffffffff 00cf9300 DPL=0 DS   [-WA]
FS =0010 0000000000000000 ffffffff 00cf9300 DPL=0 DS   [-WA]
GS =0010 0000000000000000 ffffffff 00cf9300 DPL=0 DS   [-WA]
LDT=0000 0000000000000000 0000ffff 00008200 DPL=0 LDT
TR =0000 0000000000000000 0000ffff 00008b00 DPL=0 TSS64-busy
GDT=     00000000001918c0 00000017
IDT=     00000000001900a0 00000fff
CR0=80000011 CR2=0000000000000000 CR3=0000000000104000 CR4=00000020
DR0=0000000000000000 DR1=0000000000000000 DR2=0000000000000000 DR3=0000000000000000 
DR6=00000000ffff0ff0 DR7=0000000000000400
CCS=0000000000000014 CCD=0000000000107f58 CCO=EFLAGS
EFER=0000000000000500
Servicing hardware INT=0x20
   643: v=20 e=0000 i=0 cpl=0 IP=0008:0000000000100500 pc=0000000000100500 SP=0010:0000000000107f80 env->regs[R_EAX]=0000000000000000
RAX=0000000000000000 RBX=0000000000000000 RCX=0000000000000002 RDX=00000000000003d5
RSI=0000000000000000 RDI=00000000000003d5 RBP=0000000000107ff0 RSP=0000000000107f80
R8 =0000000000000000 R9 =0000000000000000 R10=0000000000000000 R11=0000000000000000
R12=0000000000000000 R13=0000000000000000 R14=0000000000000000 R15=0000000000000000
RIP=0000000000100500 RFL=00000216 [----AP-] CPL=0 II=0 A20=1 SMM=0 HLT=0
ES =0010 0000000000000000 ffffffff 00cf9300 DPL=0 DS   [-WA]
CS =0008 0000000000000000 ffffffff 00af9a00 DPL=0 CS64 [-R-]
SS =0010 0000000000000000 ffffffff 00cf9300 DPL=0 DS   [-WA]
DS =0010 0000000000000000 ffffffff 00cf9300 DPL=0 DS   [-WA]
FS =0010 0000000000000000 ffffffff 00cf9300 DPL=0 DS   [-WA]
GS =0010 0000000000000000 ffffffff 00cf9300 DPL=0 DS   [-WA]
LDT=0000 0000000000000000 0000ffff 00008200 DPL=0 LDT
TR =0000 0000000000000000 0000ffff 00008b00 DPL=0 TSS64-busy
GDT=     00000000001918c0 00000017
IDT=     00000000001900a0 00000fff
CR0=80000011 CR2=0000000000000000 CR3=0000000000104000 CR4=00000020
DR0=0000000000000000 DR1=0000000000000000 DR2=0000000000000000 DR3=0000000000000000 
DR6=00000000ffff0ff0 DR7=0000000000000400
CCS=0000000000000014 CCD=0000000000107f58 CCO=EFLAGS
EFER=0000000000000500
Servicing hardware INT=0x20
   644: v=20 e=0000 i=0 cpl=0 IP=0008:0000000000100500 pc=0000000000100500 SP=0010:0000000000107f80 env->regs[R_EAX]=0000000000000000
RAX=0000000000000000 RBX=0000000000000000 RCX=0000000000000002 RDX=00000000000003d5
RSI=0000000000000000 RDI=00000000000003d5 RBP=0000000000107ff0 RSP=0000000000107f80
R8 =0000000000000000 R9 =0000000000000000 R10=0000000000000000 R11=0000000000000000
R12=0000000000000000 R13=0000000000000000 R14=0000000000000000 R15=0000000000000000
RIP=0000000000100500 RFL=00000216 [----AP-] CPL=0 II=0 A20=1 SMM=0 HLT=0
ES =0010 0000000000000000 ffffffff 00cf9300 DPL=0 DS   [-WA]
CS =0008 0000000000000000 ffffffff 00af9a00 DPL=0 CS64 [-R-]
SS =0010 0000000000000000 ffffffff 00cf9300 DPL=0 DS   [-WA]
DS =0010 0000000000000000 ffffffff 00cf9300 DPL=0 DS   [-WA]
FS =0010 0000000000000000 ffffffff 00cf9300 DPL=0 DS   [-WA]
GS =0010 0000000000000000 ffffffff 00cf9300 DPL=0 DS   [-WA]
LDT=0000 0000000000000000 0000ffff 00008200 DPL=0 LDT
TR =0000 0000000000000000 0000ffff 00008b00 DPL=0 TSS64-busy
GDT=     00000000001918c0 00000017
IDT=     00000000001900a0 00000fff
CR0=80000011 CR2=0000000000000000 CR3=0000000000104000 CR4=00000020
DR0=0000000000000000 DR1=0000000000000000 DR2=0000000000000000 DR3=0000000000000000 
DR6=00000000ffff0ff0 DR7=0000000000000400
CCS=0000000000000014 CCD=0000000000107f58 CCO=EFLAGS
EFER=0000000000000500
Servicing hardware INT=0x20
   645: v=20 e=0000 i=0 cpl=0 IP=0008:0000000000100500 pc=0000000000100500 SP=0010:0000000000107f80 env->regs[R_EAX]=0000000000000000
RAX=0000000000000000 RBX=0000000000000000 RCX=0000000000000002 RDX=00000000000003d5
RSI=0000000000000000 RDI=00000000000003d5 RBP=0000000000107ff0 RSP=0000000000107f80
R8 =0000000000000000 R9 =0000000000000000 R10=0000000000000000 R11=0000000000000000
R12=0000000000000000 R13=0000000000000000 R14=0000000000000000 R15=0000000000000000
RIP=0000000000100500 RFL=00000216 [----AP-] CPL=0 II=0 A20=1 SMM=0 HLT=0
ES =0010 0000000000000000 ffffffff 00cf9300 DPL=0 DS   [-WA]
CS =0008 0000000000000000 ffffffff 00af9a00 DPL=0 CS64 [-R-]
SS =0010 0000000000000000 ffffffff 00cf9300 DPL=0 DS   [-WA]
DS =0010 0000000000000000 ffffffff 00cf9300 DPL=0 DS   [-WA]
FS =0010 0000000000000000 ffffffff 00cf9300 DPL=0 DS   [-WA]
GS =0010 0000000000000000 ffffffff 00cf9300 DPL=0 DS   [-WA]
LDT=0000 0000000000000000 0000ffff 00008200 DPL=0 LDT
TR =0000 0000000000000000 0000ffff 00008b00 DPL=0 TSS64-busy
GDT=     00000000001918c0 00000017
IDT=     00000000001900a0 00000fff
CR0=80000011 CR2=0000000000000000 CR3=0000000000104000 CR4=00000020
DR0=0000000000000000 DR1=0000000000000000 DR2=0000000000000000 DR3=0000000000000000 
DR6=00000000ffff0ff0 DR7=0000000000000400
CCS=0000000000000014 CCD=0000000000107f58 CCO=EFLAGS
EFER=0000000000000500
Servicing hardware INT=0x20
   646: v=20 e=0000 i=0 cpl=0 IP=0008:0000000000100500 pc=0000000000100500 SP=0010:0000000000107f80 env->regs[R_EAX]=0000000000000000
RAX=0000000000000000 RBX=0000000000000000 RCX=0000000000000002 RDX=00000000000003d5
RSI=0000000000000000 RDI=00000000000003d5 RBP=0000000000107ff0 RSP=0000000000107f80
R8 =0000000000000000 R9 =0000000000000000 R10=0000000000000000 R11=0000000000000000
R12=0000000000000000 R13=0000000000000000 R14=0000000000000000 R15=0000000000000000
RIP=0000000000100500 RFL=00000216 [----AP-] CPL=0 II=0 A20=1 SMM=0 HLT=0
ES =0010 0000000000000000 ffffffff 00cf9300 DPL=0 DS   [-WA]
CS =0008 0000000000000000 ffffffff 00af9a00 DPL=0 CS64 [-R-]
SS =0010 0000000000000000 ffffffff 00cf9300 DPL=0 DS   [-WA]
DS =0010 0000000000000000 ffffffff 00cf9300 DPL=0 DS   [-WA]
FS =0010 0000000000000000 ffffffff 00cf9300 DPL=0 DS   [-WA]
GS =0010 0000000000000000 ffffffff 00cf9300 DPL=0 DS   [-WA]
LDT=0000 0000000000000000 0000ffff 00008200 DPL=0 LDT
TR =0000 0000000000000000 0000ffff 00008b00 DPL=0 TSS64-busy
GDT=     00000000001918c0 00000017
IDT=     00000000001900a0 00000fff
CR0=80000011 CR2=0000000000000000 CR3=0000000000104000 CR4=00000020
DR0=0000000000000000 DR1=0000000000000000 DR2=0000000000000000 DR3=0000000000000000 
DR6=00000000ffff0ff0 DR7=0000000000000400
CCS=0000000000000014 CCD=0000000000107f58 CCO=EFLAGS
EFER=0000000000000500
Servicing hardware INT=0x20
   647: v=20 e=0000 i=0 cpl=0 IP=0008:0000000000100500 pc=0000000000100500 SP=0010:0000000000107f80 env->regs[R_EAX]=0000000000000000
RAX=0000000000000000 RBX=0000000000000000 RCX=0000000000000002 RDX=00000000000003d5
RSI=0000000000000000 RDI=00000000000003d5 RBP=0000000000107ff0 RSP=0000000000107f80
R8 =0000000000000000 R9 =0000000000000000 R10=0000000000000000 R11=0000000000000000
R12=0000000000000000 R13=0000000000000000 R14=0000000000000000 R15=0000000000000000
RIP=0000000000100500 RFL=00000216 [----AP-] CPL=0 II=0 A20=1 SMM=0 HLT=0
ES =0010 0000000000000000 ffffffff 00cf9300 DPL=0 DS   [-WA]
CS =0008 0000000000000000 ffffffff 00af9a00 DPL=0 CS64 [-R-]
SS =0010 0000000000000000 ffffffff 00cf9300 DPL=0 DS   [-WA]
DS =0010 0000000000000000 ffffffff 00cf9300 DPL=0 DS   [-WA]
FS =0010 0000000000000000 ffffffff 00cf9300 DPL=0 DS   [-WA]
GS =0010 0000000000000000 ffffffff 00cf9300 DPL=0 DS   [-WA]
LDT=0000 0000000000000000 0000ffff 00008200 DPL=0 LDT
TR =0000 0000000000000000 0000ffff 00008b00 DPL=0 TSS64-busy
GDT=     00000000001918c0 00000017
IDT=     00000000001900a0 00000fff
CR0=80000011 CR2=0000000000000000 CR3=0000000000104000 CR4=00000020
DR0=0000000000000000 DR1=0000000000000000 DR2=0000000000000000 DR3=0000000000000000 
DR6=00000000ffff0ff0 DR7=0000000000000400
CCS=0000000000000014 CCD=0000000000107f58 CCO=EFLAGS
EFER=0000000000000500
Servicing hardware INT=0x20
   648: v=20 e=0000 i=0 cpl=0 IP=0008:0000000000100500 pc=0000000000100500 SP=0010:0000000000107f80 env->regs[R_EAX]=0000000000000000
RAX=0000000000000000 RBX=0000000000000000 RCX=0000000000000002 RDX=00000000000003d5
RSI=0000000000000000 RDI=00000000000003d5 RBP=0000000000107ff0 RSP=0000000000107f80
R8 =0000000000000000 R9 =0000000000000000 R10=0000000000000000 R11=0000000000000000
R12=0000000000000000 R13=0000000000000000 R14=0000000000000000 R15=0000000000000000
RIP=0000000000100500 RFL=00000216 [----AP-] CPL=0 II=0 A20=1 SMM=0 HLT=0
ES =0010 0000000000000000 ffffffff 00cf9300 DPL=0 DS   [-WA]
CS =0008 0000000000000000 ffffffff 00af9a00 DPL=0 CS64 [-R-]
SS =0010 0000000000000000 ffffffff 00cf9300 DPL=0 DS   [-WA]
DS =0010 0000000000000000 ffffffff 00cf9300 DPL=0 DS   [-WA]
FS =0010 0000000000000000 ffffffff 00cf9300 DPL=0 DS   [-WA]
GS =0010 0000000000000000 ffffffff 00cf9300 DPL=0 DS   [-WA]
LDT=0000 0000000000000000 0000ffff 00008200 DPL=0 LDT
TR =0000 0000000000000000 0000ffff 00008b00 DPL=0 TSS64-busy
GDT=     00000000001918c0 00000017
IDT=     00000000001900a0 00000fff
CR0=80000011 CR2=0000000000000000 CR3=0000000000104000 CR4=00000020
DR0=0000000000000000 DR1=0000000000000000 DR2=0000000000000000 DR3=0000000000000000 
DR6=00000000ffff0ff0 DR7=0000000000000400
CCS=0000000000000014 CCD=0000000000107f58 CCO=EFLAGS
EFER=0000000000000500
Servicing hardware INT=0x20
   649: v=20 e=0000 i=0 cpl=0 IP=0008:0000000000100500 pc=0000000000100500 SP=0010:0000000000107f80 env->regs[R_EAX]=0000000000000000
RAX=0000000000000000 RBX=0000000000000000 RCX=0000000000000002 RDX=00000000000003d5
RSI=0000000000000000 RDI=00000000000003d5 RBP=0000000000107ff0 RSP=0000000000107f80
R8 =0000000000000000 R9 =0000000000000000 R10=0000000000000000 R11=0000000000000000
R12=0000000000000000 R13=0000000000000000 R14=0000000000000000 R15=0000000000000000
RIP=0000000000100500 RFL=00000216 [----AP-] CPL=0 II=0 A20=1 SMM=0 HLT=0
ES =0010 0000000000000000 ffffffff 00cf9300 DPL=0 DS   [-WA]
CS =0008 0000000000000000 ffffffff 00af9a00 DPL=0 CS64 [-R-]
SS =0010 0000000000000000 ffffffff 00cf9300 DPL=0 DS   [-WA]
DS =0010 0000000000000000 ffffffff 00cf9300 DPL=0 DS   [-WA]
FS =0010 0000000000000000 ffffffff 00cf9300 DPL=0 DS   [-WA]
GS =0010 0000000000000000 ffffffff 00cf9300 DPL=0 DS   [-WA]
LDT=0000 0000000000000000 0000ffff 00008200 DPL=0 LDT
TR =0000 0000000000000000 0000ffff 00008b00 DPL=0 TSS64-busy
GDT=     00000000001918c0 00000017
IDT=     00000000001900a0 00000fff
CR0=80000011 CR2=0000000000000000 CR3=0000000000104000 CR4=00000020
DR0=0000000000000000 DR1=0000000000000000 DR2=0000000000000000 DR3=0000000000000000 
DR6=00000000ffff0ff0 DR7=0000000000000400
CCS=0000000000000014 CCD=0000000000107f58 CCO=EFLAGS
EFER=0000000000000500
Servicing hardware INT=0x20
   650: v=20 e=0000 i=0 cpl=0 IP=0008:0000000000100500 pc=0000000000100500 SP=0010:0000000000107f80 env->regs[R_EAX]=0000000000000000
RAX=0000000000000000 RBX=0000000000000000 RCX=0000000000000002 RDX=00000000000003d5
RSI=0000000000000000 RDI=00000000000003d5 RBP=0000000000107ff0 RSP=0000000000107f80
R8 =0000000000000000 R9 =0000000000000000 R10=0000000000000000 R11=0000000000000000
R12=0000000000000000 R13=0000000000000000 R14=0000000000000000 R15=0000000000000000
RIP=0000000000100500 RFL=00000216 [----AP-] CPL=0 II=0 A20=1 SMM=0 HLT=0
ES =0010 0000000000000000 ffffffff 00cf9300 DPL=0 DS   [-WA]
CS =0008 0000000000000000 ffffffff 00af9a00 DPL=0 CS64 [-R-]
SS =0010 0000000000000000 ffffffff 00cf9300 DPL=0 DS   [-WA]
DS =0010 0000000000000000 ffffffff 00cf9300 DPL=0 DS   [-WA]
FS =0010 0000000000000000 ffffffff 00cf9300 DPL=0 DS   [-WA]
GS =0010 0000000000000000 ffffffff 00cf9300 DPL=0 DS   [-WA]
LDT=0000 0000000000000000 0000ffff 00008200 DPL=0 LDT
TR =0000 0000000000000000 0000ffff 00008b00 DPL=0 TSS64-busy
GDT=     00000000001918c0 00000017
IDT=     00000000001900a0 00000fff
CR0=80000011 CR2=0000000000000000 CR3=0000000000104000 CR4=00000020
DR0=0000000000000000 DR1=0000000000000000 DR2=0000000000000000 DR3=0000000000000000 
DR6=00000000ffff0ff0 DR7=0000000000000400
CCS=0000000000000014 CCD=0000000000107f58 CCO=EFLAGS
EFER=0000000000000500
Servicing hardware INT=0x20
   651: v=20 e=0000 i=0 cpl=0 IP=0008:0000000000100500 pc=0000000000100500 SP=0010:0000000000107f80 env->regs[R_EAX]=0000000000000000
RAX=0000000000000000 RBX=0000000000000000 RCX=0000000000000002 RDX=00000000000003d5
RSI=0000000000000000 RDI=00000000000003d5 RBP=0000000000107ff0 RSP=0000000000107f80
R8 =0000000000000000 R9 =0000000000000000 R10=0000000000000000 R11=0000000000000000
R12=0000000000000000 R13=0000000000000000 R14=0000000000000000 R15=0000000000000000
RIP=0000000000100500 RFL=00000216 [----AP-] CPL=0 II=0 A20=1 SMM=0 HLT=0
ES =0010 0000000000000000 ffffffff 00cf9300 DPL=0 DS   [-WA]
CS =0008 0000000000000000 ffffffff 00af9a00 DPL=0 CS64 [-R-]
SS =0010 0000000000000000 ffffffff 00cf9300 DPL=0 DS   [-WA]
DS =0010 0000000000000000 ffffffff 00cf9300 DPL=0 DS   [-WA]
FS =0010 0000000000000000 ffffffff 00cf9300 DPL=0 DS   [-WA]
GS =0010 0000000000000000 ffffffff 00cf9300 DPL=0 DS   [-WA]
LDT=0000 0000000000000000 0000ffff 00008200 DPL=0 LDT
TR =0000 0000000000000000 0000ffff 00008b00 DPL=0 TSS64-busy
GDT=     00000000001918c0 00000017
IDT=     00000000001900a0 00000fff
CR0=80000011 CR2=0000000000000000 CR3=0000000000104000 CR4=00000020
DR0=0000000000000000 DR1=0000000000000000 DR2=0000000000000000 DR3=0000000000000000 
DR6=00000000ffff0ff0 DR7=0000000000000400
CCS=0000000000000014 CCD=0000000000107f58 CCO=EFLAGS
EFER=0000000000000500
Servicing hardware INT=0x20
   652: v=20 e=0000 i=0 cpl=0 IP=0008:0000000000100500 pc=0000000000100500 SP=0010:0000000000107f80 env->regs[R_EAX]=0000000000000000
RAX=0000000000000000 RBX=0000000000000000 RCX=0000000000000002 RDX=00000000000003d5
RSI=0000000000000000 RDI=00000000000003d5 RBP=0000000000107ff0 RSP=0000000000107f80
R8 =0000000000000000 R9 =0000000000000000 R10=0000000000000000 R11=0000000000000000
R12=0000000000000000 R13=0000000000000000 R14=0000000000000000 R15=0000000000000000
RIP=0000000000100500 RFL=00000216 [----AP-] CPL=0 II=0 A20=1 SMM=0 HLT=0
ES =0010 0000000000000000 ffffffff 00cf9300 DPL=0 DS   [-WA]
CS =0008 0000000000000000 ffffffff 00af9a00 DPL=0 CS64 [-R-]
SS =0010 0000000000000000 ffffffff 00cf9300 DPL=0 DS   [-WA]
DS =0010 0000000000000000 ffffffff 00cf9300 DPL=0 DS   [-WA]
FS =0010 0000000000000000 ffffffff 00cf9300 DPL=0 DS   [-WA]
GS =0010 0000000000000000 ffffffff 00cf9300 DPL=0 DS   [-WA]
LDT=0000 0000000000000000 0000ffff 00008200 DPL=0 LDT
TR =0000 0000000000000000 0000ffff 00008b00 DPL=0 TSS64-busy
GDT=     00000000001918c0 00000017
IDT=     00000000001900a0 00000fff
CR0=80000011 CR2=0000000000000000 CR3=0000000000104000 CR4=00000020
DR0=0000000000000000 DR1=0000000000000000 DR2=0000000000000000 DR3=0000000000000000 
DR6=00000000ffff0ff0 DR7=0000000000000400
CCS=0000000000000014 CCD=0000000000107f58 CCO=EFLAGS
EFER=0000000000000500
Servicing hardware INT=0x20
   653: v=20 e=0000 i=0 cpl=0 IP=0008:0000000000100500 pc=0000000000100500 SP=0010:0000000000107f80 env->regs[R_EAX]=0000000000000000
RAX=0000000000000000 RBX=0000000000000000 RCX=0000000000000002 RDX=00000000000003d5
RSI=0000000000000000 RDI=00000000000003d5 RBP=0000000000107ff0 RSP=0000000000107f80
R8 =0000000000000000 R9 =0000000000000000 R10=0000000000000000 R11=0000000000000000
R12=0000000000000000 R13=0000000000000000 R14=0000000000000000 R15=0000000000000000
RIP=0000000000100500 RFL=00000216 [----AP-] CPL=0 II=0 A20=1 SMM=0 HLT=0
ES =0010 0000000000000000 ffffffff 00cf9300 DPL=0 DS   [-WA]
CS =0008 0000000000000000 ffffffff 00af9a00 DPL=0 CS64 [-R-]
SS =0010 0000000000000000 ffffffff 00cf9300 DPL=0 DS   [-WA]
DS =0010 0000000000000000 ffffffff 00cf9300 DPL=0 DS   [-WA]
FS =0010 0000000000000000 ffffffff 00cf9300 DPL=0 DS   [-WA]
GS =0010 0000000000000000 ffffffff 00cf9300 DPL=0 DS   [-WA]
LDT=0000 0000000000000000 0000ffff 00008200 DPL=0 LDT
TR =0000 0000000000000000 0000ffff 00008b00 DPL=0 TSS64-busy
GDT=     00000000001918c0 00000017
IDT=     00000000001900a0 00000fff
CR0=80000011 CR2=0000000000000000 CR3=0000000000104000 CR4=00000020
DR0=0000000000000000 DR1=0000000000000000 DR2=0000000000000000 DR3=0000000000000000 
DR6=00000000ffff0ff0 DR7=0000000000000400
CCS=0000000000000014 CCD=0000000000107f58 CCO=EFLAGS
EFER=0000000000000500
Servicing hardware INT=0x20
   654: v=20 e=0000 i=0 cpl=0 IP=0008:0000000000100500 pc=0000000000100500 SP=0010:0000000000107f80 env->regs[R_EAX]=0000000000000000
RAX=0000000000000000 RBX=0000000000000000 RCX=0000000000000002 RDX=00000000000003d5
RSI=0000000000000000 RDI=00000000000003d5 RBP=0000000000107ff0 RSP=0000000000107f80
R8 =0000000000000000 R9 =0000000000000000 R10=0000000000000000 R11=0000000000000000
R12=0000000000000000 R13=0000000000000000 R14=0000000000000000 R15=0000000000000000
RIP=0000000000100500 RFL=00000216 [----AP-] CPL=0 II=0 A20=1 SMM=0 HLT=0
ES =0010 0000000000000000 ffffffff 00cf9300 DPL=0 DS   [-WA]
CS =0008 0000000000000000 ffffffff 00af9a00 DPL=0 CS64 [-R-]
SS =0010 0000000000000000 ffffffff 00cf9300 DPL=0 DS   [-WA]
DS =0010 0000000000000000 ffffffff 00cf9300 DPL=0 DS   [-WA]
FS =0010 0000000000000000 ffffffff 00cf9300 DPL=0 DS   [-WA]
GS =0010 0000000000000000 ffffffff 00cf9300 DPL=0 DS   [-WA]
LDT=0000 0000000000000000 0000ffff 00008200 DPL=0 LDT
TR =0000 0000000000000000 0000ffff 00008b00 DPL=0 TSS64-busy
GDT=     00000000001918c0 00000017
IDT=     00000000001900a0 00000fff
CR0=80000011 CR2=0000000000000000 CR3=0000000000104000 CR4=00000020
DR0=0000000000000000 DR1=0000000000000000 DR2=0000000000000000 DR3=0000000000000000 
DR6=00000000ffff0ff0 DR7=0000000000000400
CCS=0000000000000014 CCD=0000000000107f58 CCO=EFLAGS
EFER=0000000000000500
Servicing hardware INT=0x20
   655: v=20 e=0000 i=0 cpl=0 IP=0008:0000000000100500 pc=0000000000100500 SP=0010:0000000000107f80 env->regs[R_EAX]=0000000000000000
RAX=0000000000000000 RBX=0000000000000000 RCX=0000000000000002 RDX=00000000000003d5
RSI=0000000000000000 RDI=00000000000003d5 RBP=0000000000107ff0 RSP=0000000000107f80
R8 =0000000000000000 R9 =0000000000000000 R10=0000000000000000 R11=0000000000000000
R12=0000000000000000 R13=0000000000000000 R14=0000000000000000 R15=0000000000000000
RIP=0000000000100500 RFL=00000216 [----AP-] CPL=0 II=0 A20=1 SMM=0 HLT=0
ES =0010 0000000000000000 ffffffff 00cf9300 DPL=0 DS   [-WA]
CS =0008 0000000000000000 ffffffff 00af9a00 DPL=0 CS64 [-R-]
SS =0010 0000000000000000 ffffffff 00cf9300 DPL=0 DS   [-WA]
DS =0010 0000000000000000 ffffffff 00cf9300 DPL=0 DS   [-WA]
FS =0010 0000000000000000 ffffffff 00cf9300 DPL=0 DS   [-WA]
GS =0010 0000000000000000 ffffffff 00cf9300 DPL=0 DS   [-WA]
LDT=0000 0000000000000000 0000ffff 00008200 DPL=0 LDT
TR =0000 0000000000000000 0000ffff 00008b00 DPL=0 TSS64-busy
GDT=     00000000001918c0 00000017
IDT=     00000000001900a0 00000fff
CR0=80000011 CR2=0000000000000000 CR3=0000000000104000 CR4=00000020
DR0=0000000000000000 DR1=0000000000000000 DR2=0000000000000000 DR3=0000000000000000 
DR6=00000000ffff0ff0 DR7=0000000000000400
CCS=0000000000000014 CCD=0000000000107f58 CCO=EFLAGS
EFER=0000000000000500
Servicing hardware INT=0x20
   656: v=20 e=0000 i=0 cpl=0 IP=0008:0000000000100500 pc=0000000000100500 SP=0010:0000000000107f80 env->regs[R_EAX]=0000000000000000
RAX=0000000000000000 RBX=0000000000000000 RCX=0000000000000002 RDX=00000000000003d5
RSI=0000000000000000 RDI=00000000000003d5 RBP=0000000000107ff0 RSP=0000000000107f80
R8 =0000000000000000 R9 =0000000000000000 R10=0000000000000000 R11=0000000000000000
R12=0000000000000000 R13=0000000000000000 R14=0000000000000000 R15=0000000000000000
RIP=0000000000100500 RFL=00000216 [----AP-] CPL=0 II=0 A20=1 SMM=0 HLT=0
ES =0010 0000000000000000 ffffffff 00cf9300 DPL=0 DS   [-WA]
CS =0008 0000000000000000 ffffffff 00af9a00 DPL=0 CS64 [-R-]
SS =0010 0000000000000000 ffffffff 00cf9300 DPL=0 DS   [-WA]
DS =0010 0000000000000000 ffffffff 00cf9300 DPL=0 DS   [-WA]
FS =0010 0000000000000000 ffffffff 00cf9300 DPL=0 DS   [-WA]
GS =0010 0000000000000000 ffffffff 00cf9300 DPL=0 DS   [-WA]
LDT=0000 0000000000000000 0000ffff 00008200 DPL=0 LDT
TR =0000 0000000000000000 0000ffff 00008b00 DPL=0 TSS64-busy
GDT=     00000000001918c0 00000017
IDT=     00000000001900a0 00000fff
CR0=80000011 CR2=0000000000000000 CR3=0000000000104000 CR4=00000020
DR0=0000000000000000 DR1=0000000000000000 DR2=0000000000000000 DR3=0000000000000000 
DR6=00000000ffff0ff0 DR7=0000000000000400
CCS=0000000000000014 CCD=0000000000107f58 CCO=EFLAGS
EFER=0000000000000500
Servicing hardware INT=0x20
   657: v=20 e=0000 i=0 cpl=0 IP=0008:0000000000100500 pc=0000000000100500 SP=0010:0000000000107f80 env->regs[R_EAX]=0000000000000000
RAX=0000000000000000 RBX=0000000000000000 RCX=0000000000000002 RDX=00000000000003d5
RSI=0000000000000000 RDI=00000000000003d5 RBP=0000000000107ff0 RSP=0000000000107f80
R8 =0000000000000000 R9 =0000000000000000 R10=0000000000000000 R11=0000000000000000
R12=0000000000000000 R13=0000000000000000 R14=0000000000000000 R15=0000000000000000
RIP=0000000000100500 RFL=00000216 [----AP-] CPL=0 II=0 A20=1 SMM=0 HLT=0
ES =0010 0000000000000000 ffffffff 00cf9300 DPL=0 DS   [-WA]
CS =0008 0000000000000000 ffffffff 00af9a00 DPL=0 CS64 [-R-]
SS =0010 0000000000000000 ffffffff 00cf9300 DPL=0 DS   [-WA]
DS =0010 0000000000000000 ffffffff 00cf9300 DPL=0 DS   [-WA]
FS =0010 0000000000000000 ffffffff 00cf9300 DPL=0 DS   [-WA]
GS =0010 0000000000000000 ffffffff 00cf9300 DPL=0 DS   [-WA]
LDT=0000 0000000000000000 0000ffff 00008200 DPL=0 LDT
TR =0000 0000000000000000 0000ffff 00008b00 DPL=0 TSS64-busy
GDT=     00000000001918c0 00000017
IDT=     00000000001900a0 00000fff
CR0=80000011 CR2=0000000000000000 CR3=0000000000104000 CR4=00000020
DR0=0000000000000000 DR1=0000000000000000 DR2=0000000000000000 DR3=0000000000000000 
DR6=00000000ffff0ff0 DR7=0000000000000400
CCS=0000000000000014 CCD=0000000000107f58 CCO=EFLAGS
EFER=0000000000000500
Servicing hardware INT=0x20
   658: v=20 e=0000 i=0 cpl=0 IP=0008:0000000000100500 pc=0000000000100500 SP=0010:0000000000107f80 env->regs[R_EAX]=0000000000000000
RAX=0000000000000000 RBX=0000000000000000 RCX=0000000000000002 RDX=00000000000003d5
RSI=0000000000000000 RDI=00000000000003d5 RBP=0000000000107ff0 RSP=0000000000107f80
R8 =0000000000000000 R9 =0000000000000000 R10=0000000000000000 R11=0000000000000000
R12=0000000000000000 R13=0000000000000000 R14=0000000000000000 R15=0000000000000000
RIP=0000000000100500 RFL=00000216 [----AP-] CPL=0 II=0 A20=1 SMM=0 HLT=0
ES =0010 0000000000000000 ffffffff 00cf9300 DPL=0 DS   [-WA]
CS =0008 0000000000000000 ffffffff 00af9a00 DPL=0 CS64 [-R-]
SS =0010 0000000000000000 ffffffff 00cf9300 DPL=0 DS   [-WA]
DS =0010 0000000000000000 ffffffff 00cf9300 DPL=0 DS   [-WA]
FS =0010 0000000000000000 ffffffff 00cf9300 DPL=0 DS   [-WA]
GS =0010 0000000000000000 ffffffff 00cf9300 DPL=0 DS   [-WA]
LDT=0000 0000000000000000 0000ffff 00008200 DPL=0 LDT
TR =0000 0000000000000000 0000ffff 00008b00 DPL=0 TSS64-busy
GDT=     00000000001918c0 00000017
IDT=     00000000001900a0 00000fff
CR0=80000011 CR2=0000000000000000 CR3=0000000000104000 CR4=00000020
DR0=0000000000000000 DR1=0000000000000000 DR2=0000000000000000 DR3=0000000000000000 
DR6=00000000ffff0ff0 DR7=0000000000000400
CCS=0000000000000014 CCD=0000000000107f58 CCO=EFLAGS
EFER=0000000000000500
Servicing hardware INT=0x20
   659: v=20 e=0000 i=0 cpl=0 IP=0008:0000000000100500 pc=0000000000100500 SP=0010:0000000000107f80 env->regs[R_EAX]=0000000000000000
RAX=0000000000000000 RBX=0000000000000000 RCX=0000000000000002 RDX=00000000000003d5
RSI=0000000000000000 RDI=00000000000003d5 RBP=0000000000107ff0 RSP=0000000000107f80
R8 =0000000000000000 R9 =0000000000000000 R10=0000000000000000 R11=0000000000000000
R12=0000000000000000 R13=0000000000000000 R14=0000000000000000 R15=0000000000000000
RIP=0000000000100500 RFL=00000216 [----AP-] CPL=0 II=0 A20=1 SMM=0 HLT=0
ES =0010 0000000000000000 ffffffff 00cf9300 DPL=0 DS   [-WA]
CS =0008 0000000000000000 ffffffff 00af9a00 DPL=0 CS64 [-R-]
SS =0010 0000000000000000 ffffffff 00cf9300 DPL=0 DS   [-WA]
DS =0010 0000000000000000 ffffffff 00cf9300 DPL=0 DS   [-WA]
FS =0010 0000000000000000 ffffffff 00cf9300 DPL=0 DS   [-WA]
GS =0010 0000000000000000 ffffffff 00cf9300 DPL=0 DS   [-WA]
LDT=0000 0000000000000000 0000ffff 00008200 DPL=0 LDT
TR =0000 0000000000000000 0000ffff 00008b00 DPL=0 TSS64-busy
GDT=     00000000001918c0 00000017
IDT=     00000000001900a0 00000fff
CR0=80000011 CR2=0000000000000000 CR3=0000000000104000 CR4=00000020
DR0=0000000000000000 DR1=0000000000000000 DR2=0000000000000000 DR3=0000000000000000 
DR6=00000000ffff0ff0 DR7=0000000000000400
CCS=0000000000000014 CCD=0000000000107f58 CCO=EFLAGS
EFER=0000000000000500
Servicing hardware INT=0x20
   660: v=20 e=0000 i=0 cpl=0 IP=0008:0000000000100500 pc=0000000000100500 SP=0010:0000000000107f80 env->regs[R_EAX]=0000000000000000
RAX=0000000000000000 RBX=0000000000000000 RCX=0000000000000002 RDX=00000000000003d5
RSI=0000000000000000 RDI=00000000000003d5 RBP=0000000000107ff0 RSP=0000000000107f80
R8 =0000000000000000 R9 =0000000000000000 R10=0000000000000000 R11=0000000000000000
R12=0000000000000000 R13=0000000000000000 R14=0000000000000000 R15=0000000000000000
RIP=0000000000100500 RFL=00000216 [----AP-] CPL=0 II=0 A20=1 SMM=0 HLT=0
ES =0010 0000000000000000 ffffffff 00cf9300 DPL=0 DS   [-WA]
CS =0008 0000000000000000 ffffffff 00af9a00 DPL=0 CS64 [-R-]
SS =0010 0000000000000000 ffffffff 00cf9300 DPL=0 DS   [-WA]
DS =0010 0000000000000000 ffffffff 00cf9300 DPL=0 DS   [-WA]
FS =0010 0000000000000000 ffffffff 00cf9300 DPL=0 DS   [-WA]
GS =0010 0000000000000000 ffffffff 00cf9300 DPL=0 DS   [-WA]
LDT=0000 0000000000000000 0000ffff 00008200 DPL=0 LDT
TR =0000 0000000000000000 0000ffff 00008b00 DPL=0 TSS64-busy
GDT=     00000000001918c0 00000017
IDT=     00000000001900a0 00000fff
CR0=80000011 CR2=0000000000000000 CR3=0000000000104000 CR4=00000020
DR0=0000000000000000 DR1=0000000000000000 DR2=0000000000000000 DR3=0000000000000000 
DR6=00000000ffff0ff0 DR7=0000000000000400
CCS=0000000000000014 CCD=0000000000107f58 CCO=EFLAGS
EFER=0000000000000500
Servicing hardware INT=0x20
   661: v=20 e=0000 i=0 cpl=0 IP=0008:0000000000100500 pc=0000000000100500 SP=0010:0000000000107f80 env->regs[R_EAX]=0000000000000000
RAX=0000000000000000 RBX=0000000000000000 RCX=0000000000000002 RDX=00000000000003d5
RSI=0000000000000000 RDI=00000000000003d5 RBP=0000000000107ff0 RSP=0000000000107f80
R8 =0000000000000000 R9 =0000000000000000 R10=0000000000000000 R11=0000000000000000
R12=0000000000000000 R13=0000000000000000 R14=0000000000000000 R15=0000000000000000
RIP=0000000000100500 RFL=00000216 [----AP-] CPL=0 II=0 A20=1 SMM=0 HLT=0
ES =0010 0000000000000000 ffffffff 00cf9300 DPL=0 DS   [-WA]
CS =0008 0000000000000000 ffffffff 00af9a00 DPL=0 CS64 [-R-]
SS =0010 0000000000000000 ffffffff 00cf9300 DPL=0 DS   [-WA]
DS =0010 0000000000000000 ffffffff 00cf9300 DPL=0 DS   [-WA]
FS =0010 0000000000000000 ffffffff 00cf9300 DPL=0 DS   [-WA]
GS =0010 0000000000000000 ffffffff 00cf9300 DPL=0 DS   [-WA]
LDT=0000 0000000000000000 0000ffff 00008200 DPL=0 LDT
TR =0000 0000000000000000 0000ffff 00008b00 DPL=0 TSS64-busy
GDT=     00000000001918c0 00000017
IDT=     00000000001900a0 00000fff
CR0=80000011 CR2=0000000000000000 CR3=0000000000104000 CR4=00000020
DR0=0000000000000000 DR1=0000000000000000 DR2=0000000000000000 DR3=0000000000000000 
DR6=00000000ffff0ff0 DR7=0000000000000400
CCS=0000000000000014 CCD=0000000000107f58 CCO=EFLAGS
EFER=0000000000000500
Servicing hardware INT=0x20
   662: v=20 e=0000 i=0 cpl=0 IP=0008:0000000000100500 pc=0000000000100500 SP=0010:0000000000107f80 env->regs[R_EAX]=0000000000000000
RAX=0000000000000000 RBX=0000000000000000 RCX=0000000000000002 RDX=00000000000003d5
RSI=0000000000000000 RDI=00000000000003d5 RBP=0000000000107ff0 RSP=0000000000107f80
R8 =0000000000000000 R9 =0000000000000000 R10=0000000000000000 R11=0000000000000000
R12=0000000000000000 R13=0000000000000000 R14=0000000000000000 R15=0000000000000000
RIP=0000000000100500 RFL=00000216 [----AP-] CPL=0 II=0 A20=1 SMM=0 HLT=0
ES =0010 0000000000000000 ffffffff 00cf9300 DPL=0 DS   [-WA]
CS =0008 0000000000000000 ffffffff 00af9a00 DPL=0 CS64 [-R-]
SS =0010 0000000000000000 ffffffff 00cf9300 DPL=0 DS   [-WA]
DS =0010 0000000000000000 ffffffff 00cf9300 DPL=0 DS   [-WA]
FS =0010 0000000000000000 ffffffff 00cf9300 DPL=0 DS   [-WA]
GS =0010 0000000000000000 ffffffff 00cf9300 DPL=0 DS   [-WA]
LDT=0000 0000000000000000 0000ffff 00008200 DPL=0 LDT
TR =0000 0000000000000000 0000ffff 00008b00 DPL=0 TSS64-busy
GDT=     00000000001918c0 00000017
IDT=     00000000001900a0 00000fff
CR0=80000011 CR2=0000000000000000 CR3=0000000000104000 CR4=00000020
DR0=0000000000000000 DR1=0000000000000000 DR2=0000000000000000 DR3=0000000000000000 
DR6=00000000ffff0ff0 DR7=0000000000000400
CCS=0000000000000014 CCD=0000000000107f58 CCO=EFLAGS
EFER=0000000000000500
Servicing hardware INT=0x20
   663: v=20 e=0000 i=0 cpl=0 IP=0008:0000000000100500 pc=0000000000100500 SP=0010:0000000000107f80 env->regs[R_EAX]=0000000000000000
RAX=0000000000000000 RBX=0000000000000000 RCX=0000000000000002 RDX=00000000000003d5
RSI=0000000000000000 RDI=00000000000003d5 RBP=0000000000107ff0 RSP=0000000000107f80
R8 =0000000000000000 R9 =0000000000000000 R10=0000000000000000 R11=0000000000000000
R12=0000000000000000 R13=0000000000000000 R14=0000000000000000 R15=0000000000000000
RIP=0000000000100500 RFL=00000216 [----AP-] CPL=0 II=0 A20=1 SMM=0 HLT=0
ES =0010 0000000000000000 ffffffff 00cf9300 DPL=0 DS   [-WA]
CS =0008 0000000000000000 ffffffff 00af9a00 DPL=0 CS64 [-R-]
SS =0010 0000000000000000 ffffffff 00cf9300 DPL=0 DS   [-WA]
DS =0010 0000000000000000 ffffffff 00cf9300 DPL=0 DS   [-WA]
FS =0010 0000000000000000 ffffffff 00cf9300 DPL=0 DS   [-WA]
GS =0010 0000000000000000 ffffffff 00cf9300 DPL=0 DS   [-WA]
LDT=0000 0000000000000000 0000ffff 00008200 DPL=0 LDT
TR =0000 0000000000000000 0000ffff 00008b00 DPL=0 TSS64-busy
GDT=     00000000001918c0 00000017
IDT=     00000000001900a0 00000fff
CR0=80000011 CR2=0000000000000000 CR3=0000000000104000 CR4=00000020
DR0=0000000000000000 DR1=0000000000000000 DR2=0000000000000000 DR3=0000000000000000 
DR6=00000000ffff0ff0 DR7=0000000000000400
CCS=0000000000000014 CCD=0000000000107f58 CCO=EFLAGS
EFER=0000000000000500
Servicing hardware INT=0x20
   664: v=20 e=0000 i=0 cpl=0 IP=0008:0000000000100500 pc=0000000000100500 SP=0010:0000000000107f80 env->regs[R_EAX]=0000000000000000
RAX=0000000000000000 RBX=0000000000000000 RCX=0000000000000002 RDX=00000000000003d5
RSI=0000000000000000 RDI=00000000000003d5 RBP=0000000000107ff0 RSP=0000000000107f80
R8 =0000000000000000 R9 =0000000000000000 R10=0000000000000000 R11=0000000000000000
R12=0000000000000000 R13=0000000000000000 R14=0000000000000000 R15=0000000000000000
RIP=0000000000100500 RFL=00000216 [----AP-] CPL=0 II=0 A20=1 SMM=0 HLT=0
ES =0010 0000000000000000 ffffffff 00cf9300 DPL=0 DS   [-WA]
CS =0008 0000000000000000 ffffffff 00af9a00 DPL=0 CS64 [-R-]
SS =0010 0000000000000000 ffffffff 00cf9300 DPL=0 DS   [-WA]
DS =0010 0000000000000000 ffffffff 00cf9300 DPL=0 DS   [-WA]
FS =0010 0000000000000000 ffffffff 00cf9300 DPL=0 DS   [-WA]
GS =0010 0000000000000000 ffffffff 00cf9300 DPL=0 DS   [-WA]
LDT=0000 0000000000000000 0000ffff 00008200 DPL=0 LDT
TR =0000 0000000000000000 0000ffff 00008b00 DPL=0 TSS64-busy
GDT=     00000000001918c0 00000017
IDT=     00000000001900a0 00000fff
CR0=80000011 CR2=0000000000000000 CR3=0000000000104000 CR4=00000020
DR0=0000000000000000 DR1=0000000000000000 DR2=0000000000000000 DR3=0000000000000000 
DR6=00000000ffff0ff0 DR7=0000000000000400
CCS=0000000000000014 CCD=0000000000107f58 CCO=EFLAGS
EFER=0000000000000500
Servicing hardware INT=0x20
   665: v=20 e=0000 i=0 cpl=0 IP=0008:0000000000100500 pc=0000000000100500 SP=0010:0000000000107f80 env->regs[R_EAX]=0000000000000000
RAX=0000000000000000 RBX=0000000000000000 RCX=0000000000000002 RDX=00000000000003d5
RSI=0000000000000000 RDI=00000000000003d5 RBP=0000000000107ff0 RSP=0000000000107f80
R8 =0000000000000000 R9 =0000000000000000 R10=0000000000000000 R11=0000000000000000
R12=0000000000000000 R13=0000000000000000 R14=0000000000000000 R15=0000000000000000
RIP=0000000000100500 RFL=00000216 [----AP-] CPL=0 II=0 A20=1 SMM=0 HLT=0
ES =0010 0000000000000000 ffffffff 00cf9300 DPL=0 DS   [-WA]
CS =0008 0000000000000000 ffffffff 00af9a00 DPL=0 CS64 [-R-]
SS =0010 0000000000000000 ffffffff 00cf9300 DPL=0 DS   [-WA]
DS =0010 0000000000000000 ffffffff 00cf9300 DPL=0 DS   [-WA]
FS =0010 0000000000000000 ffffffff 00cf9300 DPL=0 DS   [-WA]
GS =0010 0000000000000000 ffffffff 00cf9300 DPL=0 DS   [-WA]
LDT=0000 0000000000000000 0000ffff 00008200 DPL=0 LDT
TR =0000 0000000000000000 0000ffff 00008b00 DPL=0 TSS64-busy
GDT=     00000000001918c0 00000017
IDT=     00000000001900a0 00000fff
CR0=80000011 CR2=0000000000000000 CR3=0000000000104000 CR4=00000020
DR0=0000000000000000 DR1=0000000000000000 DR2=0000000000000000 DR3=0000000000000000 
DR6=00000000ffff0ff0 DR7=0000000000000400
CCS=0000000000000014 CCD=0000000000107f58 CCO=EFLAGS
EFER=0000000000000500
Servicing hardware INT=0x20
   666: v=20 e=0000 i=0 cpl=0 IP=0008:0000000000100500 pc=0000000000100500 SP=0010:0000000000107f80 env->regs[R_EAX]=0000000000000000
RAX=0000000000000000 RBX=0000000000000000 RCX=0000000000000002 RDX=00000000000003d5
RSI=0000000000000000 RDI=00000000000003d5 RBP=0000000000107ff0 RSP=0000000000107f80
R8 =0000000000000000 R9 =0000000000000000 R10=0000000000000000 R11=0000000000000000
R12=0000000000000000 R13=0000000000000000 R14=0000000000000000 R15=0000000000000000
RIP=0000000000100500 RFL=00000216 [----AP-] CPL=0 II=0 A20=1 SMM=0 HLT=0
ES =0010 0000000000000000 ffffffff 00cf9300 DPL=0 DS   [-WA]
CS =0008 0000000000000000 ffffffff 00af9a00 DPL=0 CS64 [-R-]
SS =0010 0000000000000000 ffffffff 00cf9300 DPL=0 DS   [-WA]
DS =0010 0000000000000000 ffffffff 00cf9300 DPL=0 DS   [-WA]
FS =0010 0000000000000000 ffffffff 00cf9300 DPL=0 DS   [-WA]
GS =0010 0000000000000000 ffffffff 00cf9300 DPL=0 DS   [-WA]
LDT=0000 0000000000000000 0000ffff 00008200 DPL=0 LDT
TR =0000 0000000000000000 0000ffff 00008b00 DPL=0 TSS64-busy
GDT=     00000000001918c0 00000017
IDT=     00000000001900a0 00000fff
CR0=80000011 CR2=0000000000000000 CR3=0000000000104000 CR4=00000020
DR0=0000000000000000 DR1=0000000000000000 DR2=0000000000000000 DR3=0000000000000000 
DR6=00000000ffff0ff0 DR7=0000000000000400
CCS=0000000000000014 CCD=0000000000107f58 CCO=EFLAGS
EFER=0000000000000500
Servicing hardware INT=0x20
   667: v=20 e=0000 i=0 cpl=0 IP=0008:0000000000100500 pc=0000000000100500 SP=0010:0000000000107f80 env->regs[R_EAX]=0000000000000000
RAX=0000000000000000 RBX=0000000000000000 RCX=0000000000000002 RDX=00000000000003d5
RSI=0000000000000000 RDI=00000000000003d5 RBP=0000000000107ff0 RSP=0000000000107f80
R8 =0000000000000000 R9 =0000000000000000 R10=0000000000000000 R11=0000000000000000
R12=0000000000000000 R13=0000000000000000 R14=0000000000000000 R15=0000000000000000
RIP=0000000000100500 RFL=00000216 [----AP-] CPL=0 II=0 A20=1 SMM=0 HLT=0
ES =0010 0000000000000000 ffffffff 00cf9300 DPL=0 DS   [-WA]
CS =0008 0000000000000000 ffffffff 00af9a00 DPL=0 CS64 [-R-]
SS =0010 0000000000000000 ffffffff 00cf9300 DPL=0 DS   [-WA]
DS =0010 0000000000000000 ffffffff 00cf9300 DPL=0 DS   [-WA]
FS =0010 0000000000000000 ffffffff 00cf9300 DPL=0 DS   [-WA]
GS =0010 0000000000000000 ffffffff 00cf9300 DPL=0 DS   [-WA]
LDT=0000 0000000000000000 0000ffff 00008200 DPL=0 LDT
TR =0000 0000000000000000 0000ffff 00008b00 DPL=0 TSS64-busy
GDT=     00000000001918c0 00000017
IDT=     00000000001900a0 00000fff
CR0=80000011 CR2=0000000000000000 CR3=0000000000104000 CR4=00000020
DR0=0000000000000000 DR1=0000000000000000 DR2=0000000000000000 DR3=0000000000000000 
DR6=00000000ffff0ff0 DR7=0000000000000400
CCS=0000000000000014 CCD=0000000000107f58 CCO=EFLAGS
EFER=0000000000000500
Servicing hardware INT=0x20
   668: v=20 e=0000 i=0 cpl=0 IP=0008:0000000000100500 pc=0000000000100500 SP=0010:0000000000107f80 env->regs[R_EAX]=0000000000000000
RAX=0000000000000000 RBX=0000000000000000 RCX=0000000000000002 RDX=00000000000003d5
RSI=0000000000000000 RDI=00000000000003d5 RBP=0000000000107ff0 RSP=0000000000107f80
R8 =0000000000000000 R9 =0000000000000000 R10=0000000000000000 R11=0000000000000000
R12=0000000000000000 R13=0000000000000000 R14=0000000000000000 R15=0000000000000000
RIP=0000000000100500 RFL=00000216 [----AP-] CPL=0 II=0 A20=1 SMM=0 HLT=0
ES =0010 0000000000000000 ffffffff 00cf9300 DPL=0 DS   [-WA]
CS =0008 0000000000000000 ffffffff 00af9a00 DPL=0 CS64 [-R-]
SS =0010 0000000000000000 ffffffff 00cf9300 DPL=0 DS   [-WA]
DS =0010 0000000000000000 ffffffff 00cf9300 DPL=0 DS   [-WA]
FS =0010 0000000000000000 ffffffff 00cf9300 DPL=0 DS   [-WA]
GS =0010 0000000000000000 ffffffff 00cf9300 DPL=0 DS   [-WA]
LDT=0000 0000000000000000 0000ffff 00008200 DPL=0 LDT
TR =0000 0000000000000000 0000ffff 00008b00 DPL=0 TSS64-busy
GDT=     00000000001918c0 00000017
IDT=     00000000001900a0 00000fff
CR0=80000011 CR2=0000000000000000 CR3=0000000000104000 CR4=00000020
DR0=0000000000000000 DR1=0000000000000000 DR2=0000000000000000 DR3=0000000000000000 
DR6=00000000ffff0ff0 DR7=0000000000000400
CCS=0000000000000014 CCD=0000000000107f58 CCO=EFLAGS
EFER=0000000000000500
Servicing hardware INT=0x20
   669: v=20 e=0000 i=0 cpl=0 IP=0008:0000000000100500 pc=0000000000100500 SP=0010:0000000000107f80 env->regs[R_EAX]=0000000000000000
RAX=0000000000000000 RBX=0000000000000000 RCX=0000000000000002 RDX=00000000000003d5
RSI=0000000000000000 RDI=00000000000003d5 RBP=0000000000107ff0 RSP=0000000000107f80
R8 =0000000000000000 R9 =0000000000000000 R10=0000000000000000 R11=0000000000000000
R12=0000000000000000 R13=0000000000000000 R14=0000000000000000 R15=0000000000000000
RIP=0000000000100500 RFL=00000216 [----AP-] CPL=0 II=0 A20=1 SMM=0 HLT=0
ES =0010 0000000000000000 ffffffff 00cf9300 DPL=0 DS   [-WA]
CS =0008 0000000000000000 ffffffff 00af9a00 DPL=0 CS64 [-R-]
SS =0010 0000000000000000 ffffffff 00cf9300 DPL=0 DS   [-WA]
DS =0010 0000000000000000 ffffffff 00cf9300 DPL=0 DS   [-WA]
FS =0010 0000000000000000 ffffffff 00cf9300 DPL=0 DS   [-WA]
GS =0010 0000000000000000 ffffffff 00cf9300 DPL=0 DS   [-WA]
LDT=0000 0000000000000000 0000ffff 00008200 DPL=0 LDT
TR =0000 0000000000000000 0000ffff 00008b00 DPL=0 TSS64-busy
GDT=     00000000001918c0 00000017
IDT=     00000000001900a0 00000fff
CR0=80000011 CR2=0000000000000000 CR3=0000000000104000 CR4=00000020
DR0=0000000000000000 DR1=0000000000000000 DR2=0000000000000000 DR3=0000000000000000 
DR6=00000000ffff0ff0 DR7=0000000000000400
CCS=0000000000000014 CCD=0000000000107f58 CCO=EFLAGS
EFER=0000000000000500
Servicing hardware INT=0x20
   670: v=20 e=0000 i=0 cpl=0 IP=0008:0000000000100500 pc=0000000000100500 SP=0010:0000000000107f80 env->regs[R_EAX]=0000000000000000
RAX=0000000000000000 RBX=0000000000000000 RCX=0000000000000002 RDX=00000000000003d5
RSI=0000000000000000 RDI=00000000000003d5 RBP=0000000000107ff0 RSP=0000000000107f80
R8 =0000000000000000 R9 =0000000000000000 R10=0000000000000000 R11=0000000000000000
R12=0000000000000000 R13=0000000000000000 R14=0000000000000000 R15=0000000000000000
RIP=0000000000100500 RFL=00000216 [----AP-] CPL=0 II=0 A20=1 SMM=0 HLT=0
ES =0010 0000000000000000 ffffffff 00cf9300 DPL=0 DS   [-WA]
CS =0008 0000000000000000 ffffffff 00af9a00 DPL=0 CS64 [-R-]
SS =0010 0000000000000000 ffffffff 00cf9300 DPL=0 DS   [-WA]
DS =0010 0000000000000000 ffffffff 00cf9300 DPL=0 DS   [-WA]
FS =0010 0000000000000000 ffffffff 00cf9300 DPL=0 DS   [-WA]
GS =0010 0000000000000000 ffffffff 00cf9300 DPL=0 DS   [-WA]
LDT=0000 0000000000000000 0000ffff 00008200 DPL=0 LDT
TR =0000 0000000000000000 0000ffff 00008b00 DPL=0 TSS64-busy
GDT=     00000000001918c0 00000017
IDT=     00000000001900a0 00000fff
CR0=80000011 CR2=0000000000000000 CR3=0000000000104000 CR4=00000020
DR0=0000000000000000 DR1=0000000000000000 DR2=0000000000000000 DR3=0000000000000000 
DR6=00000000ffff0ff0 DR7=0000000000000400
CCS=0000000000000014 CCD=0000000000107f58 CCO=EFLAGS
EFER=0000000000000500
Servicing hardware INT=0x20
   671: v=20 e=0000 i=0 cpl=0 IP=0008:0000000000100500 pc=0000000000100500 SP=0010:0000000000107f80 env->regs[R_EAX]=0000000000000000
RAX=0000000000000000 RBX=0000000000000000 RCX=0000000000000002 RDX=00000000000003d5
RSI=0000000000000000 RDI=00000000000003d5 RBP=0000000000107ff0 RSP=0000000000107f80
R8 =0000000000000000 R9 =0000000000000000 R10=0000000000000000 R11=0000000000000000
R12=0000000000000000 R13=0000000000000000 R14=0000000000000000 R15=0000000000000000
RIP=0000000000100500 RFL=00000216 [----AP-] CPL=0 II=0 A20=1 SMM=0 HLT=0
ES =0010 0000000000000000 ffffffff 00cf9300 DPL=0 DS   [-WA]
CS =0008 0000000000000000 ffffffff 00af9a00 DPL=0 CS64 [-R-]
SS =0010 0000000000000000 ffffffff 00cf9300 DPL=0 DS   [-WA]
DS =0010 0000000000000000 ffffffff 00cf9300 DPL=0 DS   [-WA]
FS =0010 0000000000000000 ffffffff 00cf9300 DPL=0 DS   [-WA]
GS =0010 0000000000000000 ffffffff 00cf9300 DPL=0 DS   [-WA]
LDT=0000 0000000000000000 0000ffff 00008200 DPL=0 LDT
TR =0000 0000000000000000 0000ffff 00008b00 DPL=0 TSS64-busy
GDT=     00000000001918c0 00000017
IDT=     00000000001900a0 00000fff
CR0=80000011 CR2=0000000000000000 CR3=0000000000104000 CR4=00000020
DR0=0000000000000000 DR1=0000000000000000 DR2=0000000000000000 DR3=0000000000000000 
DR6=00000000ffff0ff0 DR7=0000000000000400
CCS=0000000000000014 CCD=0000000000107f58 CCO=EFLAGS
EFER=0000000000000500
Servicing hardware INT=0x20
   672: v=20 e=0000 i=0 cpl=0 IP=0008:0000000000100500 pc=0000000000100500 SP=0010:0000000000107f80 env->regs[R_EAX]=0000000000000000
RAX=0000000000000000 RBX=0000000000000000 RCX=0000000000000002 RDX=00000000000003d5
RSI=0000000000000000 RDI=00000000000003d5 RBP=0000000000107ff0 RSP=0000000000107f80
R8 =0000000000000000 R9 =0000000000000000 R10=0000000000000000 R11=0000000000000000
R12=0000000000000000 R13=0000000000000000 R14=0000000000000000 R15=0000000000000000
RIP=0000000000100500 RFL=00000216 [----AP-] CPL=0 II=0 A20=1 SMM=0 HLT=0
ES =0010 0000000000000000 ffffffff 00cf9300 DPL=0 DS   [-WA]
CS =0008 0000000000000000 ffffffff 00af9a00 DPL=0 CS64 [-R-]
SS =0010 0000000000000000 ffffffff 00cf9300 DPL=0 DS   [-WA]
DS =0010 0000000000000000 ffffffff 00cf9300 DPL=0 DS   [-WA]
FS =0010 0000000000000000 ffffffff 00cf9300 DPL=0 DS   [-WA]
GS =0010 0000000000000000 ffffffff 00cf9300 DPL=0 DS   [-WA]
LDT=0000 0000000000000000 0000ffff 00008200 DPL=0 LDT
TR =0000 0000000000000000 0000ffff 00008b00 DPL=0 TSS64-busy
GDT=     00000000001918c0 00000017
IDT=     00000000001900a0 00000fff
CR0=80000011 CR2=0000000000000000 CR3=0000000000104000 CR4=00000020
DR0=0000000000000000 DR1=0000000000000000 DR2=0000000000000000 DR3=0000000000000000 
DR6=00000000ffff0ff0 DR7=0000000000000400
CCS=0000000000000014 CCD=0000000000107f58 CCO=EFLAGS
EFER=0000000000000500
Servicing hardware INT=0x20
   673: v=20 e=0000 i=0 cpl=0 IP=0008:0000000000100500 pc=0000000000100500 SP=0010:0000000000107f80 env->regs[R_EAX]=0000000000000000
RAX=0000000000000000 RBX=0000000000000000 RCX=0000000000000002 RDX=00000000000003d5
RSI=0000000000000000 RDI=00000000000003d5 RBP=0000000000107ff0 RSP=0000000000107f80
R8 =0000000000000000 R9 =0000000000000000 R10=0000000000000000 R11=0000000000000000
R12=0000000000000000 R13=0000000000000000 R14=0000000000000000 R15=0000000000000000
RIP=0000000000100500 RFL=00000216 [----AP-] CPL=0 II=0 A20=1 SMM=0 HLT=0
ES =0010 0000000000000000 ffffffff 00cf9300 DPL=0 DS   [-WA]
CS =0008 0000000000000000 ffffffff 00af9a00 DPL=0 CS64 [-R-]
SS =0010 0000000000000000 ffffffff 00cf9300 DPL=0 DS   [-WA]
DS =0010 0000000000000000 ffffffff 00cf9300 DPL=0 DS   [-WA]
FS =0010 0000000000000000 ffffffff 00cf9300 DPL=0 DS   [-WA]
GS =0010 0000000000000000 ffffffff 00cf9300 DPL=0 DS   [-WA]
LDT=0000 0000000000000000 0000ffff 00008200 DPL=0 LDT
TR =0000 0000000000000000 0000ffff 00008b00 DPL=0 TSS64-busy
GDT=     00000000001918c0 00000017
IDT=     00000000001900a0 00000fff
CR0=80000011 CR2=0000000000000000 CR3=0000000000104000 CR4=00000020
DR0=0000000000000000 DR1=0000000000000000 DR2=0000000000000000 DR3=0000000000000000 
DR6=00000000ffff0ff0 DR7=0000000000000400
CCS=0000000000000014 CCD=0000000000107f58 CCO=EFLAGS
EFER=0000000000000500
Servicing hardware INT=0x20
   674: v=20 e=0000 i=0 cpl=0 IP=0008:0000000000100500 pc=0000000000100500 SP=0010:0000000000107f80 env->regs[R_EAX]=0000000000000000
RAX=0000000000000000 RBX=0000000000000000 RCX=0000000000000002 RDX=00000000000003d5
RSI=0000000000000000 RDI=00000000000003d5 RBP=0000000000107ff0 RSP=0000000000107f80
R8 =0000000000000000 R9 =0000000000000000 R10=0000000000000000 R11=0000000000000000
R12=0000000000000000 R13=0000000000000000 R14=0000000000000000 R15=0000000000000000
RIP=0000000000100500 RFL=00000216 [----AP-] CPL=0 II=0 A20=1 SMM=0 HLT=0
ES =0010 0000000000000000 ffffffff 00cf9300 DPL=0 DS   [-WA]
CS =0008 0000000000000000 ffffffff 00af9a00 DPL=0 CS64 [-R-]
SS =0010 0000000000000000 ffffffff 00cf9300 DPL=0 DS   [-WA]
DS =0010 0000000000000000 ffffffff 00cf9300 DPL=0 DS   [-WA]
FS =0010 0000000000000000 ffffffff 00cf9300 DPL=0 DS   [-WA]
GS =0010 0000000000000000 ffffffff 00cf9300 DPL=0 DS   [-WA]
LDT=0000 0000000000000000 0000ffff 00008200 DPL=0 LDT
TR =0000 0000000000000000 0000ffff 00008b00 DPL=0 TSS64-busy
GDT=     00000000001918c0 00000017
IDT=     00000000001900a0 00000fff
CR0=80000011 CR2=0000000000000000 CR3=0000000000104000 CR4=00000020
DR0=0000000000000000 DR1=0000000000000000 DR2=0000000000000000 DR3=0000000000000000 
DR6=00000000ffff0ff0 DR7=0000000000000400
CCS=0000000000000014 CCD=0000000000107f58 CCO=EFLAGS
EFER=0000000000000500
Servicing hardware INT=0x20
   675: v=20 e=0000 i=0 cpl=0 IP=0008:0000000000100500 pc=0000000000100500 SP=0010:0000000000107f80 env->regs[R_EAX]=0000000000000000
RAX=0000000000000000 RBX=0000000000000000 RCX=0000000000000002 RDX=00000000000003d5
RSI=0000000000000000 RDI=00000000000003d5 RBP=0000000000107ff0 RSP=0000000000107f80
R8 =0000000000000000 R9 =0000000000000000 R10=0000000000000000 R11=0000000000000000
R12=0000000000000000 R13=0000000000000000 R14=0000000000000000 R15=0000000000000000
RIP=0000000000100500 RFL=00000216 [----AP-] CPL=0 II=0 A20=1 SMM=0 HLT=0
ES =0010 0000000000000000 ffffffff 00cf9300 DPL=0 DS   [-WA]
CS =0008 0000000000000000 ffffffff 00af9a00 DPL=0 CS64 [-R-]
SS =0010 0000000000000000 ffffffff 00cf9300 DPL=0 DS   [-WA]
DS =0010 0000000000000000 ffffffff 00cf9300 DPL=0 DS   [-WA]
FS =0010 0000000000000000 ffffffff 00cf9300 DPL=0 DS   [-WA]
GS =0010 0000000000000000 ffffffff 00cf9300 DPL=0 DS   [-WA]
LDT=0000 0000000000000000 0000ffff 00008200 DPL=0 LDT
TR =0000 0000000000000000 0000ffff 00008b00 DPL=0 TSS64-busy
GDT=     00000000001918c0 00000017
IDT=     00000000001900a0 00000fff
CR0=80000011 CR2=0000000000000000 CR3=0000000000104000 CR4=00000020
DR0=0000000000000000 DR1=0000000000000000 DR2=0000000000000000 DR3=0000000000000000 
DR6=00000000ffff0ff0 DR7=0000000000000400
CCS=0000000000000014 CCD=0000000000107f58 CCO=EFLAGS
EFER=0000000000000500
Servicing hardware INT=0x20
   676: v=20 e=0000 i=0 cpl=0 IP=0008:0000000000100500 pc=0000000000100500 SP=0010:0000000000107f80 env->regs[R_EAX]=0000000000000000
RAX=0000000000000000 RBX=0000000000000000 RCX=0000000000000002 RDX=00000000000003d5
RSI=0000000000000000 RDI=00000000000003d5 RBP=0000000000107ff0 RSP=0000000000107f80
R8 =0000000000000000 R9 =0000000000000000 R10=0000000000000000 R11=0000000000000000
R12=0000000000000000 R13=0000000000000000 R14=0000000000000000 R15=0000000000000000
RIP=0000000000100500 RFL=00000216 [----AP-] CPL=0 II=0 A20=1 SMM=0 HLT=0
ES =0010 0000000000000000 ffffffff 00cf9300 DPL=0 DS   [-WA]
CS =0008 0000000000000000 ffffffff 00af9a00 DPL=0 CS64 [-R-]
SS =0010 0000000000000000 ffffffff 00cf9300 DPL=0 DS   [-WA]
DS =0010 0000000000000000 ffffffff 00cf9300 DPL=0 DS   [-WA]
FS =0010 0000000000000000 ffffffff 00cf9300 DPL=0 DS   [-WA]
GS =0010 0000000000000000 ffffffff 00cf9300 DPL=0 DS   [-WA]
LDT=0000 0000000000000000 0000ffff 00008200 DPL=0 LDT
TR =0000 0000000000000000 0000ffff 00008b00 DPL=0 TSS64-busy
GDT=     00000000001918c0 00000017
IDT=     00000000001900a0 00000fff
CR0=80000011 CR2=0000000000000000 CR3=0000000000104000 CR4=00000020
DR0=0000000000000000 DR1=0000000000000000 DR2=0000000000000000 DR3=0000000000000000 
DR6=00000000ffff0ff0 DR7=0000000000000400
CCS=0000000000000014 CCD=0000000000107f58 CCO=EFLAGS
EFER=0000000000000500
Servicing hardware INT=0x20
   677: v=20 e=0000 i=0 cpl=0 IP=0008:0000000000100500 pc=0000000000100500 SP=0010:0000000000107f80 env->regs[R_EAX]=0000000000000000
RAX=0000000000000000 RBX=0000000000000000 RCX=0000000000000002 RDX=00000000000003d5
RSI=0000000000000000 RDI=00000000000003d5 RBP=0000000000107ff0 RSP=0000000000107f80
R8 =0000000000000000 R9 =0000000000000000 R10=0000000000000000 R11=0000000000000000
R12=0000000000000000 R13=0000000000000000 R14=0000000000000000 R15=0000000000000000
RIP=0000000000100500 RFL=00000216 [----AP-] CPL=0 II=0 A20=1 SMM=0 HLT=0
ES =0010 0000000000000000 ffffffff 00cf9300 DPL=0 DS   [-WA]
CS =0008 0000000000000000 ffffffff 00af9a00 DPL=0 CS64 [-R-]
SS =0010 0000000000000000 ffffffff 00cf9300 DPL=0 DS   [-WA]
DS =0010 0000000000000000 ffffffff 00cf9300 DPL=0 DS   [-WA]
FS =0010 0000000000000000 ffffffff 00cf9300 DPL=0 DS   [-WA]
GS =0010 0000000000000000 ffffffff 00cf9300 DPL=0 DS   [-WA]
LDT=0000 0000000000000000 0000ffff 00008200 DPL=0 LDT
TR =0000 0000000000000000 0000ffff 00008b00 DPL=0 TSS64-busy
GDT=     00000000001918c0 00000017
IDT=     00000000001900a0 00000fff
CR0=80000011 CR2=0000000000000000 CR3=0000000000104000 CR4=00000020
DR0=0000000000000000 DR1=0000000000000000 DR2=0000000000000000 DR3=0000000000000000 
DR6=00000000ffff0ff0 DR7=0000000000000400
CCS=0000000000000014 CCD=0000000000107f58 CCO=EFLAGS
EFER=0000000000000500
Servicing hardware INT=0x20
   678: v=20 e=0000 i=0 cpl=0 IP=0008:0000000000100500 pc=0000000000100500 SP=0010:0000000000107f80 env->regs[R_EAX]=0000000000000000
RAX=0000000000000000 RBX=0000000000000000 RCX=0000000000000002 RDX=00000000000003d5
RSI=0000000000000000 RDI=00000000000003d5 RBP=0000000000107ff0 RSP=0000000000107f80
R8 =0000000000000000 R9 =0000000000000000 R10=0000000000000000 R11=0000000000000000
R12=0000000000000000 R13=0000000000000000 R14=0000000000000000 R15=0000000000000000
RIP=0000000000100500 RFL=00000216 [----AP-] CPL=0 II=0 A20=1 SMM=0 HLT=0
ES =0010 0000000000000000 ffffffff 00cf9300 DPL=0 DS   [-WA]
CS =0008 0000000000000000 ffffffff 00af9a00 DPL=0 CS64 [-R-]
SS =0010 0000000000000000 ffffffff 00cf9300 DPL=0 DS   [-WA]
DS =0010 0000000000000000 ffffffff 00cf9300 DPL=0 DS   [-WA]
FS =0010 0000000000000000 ffffffff 00cf9300 DPL=0 DS   [-WA]
GS =0010 0000000000000000 ffffffff 00cf9300 DPL=0 DS   [-WA]
LDT=0000 0000000000000000 0000ffff 00008200 DPL=0 LDT
TR =0000 0000000000000000 0000ffff 00008b00 DPL=0 TSS64-busy
GDT=     00000000001918c0 00000017
IDT=     00000000001900a0 00000fff
CR0=80000011 CR2=0000000000000000 CR3=0000000000104000 CR4=00000020
DR0=0000000000000000 DR1=0000000000000000 DR2=0000000000000000 DR3=0000000000000000 
DR6=00000000ffff0ff0 DR7=0000000000000400
CCS=0000000000000014 CCD=0000000000107f58 CCO=EFLAGS
EFER=0000000000000500
Servicing hardware INT=0x20
   679: v=20 e=0000 i=0 cpl=0 IP=0008:0000000000100500 pc=0000000000100500 SP=0010:0000000000107f80 env->regs[R_EAX]=0000000000000000
RAX=0000000000000000 RBX=0000000000000000 RCX=0000000000000002 RDX=00000000000003d5
RSI=0000000000000000 RDI=00000000000003d5 RBP=0000000000107ff0 RSP=0000000000107f80
R8 =0000000000000000 R9 =0000000000000000 R10=0000000000000000 R11=0000000000000000
R12=0000000000000000 R13=0000000000000000 R14=0000000000000000 R15=0000000000000000
RIP=0000000000100500 RFL=00000216 [----AP-] CPL=0 II=0 A20=1 SMM=0 HLT=0
ES =0010 0000000000000000 ffffffff 00cf9300 DPL=0 DS   [-WA]
CS =0008 0000000000000000 ffffffff 00af9a00 DPL=0 CS64 [-R-]
SS =0010 0000000000000000 ffffffff 00cf9300 DPL=0 DS   [-WA]
DS =0010 0000000000000000 ffffffff 00cf9300 DPL=0 DS   [-WA]
FS =0010 0000000000000000 ffffffff 00cf9300 DPL=0 DS   [-WA]
GS =0010 0000000000000000 ffffffff 00cf9300 DPL=0 DS   [-WA]
LDT=0000 0000000000000000 0000ffff 00008200 DPL=0 LDT
TR =0000 0000000000000000 0000ffff 00008b00 DPL=0 TSS64-busy
GDT=     00000000001918c0 00000017
IDT=     00000000001900a0 00000fff
CR0=80000011 CR2=0000000000000000 CR3=0000000000104000 CR4=00000020
DR0=0000000000000000 DR1=0000000000000000 DR2=0000000000000000 DR3=0000000000000000 
DR6=00000000ffff0ff0 DR7=0000000000000400
CCS=0000000000000014 CCD=0000000000107f58 CCO=EFLAGS
EFER=0000000000000500
Servicing hardware INT=0x20
   680: v=20 e=0000 i=0 cpl=0 IP=0008:0000000000100500 pc=0000000000100500 SP=0010:0000000000107f80 env->regs[R_EAX]=0000000000000000
RAX=0000000000000000 RBX=0000000000000000 RCX=0000000000000002 RDX=00000000000003d5
RSI=0000000000000000 RDI=00000000000003d5 RBP=0000000000107ff0 RSP=0000000000107f80
R8 =0000000000000000 R9 =0000000000000000 R10=0000000000000000 R11=0000000000000000
R12=0000000000000000 R13=0000000000000000 R14=0000000000000000 R15=0000000000000000
RIP=0000000000100500 RFL=00000216 [----AP-] CPL=0 II=0 A20=1 SMM=0 HLT=0
ES =0010 0000000000000000 ffffffff 00cf9300 DPL=0 DS   [-WA]
CS =0008 0000000000000000 ffffffff 00af9a00 DPL=0 CS64 [-R-]
SS =0010 0000000000000000 ffffffff 00cf9300 DPL=0 DS   [-WA]
DS =0010 0000000000000000 ffffffff 00cf9300 DPL=0 DS   [-WA]
FS =0010 0000000000000000 ffffffff 00cf9300 DPL=0 DS   [-WA]
GS =0010 0000000000000000 ffffffff 00cf9300 DPL=0 DS   [-WA]
LDT=0000 0000000000000000 0000ffff 00008200 DPL=0 LDT
TR =0000 0000000000000000 0000ffff 00008b00 DPL=0 TSS64-busy
GDT=     00000000001918c0 00000017
IDT=     00000000001900a0 00000fff
CR0=80000011 CR2=0000000000000000 CR3=0000000000104000 CR4=00000020
DR0=0000000000000000 DR1=0000000000000000 DR2=0000000000000000 DR3=0000000000000000 
DR6=00000000ffff0ff0 DR7=0000000000000400
CCS=0000000000000014 CCD=0000000000107f58 CCO=EFLAGS
EFER=0000000000000500
Servicing hardware INT=0x20
   681: v=20 e=0000 i=0 cpl=0 IP=0008:0000000000100500 pc=0000000000100500 SP=0010:0000000000107f80 env->regs[R_EAX]=0000000000000000
RAX=0000000000000000 RBX=0000000000000000 RCX=0000000000000002 RDX=00000000000003d5
RSI=0000000000000000 RDI=00000000000003d5 RBP=0000000000107ff0 RSP=0000000000107f80
R8 =0000000000000000 R9 =0000000000000000 R10=0000000000000000 R11=0000000000000000
R12=0000000000000000 R13=0000000000000000 R14=0000000000000000 R15=0000000000000000
RIP=0000000000100500 RFL=00000216 [----AP-] CPL=0 II=0 A20=1 SMM=0 HLT=0
ES =0010 0000000000000000 ffffffff 00cf9300 DPL=0 DS   [-WA]
CS =0008 0000000000000000 ffffffff 00af9a00 DPL=0 CS64 [-R-]
SS =0010 0000000000000000 ffffffff 00cf9300 DPL=0 DS   [-WA]
DS =0010 0000000000000000 ffffffff 00cf9300 DPL=0 DS   [-WA]
FS =0010 0000000000000000 ffffffff 00cf9300 DPL=0 DS   [-WA]
GS =0010 0000000000000000 ffffffff 00cf9300 DPL=0 DS   [-WA]
LDT=0000 0000000000000000 0000ffff 00008200 DPL=0 LDT
TR =0000 0000000000000000 0000ffff 00008b00 DPL=0 TSS64-busy
GDT=     00000000001918c0 00000017
IDT=     00000000001900a0 00000fff
CR0=80000011 CR2=0000000000000000 CR3=0000000000104000 CR4=00000020
DR0=0000000000000000 DR1=0000000000000000 DR2=0000000000000000 DR3=0000000000000000 
DR6=00000000ffff0ff0 DR7=0000000000000400
CCS=0000000000000014 CCD=0000000000107f58 CCO=EFLAGS
EFER=0000000000000500
Servicing hardware INT=0x20
   682: v=20 e=0000 i=0 cpl=0 IP=0008:0000000000100500 pc=0000000000100500 SP=0010:0000000000107f80 env->regs[R_EAX]=0000000000000000
RAX=0000000000000000 RBX=0000000000000000 RCX=0000000000000002 RDX=00000000000003d5
RSI=0000000000000000 RDI=00000000000003d5 RBP=0000000000107ff0 RSP=0000000000107f80
R8 =0000000000000000 R9 =0000000000000000 R10=0000000000000000 R11=0000000000000000
R12=0000000000000000 R13=0000000000000000 R14=0000000000000000 R15=0000000000000000
RIP=0000000000100500 RFL=00000216 [----AP-] CPL=0 II=0 A20=1 SMM=0 HLT=0
ES =0010 0000000000000000 ffffffff 00cf9300 DPL=0 DS   [-WA]
CS =0008 0000000000000000 ffffffff 00af9a00 DPL=0 CS64 [-R-]
SS =0010 0000000000000000 ffffffff 00cf9300 DPL=0 DS   [-WA]
DS =0010 0000000000000000 ffffffff 00cf9300 DPL=0 DS   [-WA]
FS =0010 0000000000000000 ffffffff 00cf9300 DPL=0 DS   [-WA]
GS =0010 0000000000000000 ffffffff 00cf9300 DPL=0 DS   [-WA]
LDT=0000 0000000000000000 0000ffff 00008200 DPL=0 LDT
TR =0000 0000000000000000 0000ffff 00008b00 DPL=0 TSS64-busy
GDT=     00000000001918c0 00000017
IDT=     00000000001900a0 00000fff
CR0=80000011 CR2=0000000000000000 CR3=0000000000104000 CR4=00000020
DR0=0000000000000000 DR1=0000000000000000 DR2=0000000000000000 DR3=0000000000000000 
DR6=00000000ffff0ff0 DR7=0000000000000400
CCS=0000000000000014 CCD=0000000000107f58 CCO=EFLAGS
EFER=0000000000000500
Servicing hardware INT=0x20
   683: v=20 e=0000 i=0 cpl=0 IP=0008:0000000000100500 pc=0000000000100500 SP=0010:0000000000107f80 env->regs[R_EAX]=0000000000000000
RAX=0000000000000000 RBX=0000000000000000 RCX=0000000000000002 RDX=00000000000003d5
RSI=0000000000000000 RDI=00000000000003d5 RBP=0000000000107ff0 RSP=0000000000107f80
R8 =0000000000000000 R9 =0000000000000000 R10=0000000000000000 R11=0000000000000000
R12=0000000000000000 R13=0000000000000000 R14=0000000000000000 R15=0000000000000000
RIP=0000000000100500 RFL=00000216 [----AP-] CPL=0 II=0 A20=1 SMM=0 HLT=0
ES =0010 0000000000000000 ffffffff 00cf9300 DPL=0 DS   [-WA]
CS =0008 0000000000000000 ffffffff 00af9a00 DPL=0 CS64 [-R-]
SS =0010 0000000000000000 ffffffff 00cf9300 DPL=0 DS   [-WA]
DS =0010 0000000000000000 ffffffff 00cf9300 DPL=0 DS   [-WA]
FS =0010 0000000000000000 ffffffff 00cf9300 DPL=0 DS   [-WA]
GS =0010 0000000000000000 ffffffff 00cf9300 DPL=0 DS   [-WA]
LDT=0000 0000000000000000 0000ffff 00008200 DPL=0 LDT
TR =0000 0000000000000000 0000ffff 00008b00 DPL=0 TSS64-busy
GDT=     00000000001918c0 00000017
IDT=     00000000001900a0 00000fff
CR0=80000011 CR2=0000000000000000 CR3=0000000000104000 CR4=00000020
DR0=0000000000000000 DR1=0000000000000000 DR2=0000000000000000 DR3=0000000000000000 
DR6=00000000ffff0ff0 DR7=0000000000000400
CCS=0000000000000014 CCD=0000000000107f58 CCO=EFLAGS
EFER=0000000000000500
Servicing hardware INT=0x20
   684: v=20 e=0000 i=0 cpl=0 IP=0008:0000000000100500 pc=0000000000100500 SP=0010:0000000000107f80 env->regs[R_EAX]=0000000000000000
RAX=0000000000000000 RBX=0000000000000000 RCX=0000000000000002 RDX=00000000000003d5
RSI=0000000000000000 RDI=00000000000003d5 RBP=0000000000107ff0 RSP=0000000000107f80
R8 =0000000000000000 R9 =0000000000000000 R10=0000000000000000 R11=0000000000000000
R12=0000000000000000 R13=0000000000000000 R14=0000000000000000 R15=0000000000000000
RIP=0000000000100500 RFL=00000216 [----AP-] CPL=0 II=0 A20=1 SMM=0 HLT=0
ES =0010 0000000000000000 ffffffff 00cf9300 DPL=0 DS   [-WA]
CS =0008 0000000000000000 ffffffff 00af9a00 DPL=0 CS64 [-R-]
SS =0010 0000000000000000 ffffffff 00cf9300 DPL=0 DS   [-WA]
DS =0010 0000000000000000 ffffffff 00cf9300 DPL=0 DS   [-WA]
FS =0010 0000000000000000 ffffffff 00cf9300 DPL=0 DS   [-WA]
GS =0010 0000000000000000 ffffffff 00cf9300 DPL=0 DS   [-WA]
LDT=0000 0000000000000000 0000ffff 00008200 DPL=0 LDT
TR =0000 0000000000000000 0000ffff 00008b00 DPL=0 TSS64-busy
GDT=     00000000001918c0 00000017
IDT=     00000000001900a0 00000fff
CR0=80000011 CR2=0000000000000000 CR3=0000000000104000 CR4=00000020
DR0=0000000000000000 DR1=0000000000000000 DR2=0000000000000000 DR3=0000000000000000 
DR6=00000000ffff0ff0 DR7=0000000000000400
CCS=0000000000000014 CCD=0000000000107f58 CCO=EFLAGS
EFER=0000000000000500
Servicing hardware INT=0x20
   685: v=20 e=0000 i=0 cpl=0 IP=0008:0000000000100500 pc=0000000000100500 SP=0010:0000000000107f80 env->regs[R_EAX]=0000000000000000
RAX=0000000000000000 RBX=0000000000000000 RCX=0000000000000002 RDX=00000000000003d5
RSI=0000000000000000 RDI=00000000000003d5 RBP=0000000000107ff0 RSP=0000000000107f80
R8 =0000000000000000 R9 =0000000000000000 R10=0000000000000000 R11=0000000000000000
R12=0000000000000000 R13=0000000000000000 R14=0000000000000000 R15=0000000000000000
RIP=0000000000100500 RFL=00000216 [----AP-] CPL=0 II=0 A20=1 SMM=0 HLT=0
ES =0010 0000000000000000 ffffffff 00cf9300 DPL=0 DS   [-WA]
CS =0008 0000000000000000 ffffffff 00af9a00 DPL=0 CS64 [-R-]
SS =0010 0000000000000000 ffffffff 00cf9300 DPL=0 DS   [-WA]
DS =0010 0000000000000000 ffffffff 00cf9300 DPL=0 DS   [-WA]
FS =0010 0000000000000000 ffffffff 00cf9300 DPL=0 DS   [-WA]
GS =0010 0000000000000000 ffffffff 00cf9300 DPL=0 DS   [-WA]
LDT=0000 0000000000000000 0000ffff 00008200 DPL=0 LDT
TR =0000 0000000000000000 0000ffff 00008b00 DPL=0 TSS64-busy
GDT=     00000000001918c0 00000017
IDT=     00000000001900a0 00000fff
CR0=80000011 CR2=0000000000000000 CR3=0000000000104000 CR4=00000020
DR0=0000000000000000 DR1=0000000000000000 DR2=0000000000000000 DR3=0000000000000000 
DR6=00000000ffff0ff0 DR7=0000000000000400
CCS=0000000000000014 CCD=0000000000107f58 CCO=EFLAGS
EFER=0000000000000500
Servicing hardware INT=0x21
   686: v=21 e=0000 i=0 cpl=0 IP=0008:0000000000100500 pc=0000000000100500 SP=0010:0000000000107f80 env->regs[R_EAX]=0000000000000000
RAX=0000000000000000 RBX=0000000000000000 RCX=0000000000000002 RDX=00000000000003d5
RSI=0000000000000000 RDI=00000000000003d5 RBP=0000000000107ff0 RSP=0000000000107f80
R8 =0000000000000000 R9 =0000000000000000 R10=0000000000000000 R11=0000000000000000
R12=0000000000000000 R13=0000000000000000 R14=0000000000000000 R15=0000000000000000
RIP=0000000000100500 RFL=00000216 [----AP-] CPL=0 II=0 A20=1 SMM=0 HLT=0
ES =0010 0000000000000000 ffffffff 00cf9300 DPL=0 DS   [-WA]
CS =0008 0000000000000000 ffffffff 00af9a00 DPL=0 CS64 [-R-]
SS =0010 0000000000000000 ffffffff 00cf9300 DPL=0 DS   [-WA]
DS =0010 0000000000000000 ffffffff 00cf9300 DPL=0 DS   [-WA]
FS =0010 0000000000000000 ffffffff 00cf9300 DPL=0 DS   [-WA]
GS =0010 0000000000000000 ffffffff 00cf9300 DPL=0 DS   [-WA]
LDT=0000 0000000000000000 0000ffff 00008200 DPL=0 LDT
TR =0000 0000000000000000 0000ffff 00008b00 DPL=0 TSS64-busy
GDT=     00000000001918c0 00000017
IDT=     00000000001900a0 00000fff
CR0=80000011 CR2=0000000000000000 CR3=0000000000104000 CR4=00000020
DR0=0000000000000000 DR1=0000000000000000 DR2=0000000000000000 DR3=0000000000000000 
DR6=00000000ffff0ff0 DR7=0000000000000400
CCS=0000000000000014 CCD=0000000000107f58 CCO=EFLAGS
EFER=0000000000000500
